ISO-10303-21;
HEADER;
FILE_DESCRIPTION(('Open CASCADE Model'),'2;1');
FILE_NAME('Open CASCADE Shape Model','2026-09-25T08:59:18',('Author'),(
    'Open CASCADE'),'Open CASCADE STEP processor 7.7','Open CASCADE 7.7'
  ,'Unknown');
FILE_SCHEMA(('AUTOMOTIVE_DESIGN { 1 0 10303 214 1 1 1 1 }'));
ENDSEC;
DATA;
#1 = APPLICATION_PROTOCOL_DEFINITION('international standard',
  'automotive_design',2000,#2);
#2 = APPLICATION_CONTEXT(
  'core data for automotive mechanical design processes');
#3 = SHAPE_DEFINITION_REPRESENTATION(#4,#10);
#4 = PRODUCT_DEFINITION_SHAPE('','',#5);
#5 = PRODUCT_DEFINITION('design','',#6,#9);
#6 = PRODUCT_DEFINITION_FORMATION('','',#7);
#7 = PRODUCT('Open CASCADE STEP translator 7.7 1',
  'Open CASCADE STEP translator 7.7 1','',(#8));
#8 = PRODUCT_CONTEXT('',#2,'mechanical');
#9 = PRODUCT_DEFINITION_CONTEXT('part definition',#2,'design');
#10 = ADVANCED_BREP_SHAPE_REPRESENTATION('',(#11,#15),#7913);
#11 = AXIS2_PLACEMENT_3D('',#12,#13,#14);
#12 = CARTESIAN_POINT('',(0.,0.,0.));
#13 = DIRECTION('',(0.,0.,1.));
#14 = DIRECTION('',(1.,0.,-0.));
#15 = MANIFOLD_SOLID_BREP('',#16);
#16 = CLOSED_SHELL('',(#17,#2909,#2985,#3039,#3089,#3138,#3187,#3237,
    #3291,#3340,#3389,#3439,#3493,#3542,#3591,#3641,#3691,#3740,#3789,
    #3839,#3889,#3938,#3987,#4041,#4091,#4140,#4189,#4243,#4297,#4346,
    #4395,#4449,#4503,#4552,#4601,#4651,#4705,#4754,#4803,#4853,#4903,
    #4952,#5001,#5051,#5101,#5150,#5199,#5249,#5299,#5348,#5397,#5451,
    #5501,#5550,#5599,#5653,#5707,#5734,#5784,#5834,#5884,#5934,#5984,
    #6034,#6084,#6134,#6184,#6234,#6284,#6360,#6409,#6458,#6490,#6540,
    #6616,#6665,#6714,#6746,#6796,#6846,#6896,#6946,#6996,#7046,#7096,
    #7172,#7221,#7275,#7302,#7378,#7427,#7476,#7508,#7558,#7608,#7658,
    #7708,#7758));
#17 = ADVANCED_FACE('',(#18,#1669,#1700,#1731,#1762,#1793,#1824,#1855,
    #1886,#1917,#1948,#1979,#2010,#2134,#2165,#2289,#2320,#2351,#2382,
    #2413,#2444,#2475,#2506,#2630,#2754,#2785,#2816,#2847,#2878),#32,.F.
  );
#18 = FACE_BOUND('',#19,.F.);
#19 = EDGE_LOOP('',(#20,#55,#84,#112,#145,#173,#206,#234,#263,#291,#320,
    #348,#377,#405,#438,#466,#499,#527,#560,#588,#617,#645,#674,#702,
    #731,#759,#788,#816,#849,#877,#910,#938,#971,#999,#1028,#1056,#1085,
    #1113,#1142,#1170,#1199,#1227,#1260,#1288,#1321,#1349,#1382,#1410,
    #1439,#1467,#1496,#1524,#1553,#1581,#1610,#1638));
#20 = ORIENTED_EDGE('',*,*,#21,.T.);
#21 = EDGE_CURVE('',#22,#24,#26,.T.);
#22 = VERTEX_POINT('',#23);
#23 = CARTESIAN_POINT('',(-45.,-33.,0.));
#24 = VERTEX_POINT('',#25);
#25 = CARTESIAN_POINT('',(-45.,-42.,0.));
#26 = SURFACE_CURVE('',#27,(#31,#43),.PCURVE_S1.);
#27 = LINE('',#28,#29);
#28 = CARTESIAN_POINT('',(-45.,-30.,0.));
#29 = VECTOR('',#30,1.);
#30 = DIRECTION('',(0.,-1.,0.));
#31 = PCURVE('',#32,#37);
#32 = PLANE('',#33);
#33 = AXIS2_PLACEMENT_3D('',#34,#35,#36);
#34 = CARTESIAN_POINT('',(0.,0.,0.));
#35 = DIRECTION('',(0.,0.,1.));
#36 = DIRECTION('',(1.,0.,-0.));
#37 = DEFINITIONAL_REPRESENTATION('',(#38),#42);
#38 = LINE('',#39,#40);
#39 = CARTESIAN_POINT('',(-45.,-30.));
#40 = VECTOR('',#41,1.);
#41 = DIRECTION('',(0.,-1.));
#42 = ( GEOMETRIC_REPRESENTATION_CONTEXT(2) 
PARAMETRIC_REPRESENTATION_CONTEXT() REPRESENTATION_CONTEXT('2D SPACE',''
  ) );
#43 = PCURVE('',#44,#49);
#44 = PLANE('',#45);
#45 = AXIS2_PLACEMENT_3D('',#46,#47,#48);
#46 = CARTESIAN_POINT('',(-45.,-30.,0.));
#47 = DIRECTION('',(1.,0.,-0.));
#48 = DIRECTION('',(0.,-1.,0.));
#49 = DEFINITIONAL_REPRESENTATION('',(#50),#54);
#50 = LINE('',#51,#52);
#51 = CARTESIAN_POINT('',(0.,0.));
#52 = VECTOR('',#53,1.);
#53 = DIRECTION('',(1.,0.));
#54 = ( GEOMETRIC_REPRESENTATION_CONTEXT(2) 
PARAMETRIC_REPRESENTATION_CONTEXT() REPRESENTATION_CONTEXT('2D SPACE',''
  ) );
#55 = ORIENTED_EDGE('',*,*,#56,.T.);
#56 = EDGE_CURVE('',#24,#57,#59,.T.);
#57 = VERTEX_POINT('',#58);
#58 = CARTESIAN_POINT('',(-42.,-45.,0.));
#59 = SURFACE_CURVE('',#60,(#65,#72),.PCURVE_S1.);
#60 = CIRCLE('',#61,3.);
#61 = AXIS2_PLACEMENT_3D('',#62,#63,#64);
#62 = CARTESIAN_POINT('',(-42.,-42.,0.));
#63 = DIRECTION('',(0.,0.,1.));
#64 = DIRECTION('',(0.,-1.,0.));
#65 = PCURVE('',#32,#66);
#66 = DEFINITIONAL_REPRESENTATION('',(#67),#71);
#67 = CIRCLE('',#68,3.);
#68 = AXIS2_PLACEMENT_2D('',#69,#70);
#69 = CARTESIAN_POINT('',(-42.,-42.));
#70 = DIRECTION('',(0.,-1.));
#71 = ( GEOMETRIC_REPRESENTATION_CONTEXT(2) 
PARAMETRIC_REPRESENTATION_CONTEXT() REPRESENTATION_CONTEXT('2D SPACE',''
  ) );
#72 = PCURVE('',#73,#78);
#73 = CYLINDRICAL_SURFACE('',#74,3.);
#74 = AXIS2_PLACEMENT_3D('',#75,#76,#77);
#75 = CARTESIAN_POINT('',(-42.,-42.,0.));
#76 = DIRECTION('',(0.,0.,1.));
#77 = DIRECTION('',(-1.,0.,0.));
#78 = DEFINITIONAL_REPRESENTATION('',(#79),#83);
#79 = LINE('',#80,#81);
#80 = CARTESIAN_POINT('',(-4.712388980385,0.));
#81 = VECTOR('',#82,1.);
#82 = DIRECTION('',(1.,0.));
#83 = ( GEOMETRIC_REPRESENTATION_CONTEXT(2) 
PARAMETRIC_REPRESENTATION_CONTEXT() REPRESENTATION_CONTEXT('2D SPACE',''
  ) );
#84 = ORIENTED_EDGE('',*,*,#85,.T.);
#85 = EDGE_CURVE('',#57,#86,#88,.T.);
#86 = VERTEX_POINT('',#87);
#87 = CARTESIAN_POINT('',(-33.,-45.,0.));
#88 = SURFACE_CURVE('',#89,(#93,#100),.PCURVE_S1.);
#89 = LINE('',#90,#91);
#90 = CARTESIAN_POINT('',(-45.,-45.,0.));
#91 = VECTOR('',#92,1.);
#92 = DIRECTION('',(1.,0.,0.));
#93 = PCURVE('',#32,#94);
#94 = DEFINITIONAL_REPRESENTATION('',(#95),#99);
#95 = LINE('',#96,#97);
#96 = CARTESIAN_POINT('',(-45.,-45.));
#97 = VECTOR('',#98,1.);
#98 = DIRECTION('',(1.,0.));
#99 = ( GEOMETRIC_REPRESENTATION_CONTEXT(2) 
PARAMETRIC_REPRESENTATION_CONTEXT() REPRESENTATION_CONTEXT('2D SPACE',''
  ) );
#100 = PCURVE('',#101,#106);
#101 = PLANE('',#102);
#102 = AXIS2_PLACEMENT_3D('',#103,#104,#105);
#103 = CARTESIAN_POINT('',(-45.,-45.,0.));
#104 = DIRECTION('',(0.,1.,0.));
#105 = DIRECTION('',(1.,0.,0.));
#106 = DEFINITIONAL_REPRESENTATION('',(#107),#111);
#107 = LINE('',#108,#109);
#108 = CARTESIAN_POINT('',(0.,0.));
#109 = VECTOR('',#110,1.);
#110 = DIRECTION('',(1.,0.));
#111 = ( GEOMETRIC_REPRESENTATION_CONTEXT(2) 
PARAMETRIC_REPRESENTATION_CONTEXT() REPRESENTATION_CONTEXT('2D SPACE',''
  ) );
#112 = ORIENTED_EDGE('',*,*,#113,.F.);
#113 = EDGE_CURVE('',#114,#86,#116,.T.);
#114 = VERTEX_POINT('',#115);
#115 = CARTESIAN_POINT('',(-30.,-42.,0.));
#116 = SURFACE_CURVE('',#117,(#122,#133),.PCURVE_S1.);
#117 = CIRCLE('',#118,3.);
#118 = AXIS2_PLACEMENT_3D('',#119,#120,#121);
#119 = CARTESIAN_POINT('',(-33.,-42.,0.));
#120 = DIRECTION('',(-0.,-0.,-1.));
#121 = DIRECTION('',(0.,-1.,0.));
#122 = PCURVE('',#32,#123);
#123 = DEFINITIONAL_REPRESENTATION('',(#124),#132);
#124 = ( BOUNDED_CURVE() B_SPLINE_CURVE(2,(#125,#126,#127,#128,#129,#130
,#131),.UNSPECIFIED.,.T.,.F.) B_SPLINE_CURVE_WITH_KNOTS((1,2,2,2,2,1),(
    -2.094395102393,0.,2.094395102393,4.188790204786,6.28318530718,
8.377580409573),.UNSPECIFIED.) CURVE() GEOMETRIC_REPRESENTATION_ITEM() 
RATIONAL_B_SPLINE_CURVE((1.,0.5,1.,0.5,1.,0.5,1.)) REPRESENTATION_ITEM(
  '') );
#125 = CARTESIAN_POINT('',(-33.,-45.));
#126 = CARTESIAN_POINT('',(-38.1961524227,-45.));
#127 = CARTESIAN_POINT('',(-35.59807621135,-40.5));
#128 = CARTESIAN_POINT('',(-33.,-36.));
#129 = CARTESIAN_POINT('',(-30.40192378864,-40.5));
#130 = CARTESIAN_POINT('',(-27.80384757729,-45.));
#131 = CARTESIAN_POINT('',(-33.,-45.));
#132 = ( GEOMETRIC_REPRESENTATION_CONTEXT(2) 
PARAMETRIC_REPRESENTATION_CONTEXT() REPRESENTATION_CONTEXT('2D SPACE',''
  ) );
#133 = PCURVE('',#134,#139);
#134 = CYLINDRICAL_SURFACE('',#135,3.);
#135 = AXIS2_PLACEMENT_3D('',#136,#137,#138);
#136 = CARTESIAN_POINT('',(-33.,-42.,0.));
#137 = DIRECTION('',(0.,0.,1.));
#138 = DIRECTION('',(1.,0.,-0.));
#139 = DEFINITIONAL_REPRESENTATION('',(#140),#144);
#140 = LINE('',#141,#142);
#141 = CARTESIAN_POINT('',(4.712388980385,-0.));
#142 = VECTOR('',#143,1.);
#143 = DIRECTION('',(-1.,0.));
#144 = ( GEOMETRIC_REPRESENTATION_CONTEXT(2) 
PARAMETRIC_REPRESENTATION_CONTEXT() REPRESENTATION_CONTEXT('2D SPACE',''
  ) );
#145 = ORIENTED_EDGE('',*,*,#146,.T.);
#146 = EDGE_CURVE('',#114,#147,#149,.T.);
#147 = VERTEX_POINT('',#148);
#148 = CARTESIAN_POINT('',(-30.,-39.02081528017,0.));
#149 = SURFACE_CURVE('',#150,(#154,#161),.PCURVE_S1.);
#150 = LINE('',#151,#152);
#151 = CARTESIAN_POINT('',(-30.,-45.,0.));
#152 = VECTOR('',#153,1.);
#153 = DIRECTION('',(0.,1.,0.));
#154 = PCURVE('',#32,#155);
#155 = DEFINITIONAL_REPRESENTATION('',(#156),#160);
#156 = LINE('',#157,#158);
#157 = CARTESIAN_POINT('',(-30.,-45.));
#158 = VECTOR('',#159,1.);
#159 = DIRECTION('',(0.,1.));
#160 = ( GEOMETRIC_REPRESENTATION_CONTEXT(2) 
PARAMETRIC_REPRESENTATION_CONTEXT() REPRESENTATION_CONTEXT('2D SPACE',''
  ) );
#161 = PCURVE('',#162,#167);
#162 = PLANE('',#163);
#163 = AXIS2_PLACEMENT_3D('',#164,#165,#166);
#164 = CARTESIAN_POINT('',(-30.,-45.,0.));
#165 = DIRECTION('',(-1.,0.,0.));
#166 = DIRECTION('',(0.,1.,0.));
#167 = DEFINITIONAL_REPRESENTATION('',(#168),#172);
#168 = LINE('',#169,#170);
#169 = CARTESIAN_POINT('',(0.,0.));
#170 = VECTOR('',#171,1.);
#171 = DIRECTION('',(1.,0.));
#172 = ( GEOMETRIC_REPRESENTATION_CONTEXT(2) 
PARAMETRIC_REPRESENTATION_CONTEXT() REPRESENTATION_CONTEXT('2D SPACE',''
  ) );
#173 = ORIENTED_EDGE('',*,*,#174,.T.);
#174 = EDGE_CURVE('',#147,#175,#177,.T.);
#175 = VERTEX_POINT('',#176);
#176 = CARTESIAN_POINT('',(-29.12132034356,-36.89949493661,0.));
#177 = SURFACE_CURVE('',#178,(#183,#194),.PCURVE_S1.);
#178 = CIRCLE('',#179,3.);
#179 = AXIS2_PLACEMENT_3D('',#180,#181,#182);
#180 = CARTESIAN_POINT('',(-27.,-39.02081528017,0.));
#181 = DIRECTION('',(-0.,-0.,-1.));
#182 = DIRECTION('',(0.,-1.,0.));
#183 = PCURVE('',#32,#184);
#184 = DEFINITIONAL_REPRESENTATION('',(#185),#193);
#185 = ( BOUNDED_CURVE() B_SPLINE_CURVE(2,(#186,#187,#188,#189,#190,#191
,#192),.UNSPECIFIED.,.T.,.F.) B_SPLINE_CURVE_WITH_KNOTS((1,2,2,2,2,1),(
    -2.094395102393,0.,2.094395102393,4.188790204786,6.28318530718,
8.377580409573),.UNSPECIFIED.) CURVE() GEOMETRIC_REPRESENTATION_ITEM() 
RATIONAL_B_SPLINE_CURVE((1.,0.5,1.,0.5,1.,0.5,1.)) REPRESENTATION_ITEM(
  '') );
#186 = CARTESIAN_POINT('',(-27.,-42.02081528017));
#187 = CARTESIAN_POINT('',(-32.1961524227,-42.02081528017));
#188 = CARTESIAN_POINT('',(-29.59807621135,-37.52081528017));
#189 = CARTESIAN_POINT('',(-27.,-33.02081528017));
#190 = CARTESIAN_POINT('',(-24.40192378864,-37.52081528017));
#191 = CARTESIAN_POINT('',(-21.80384757729,-42.02081528017));
#192 = CARTESIAN_POINT('',(-27.,-42.02081528017));
#193 = ( GEOMETRIC_REPRESENTATION_CONTEXT(2) 
PARAMETRIC_REPRESENTATION_CONTEXT() REPRESENTATION_CONTEXT('2D SPACE',''
  ) );
#194 = PCURVE('',#195,#200);
#195 = CYLINDRICAL_SURFACE('',#196,3.);
#196 = AXIS2_PLACEMENT_3D('',#197,#198,#199);
#197 = CARTESIAN_POINT('',(-27.,-39.02081528017,0.));
#198 = DIRECTION('',(0.,0.,1.));
#199 = DIRECTION('',(-1.,0.,0.));
#200 = DEFINITIONAL_REPRESENTATION('',(#201),#205);
#201 = LINE('',#202,#203);
#202 = CARTESIAN_POINT('',(1.570796326795,-0.));
#203 = VECTOR('',#204,1.);
#204 = DIRECTION('',(-1.,0.));
#205 = ( GEOMETRIC_REPRESENTATION_CONTEXT(2) 
PARAMETRIC_REPRESENTATION_CONTEXT() REPRESENTATION_CONTEXT('2D SPACE',''
  ) );
#206 = ORIENTED_EDGE('',*,*,#207,.T.);
#207 = EDGE_CURVE('',#175,#208,#210,.T.);
#208 = VERTEX_POINT('',#209);
#209 = CARTESIAN_POINT('',(-16.10050506338,-23.87867965644,0.));
#210 = SURFACE_CURVE('',#211,(#215,#222),.PCURVE_S1.);
#211 = LINE('',#212,#213);
#212 = CARTESIAN_POINT('',(-33.61091270347,-41.38908729652,0.));
#213 = VECTOR('',#214,1.);
#214 = DIRECTION('',(0.707106781187,0.707106781187,0.));
#215 = PCURVE('',#32,#216);
#216 = DEFINITIONAL_REPRESENTATION('',(#217),#221);
#217 = LINE('',#218,#219);
#218 = CARTESIAN_POINT('',(-33.61091270347,-41.38908729652));
#219 = VECTOR('',#220,1.);
#220 = DIRECTION('',(0.707106781187,0.707106781187));
#221 = ( GEOMETRIC_REPRESENTATION_CONTEXT(2) 
PARAMETRIC_REPRESENTATION_CONTEXT() REPRESENTATION_CONTEXT('2D SPACE',''
  ) );
#222 = PCURVE('',#223,#228);
#223 = PLANE('',#224);
#224 = AXIS2_PLACEMENT_3D('',#225,#226,#227);
#225 = CARTESIAN_POINT('',(-33.61091270347,-41.38908729652,0.));
#226 = DIRECTION('',(-0.707106781187,0.707106781187,0.));
#227 = DIRECTION('',(0.707106781187,0.707106781187,0.));
#228 = DEFINITIONAL_REPRESENTATION('',(#229),#233);
#229 = LINE('',#230,#231);
#230 = CARTESIAN_POINT('',(0.,0.));
#231 = VECTOR('',#232,1.);
#232 = DIRECTION('',(1.,0.));
#233 = ( GEOMETRIC_REPRESENTATION_CONTEXT(2) 
PARAMETRIC_REPRESENTATION_CONTEXT() REPRESENTATION_CONTEXT('2D SPACE',''
  ) );
#234 = ORIENTED_EDGE('',*,*,#235,.F.);
#235 = EDGE_CURVE('',#236,#208,#238,.T.);
#236 = VERTEX_POINT('',#237);
#237 = CARTESIAN_POINT('',(-13.97918471982,-23.,0.));
#238 = SURFACE_CURVE('',#239,(#244,#251),.PCURVE_S1.);
#239 = CIRCLE('',#240,3.);
#240 = AXIS2_PLACEMENT_3D('',#241,#242,#243);
#241 = CARTESIAN_POINT('',(-13.97918471982,-26.,0.));
#242 = DIRECTION('',(0.,-0.,1.));
#243 = DIRECTION('',(0.,-1.,-0.));
#244 = PCURVE('',#32,#245);
#245 = DEFINITIONAL_REPRESENTATION('',(#246),#250);
#246 = CIRCLE('',#247,3.);
#247 = AXIS2_PLACEMENT_2D('',#248,#249);
#248 = CARTESIAN_POINT('',(-13.97918471982,-26.));
#249 = DIRECTION('',(0.,-1.));
#250 = ( GEOMETRIC_REPRESENTATION_CONTEXT(2) 
PARAMETRIC_REPRESENTATION_CONTEXT() REPRESENTATION_CONTEXT('2D SPACE',''
  ) );
#251 = PCURVE('',#252,#257);
#252 = CYLINDRICAL_SURFACE('',#253,3.);
#253 = AXIS2_PLACEMENT_3D('',#254,#255,#256);
#254 = CARTESIAN_POINT('',(-13.97918471982,-26.,0.));
#255 = DIRECTION('',(0.,-0.,1.));
#256 = DIRECTION('',(-0.,1.,0.));
#257 = DEFINITIONAL_REPRESENTATION('',(#258),#262);
#258 = LINE('',#259,#260);
#259 = CARTESIAN_POINT('',(-3.14159265359,0.));
#260 = VECTOR('',#261,1.);
#261 = DIRECTION('',(1.,0.));
#262 = ( GEOMETRIC_REPRESENTATION_CONTEXT(2) 
PARAMETRIC_REPRESENTATION_CONTEXT() REPRESENTATION_CONTEXT('2D SPACE',''
  ) );
#263 = ORIENTED_EDGE('',*,*,#264,.T.);
#264 = EDGE_CURVE('',#236,#265,#267,.T.);
#265 = VERTEX_POINT('',#266);
#266 = CARTESIAN_POINT('',(13.979184719829,-23.,0.));
#267 = SURFACE_CURVE('',#268,(#272,#279),.PCURVE_S1.);
#268 = LINE('',#269,#270);
#269 = CARTESIAN_POINT('',(-23.,-23.,0.));
#270 = VECTOR('',#271,1.);
#271 = DIRECTION('',(1.,0.,0.));
#272 = PCURVE('',#32,#273);
#273 = DEFINITIONAL_REPRESENTATION('',(#274),#278);
#274 = LINE('',#275,#276);
#275 = CARTESIAN_POINT('',(-23.,-23.));
#276 = VECTOR('',#277,1.);
#277 = DIRECTION('',(1.,0.));
#278 = ( GEOMETRIC_REPRESENTATION_CONTEXT(2) 
PARAMETRIC_REPRESENTATION_CONTEXT() REPRESENTATION_CONTEXT('2D SPACE',''
  ) );
#279 = PCURVE('',#280,#285);
#280 = PLANE('',#281);
#281 = AXIS2_PLACEMENT_3D('',#282,#283,#284);
#282 = CARTESIAN_POINT('',(-23.,-23.,0.));
#283 = DIRECTION('',(0.,1.,0.));
#284 = DIRECTION('',(1.,0.,0.));
#285 = DEFINITIONAL_REPRESENTATION('',(#286),#290);
#286 = LINE('',#287,#288);
#287 = CARTESIAN_POINT('',(0.,0.));
#288 = VECTOR('',#289,1.);
#289 = DIRECTION('',(1.,0.));
#290 = ( GEOMETRIC_REPRESENTATION_CONTEXT(2) 
PARAMETRIC_REPRESENTATION_CONTEXT() REPRESENTATION_CONTEXT('2D SPACE',''
  ) );
#291 = ORIENTED_EDGE('',*,*,#292,.F.);
#292 = EDGE_CURVE('',#293,#265,#295,.T.);
#293 = VERTEX_POINT('',#294);
#294 = CARTESIAN_POINT('',(16.100505063388,-23.87867965644,0.));
#295 = SURFACE_CURVE('',#296,(#301,#308),.PCURVE_S1.);
#296 = CIRCLE('',#297,3.);
#297 = AXIS2_PLACEMENT_3D('',#298,#299,#300);
#298 = CARTESIAN_POINT('',(13.979184719829,-26.,0.));
#299 = DIRECTION('',(0.,-0.,1.));
#300 = DIRECTION('',(0.,1.,0.));
#301 = PCURVE('',#32,#302);
#302 = DEFINITIONAL_REPRESENTATION('',(#303),#307);
#303 = CIRCLE('',#304,3.);
#304 = AXIS2_PLACEMENT_2D('',#305,#306);
#305 = CARTESIAN_POINT('',(13.979184719829,-26.));
#306 = DIRECTION('',(0.,1.));
#307 = ( GEOMETRIC_REPRESENTATION_CONTEXT(2) 
PARAMETRIC_REPRESENTATION_CONTEXT() REPRESENTATION_CONTEXT('2D SPACE',''
  ) );
#308 = PCURVE('',#309,#314);
#309 = CYLINDRICAL_SURFACE('',#310,3.);
#310 = AXIS2_PLACEMENT_3D('',#311,#312,#313);
#311 = CARTESIAN_POINT('',(13.979184719829,-26.,2.5));
#312 = DIRECTION('',(-0.,0.,-1.));
#313 = DIRECTION('',(0.707106781187,0.707106781187,0.));
#314 = DEFINITIONAL_REPRESENTATION('',(#315),#319);
#315 = LINE('',#316,#317);
#316 = CARTESIAN_POINT('',(5.497787143782,2.5));
#317 = VECTOR('',#318,1.);
#318 = DIRECTION('',(-1.,0.));
#319 = ( GEOMETRIC_REPRESENTATION_CONTEXT(2) 
PARAMETRIC_REPRESENTATION_CONTEXT() REPRESENTATION_CONTEXT('2D SPACE',''
  ) );
#320 = ORIENTED_EDGE('',*,*,#321,.T.);
#321 = EDGE_CURVE('',#293,#322,#324,.T.);
#322 = VERTEX_POINT('',#323);
#323 = CARTESIAN_POINT('',(29.12132034356,-36.89949493661,0.));
#324 = SURFACE_CURVE('',#325,(#329,#336),.PCURVE_S1.);
#325 = LINE('',#326,#327);
#326 = CARTESIAN_POINT('',(-3.889087296526,-3.889087296526,0.));
#327 = VECTOR('',#328,1.);
#328 = DIRECTION('',(0.707106781187,-0.707106781187,0.));
#329 = PCURVE('',#32,#330);
#330 = DEFINITIONAL_REPRESENTATION('',(#331),#335);
#331 = LINE('',#332,#333);
#332 = CARTESIAN_POINT('',(-3.889087296526,-3.889087296526));
#333 = VECTOR('',#334,1.);
#334 = DIRECTION('',(0.707106781187,-0.707106781187));
#335 = ( GEOMETRIC_REPRESENTATION_CONTEXT(2) 
PARAMETRIC_REPRESENTATION_CONTEXT() REPRESENTATION_CONTEXT('2D SPACE',''
  ) );
#336 = PCURVE('',#337,#342);
#337 = PLANE('',#338);
#338 = AXIS2_PLACEMENT_3D('',#339,#340,#341);
#339 = CARTESIAN_POINT('',(-3.889087296526,-3.889087296526,0.));
#340 = DIRECTION('',(0.707106781187,0.707106781187,-0.));
#341 = DIRECTION('',(0.707106781187,-0.707106781187,0.));
#342 = DEFINITIONAL_REPRESENTATION('',(#343),#347);
#343 = LINE('',#344,#345);
#344 = CARTESIAN_POINT('',(0.,0.));
#345 = VECTOR('',#346,1.);
#346 = DIRECTION('',(1.,0.));
#347 = ( GEOMETRIC_REPRESENTATION_CONTEXT(2) 
PARAMETRIC_REPRESENTATION_CONTEXT() REPRESENTATION_CONTEXT('2D SPACE',''
  ) );
#348 = ORIENTED_EDGE('',*,*,#349,.F.);
#349 = EDGE_CURVE('',#350,#322,#352,.T.);
#350 = VERTEX_POINT('',#351);
#351 = CARTESIAN_POINT('',(30.,-39.02081528017,0.));
#352 = SURFACE_CURVE('',#353,(#358,#365),.PCURVE_S1.);
#353 = CIRCLE('',#354,3.);
#354 = AXIS2_PLACEMENT_3D('',#355,#356,#357);
#355 = CARTESIAN_POINT('',(27.,-39.02081528017,0.));
#356 = DIRECTION('',(0.,-0.,1.));
#357 = DIRECTION('',(0.,1.,0.));
#358 = PCURVE('',#32,#359);
#359 = DEFINITIONAL_REPRESENTATION('',(#360),#364);
#360 = CIRCLE('',#361,3.);
#361 = AXIS2_PLACEMENT_2D('',#362,#363);
#362 = CARTESIAN_POINT('',(27.,-39.02081528017));
#363 = DIRECTION('',(0.,1.));
#364 = ( GEOMETRIC_REPRESENTATION_CONTEXT(2) 
PARAMETRIC_REPRESENTATION_CONTEXT() REPRESENTATION_CONTEXT('2D SPACE',''
  ) );
#365 = PCURVE('',#366,#371);
#366 = CYLINDRICAL_SURFACE('',#367,3.);
#367 = AXIS2_PLACEMENT_3D('',#368,#369,#370);
#368 = CARTESIAN_POINT('',(27.,-39.02081528017,2.5));
#369 = DIRECTION('',(0.,0.,-1.));
#370 = DIRECTION('',(1.,0.,0.));
#371 = DEFINITIONAL_REPRESENTATION('',(#372),#376);
#372 = LINE('',#373,#374);
#373 = CARTESIAN_POINT('',(4.712388980385,2.5));
#374 = VECTOR('',#375,1.);
#375 = DIRECTION('',(-1.,0.));
#376 = ( GEOMETRIC_REPRESENTATION_CONTEXT(2) 
PARAMETRIC_REPRESENTATION_CONTEXT() REPRESENTATION_CONTEXT('2D SPACE',''
  ) );
#377 = ORIENTED_EDGE('',*,*,#378,.T.);
#378 = EDGE_CURVE('',#350,#379,#381,.T.);
#379 = VERTEX_POINT('',#380);
#380 = CARTESIAN_POINT('',(30.,-42.,0.));
#381 = SURFACE_CURVE('',#382,(#386,#393),.PCURVE_S1.);
#382 = LINE('',#383,#384);
#383 = CARTESIAN_POINT('',(30.,-30.,0.));
#384 = VECTOR('',#385,1.);
#385 = DIRECTION('',(0.,-1.,0.));
#386 = PCURVE('',#32,#387);
#387 = DEFINITIONAL_REPRESENTATION('',(#388),#392);
#388 = LINE('',#389,#390);
#389 = CARTESIAN_POINT('',(30.,-30.));
#390 = VECTOR('',#391,1.);
#391 = DIRECTION('',(0.,-1.));
#392 = ( GEOMETRIC_REPRESENTATION_CONTEXT(2) 
PARAMETRIC_REPRESENTATION_CONTEXT() REPRESENTATION_CONTEXT('2D SPACE',''
  ) );
#393 = PCURVE('',#394,#399);
#394 = PLANE('',#395);
#395 = AXIS2_PLACEMENT_3D('',#396,#397,#398);
#396 = CARTESIAN_POINT('',(30.,-30.,0.));
#397 = DIRECTION('',(1.,0.,-0.));
#398 = DIRECTION('',(0.,-1.,0.));
#399 = DEFINITIONAL_REPRESENTATION('',(#400),#404);
#400 = LINE('',#401,#402);
#401 = CARTESIAN_POINT('',(0.,0.));
#402 = VECTOR('',#403,1.);
#403 = DIRECTION('',(1.,0.));
#404 = ( GEOMETRIC_REPRESENTATION_CONTEXT(2) 
PARAMETRIC_REPRESENTATION_CONTEXT() REPRESENTATION_CONTEXT('2D SPACE',''
  ) );
#405 = ORIENTED_EDGE('',*,*,#406,.F.);
#406 = EDGE_CURVE('',#407,#379,#409,.T.);
#407 = VERTEX_POINT('',#408);
#408 = CARTESIAN_POINT('',(33.,-45.,0.));
#409 = SURFACE_CURVE('',#410,(#415,#426),.PCURVE_S1.);
#410 = CIRCLE('',#411,3.);
#411 = AXIS2_PLACEMENT_3D('',#412,#413,#414);
#412 = CARTESIAN_POINT('',(33.,-42.,0.));
#413 = DIRECTION('',(-0.,-0.,-1.));
#414 = DIRECTION('',(0.,-1.,0.));
#415 = PCURVE('',#32,#416);
#416 = DEFINITIONAL_REPRESENTATION('',(#417),#425);
#417 = ( BOUNDED_CURVE() B_SPLINE_CURVE(2,(#418,#419,#420,#421,#422,#423
,#424),.UNSPECIFIED.,.T.,.F.) B_SPLINE_CURVE_WITH_KNOTS((1,2,2,2,2,1),(
    -2.094395102393,0.,2.094395102393,4.188790204786,6.28318530718,
8.377580409573),.UNSPECIFIED.) CURVE() GEOMETRIC_REPRESENTATION_ITEM() 
RATIONAL_B_SPLINE_CURVE((1.,0.5,1.,0.5,1.,0.5,1.)) REPRESENTATION_ITEM(
  '') );
#418 = CARTESIAN_POINT('',(33.,-45.));
#419 = CARTESIAN_POINT('',(27.803847577293,-45.));
#420 = CARTESIAN_POINT('',(30.401923788647,-40.5));
#421 = CARTESIAN_POINT('',(33.,-36.));
#422 = CARTESIAN_POINT('',(35.598076211353,-40.5));
#423 = CARTESIAN_POINT('',(38.196152422707,-45.));
#424 = CARTESIAN_POINT('',(33.,-45.));
#425 = ( GEOMETRIC_REPRESENTATION_CONTEXT(2) 
PARAMETRIC_REPRESENTATION_CONTEXT() REPRESENTATION_CONTEXT('2D SPACE',''
  ) );
#426 = PCURVE('',#427,#432);
#427 = CYLINDRICAL_SURFACE('',#428,3.);
#428 = AXIS2_PLACEMENT_3D('',#429,#430,#431);
#429 = CARTESIAN_POINT('',(33.,-42.,0.));
#430 = DIRECTION('',(0.,0.,1.));
#431 = DIRECTION('',(0.,-1.,0.));
#432 = DEFINITIONAL_REPRESENTATION('',(#433),#437);
#433 = LINE('',#434,#435);
#434 = CARTESIAN_POINT('',(-0.,0.));
#435 = VECTOR('',#436,1.);
#436 = DIRECTION('',(-1.,0.));
#437 = ( GEOMETRIC_REPRESENTATION_CONTEXT(2) 
PARAMETRIC_REPRESENTATION_CONTEXT() REPRESENTATION_CONTEXT('2D SPACE',''
  ) );
#438 = ORIENTED_EDGE('',*,*,#439,.T.);
#439 = EDGE_CURVE('',#407,#440,#442,.T.);
#440 = VERTEX_POINT('',#441);
#441 = CARTESIAN_POINT('',(42.,-45.,0.));
#442 = SURFACE_CURVE('',#443,(#447,#454),.PCURVE_S1.);
#443 = LINE('',#444,#445);
#444 = CARTESIAN_POINT('',(30.,-45.,0.));
#445 = VECTOR('',#446,1.);
#446 = DIRECTION('',(1.,0.,0.));
#447 = PCURVE('',#32,#448);
#448 = DEFINITIONAL_REPRESENTATION('',(#449),#453);
#449 = LINE('',#450,#451);
#450 = CARTESIAN_POINT('',(30.,-45.));
#451 = VECTOR('',#452,1.);
#452 = DIRECTION('',(1.,0.));
#453 = ( GEOMETRIC_REPRESENTATION_CONTEXT(2) 
PARAMETRIC_REPRESENTATION_CONTEXT() REPRESENTATION_CONTEXT('2D SPACE',''
  ) );
#454 = PCURVE('',#455,#460);
#455 = PLANE('',#456);
#456 = AXIS2_PLACEMENT_3D('',#457,#458,#459);
#457 = CARTESIAN_POINT('',(30.,-45.,0.));
#458 = DIRECTION('',(0.,1.,0.));
#459 = DIRECTION('',(1.,0.,0.));
#460 = DEFINITIONAL_REPRESENTATION('',(#461),#465);
#461 = LINE('',#462,#463);
#462 = CARTESIAN_POINT('',(0.,0.));
#463 = VECTOR('',#464,1.);
#464 = DIRECTION('',(1.,0.));
#465 = ( GEOMETRIC_REPRESENTATION_CONTEXT(2) 
PARAMETRIC_REPRESENTATION_CONTEXT() REPRESENTATION_CONTEXT('2D SPACE',''
  ) );
#466 = ORIENTED_EDGE('',*,*,#467,.F.);
#467 = EDGE_CURVE('',#468,#440,#470,.T.);
#468 = VERTEX_POINT('',#469);
#469 = CARTESIAN_POINT('',(45.,-42.,0.));
#470 = SURFACE_CURVE('',#471,(#476,#487),.PCURVE_S1.);
#471 = CIRCLE('',#472,3.);
#472 = AXIS2_PLACEMENT_3D('',#473,#474,#475);
#473 = CARTESIAN_POINT('',(42.,-42.,0.));
#474 = DIRECTION('',(-0.,-0.,-1.));
#475 = DIRECTION('',(0.,-1.,0.));
#476 = PCURVE('',#32,#477);
#477 = DEFINITIONAL_REPRESENTATION('',(#478),#486);
#478 = ( BOUNDED_CURVE() B_SPLINE_CURVE(2,(#479,#480,#481,#482,#483,#484
,#485),.UNSPECIFIED.,.T.,.F.) B_SPLINE_CURVE_WITH_KNOTS((1,2,2,2,2,1),(
    -2.094395102393,0.,2.094395102393,4.188790204786,6.28318530718,
8.377580409573),.UNSPECIFIED.) CURVE() GEOMETRIC_REPRESENTATION_ITEM() 
RATIONAL_B_SPLINE_CURVE((1.,0.5,1.,0.5,1.,0.5,1.)) REPRESENTATION_ITEM(
  '') );
#479 = CARTESIAN_POINT('',(42.,-45.));
#480 = CARTESIAN_POINT('',(36.803847577293,-45.));
#481 = CARTESIAN_POINT('',(39.401923788647,-40.5));
#482 = CARTESIAN_POINT('',(42.,-36.));
#483 = CARTESIAN_POINT('',(44.598076211353,-40.5));
#484 = CARTESIAN_POINT('',(47.196152422707,-45.));
#485 = CARTESIAN_POINT('',(42.,-45.));
#486 = ( GEOMETRIC_REPRESENTATION_CONTEXT(2) 
PARAMETRIC_REPRESENTATION_CONTEXT() REPRESENTATION_CONTEXT('2D SPACE',''
  ) );
#487 = PCURVE('',#488,#493);
#488 = CYLINDRICAL_SURFACE('',#489,3.);
#489 = AXIS2_PLACEMENT_3D('',#490,#491,#492);
#490 = CARTESIAN_POINT('',(42.,-42.,0.));
#491 = DIRECTION('',(0.,0.,1.));
#492 = DIRECTION('',(1.,0.,-0.));
#493 = DEFINITIONAL_REPRESENTATION('',(#494),#498);
#494 = LINE('',#495,#496);
#495 = CARTESIAN_POINT('',(4.712388980385,-0.));
#496 = VECTOR('',#497,1.);
#497 = DIRECTION('',(-1.,0.));
#498 = ( GEOMETRIC_REPRESENTATION_CONTEXT(2) 
PARAMETRIC_REPRESENTATION_CONTEXT() REPRESENTATION_CONTEXT('2D SPACE',''
  ) );
#499 = ORIENTED_EDGE('',*,*,#500,.T.);
#500 = EDGE_CURVE('',#468,#501,#503,.T.);
#501 = VERTEX_POINT('',#502);
#502 = CARTESIAN_POINT('',(45.,-33.,0.));
#503 = SURFACE_CURVE('',#504,(#508,#515),.PCURVE_S1.);
#504 = LINE('',#505,#506);
#505 = CARTESIAN_POINT('',(45.,-45.,0.));
#506 = VECTOR('',#507,1.);
#507 = DIRECTION('',(0.,1.,0.));
#508 = PCURVE('',#32,#509);
#509 = DEFINITIONAL_REPRESENTATION('',(#510),#514);
#510 = LINE('',#511,#512);
#511 = CARTESIAN_POINT('',(45.,-45.));
#512 = VECTOR('',#513,1.);
#513 = DIRECTION('',(0.,1.));
#514 = ( GEOMETRIC_REPRESENTATION_CONTEXT(2) 
PARAMETRIC_REPRESENTATION_CONTEXT() REPRESENTATION_CONTEXT('2D SPACE',''
  ) );
#515 = PCURVE('',#516,#521);
#516 = PLANE('',#517);
#517 = AXIS2_PLACEMENT_3D('',#518,#519,#520);
#518 = CARTESIAN_POINT('',(45.,-45.,0.));
#519 = DIRECTION('',(-1.,0.,0.));
#520 = DIRECTION('',(0.,1.,0.));
#521 = DEFINITIONAL_REPRESENTATION('',(#522),#526);
#522 = LINE('',#523,#524);
#523 = CARTESIAN_POINT('',(0.,0.));
#524 = VECTOR('',#525,1.);
#525 = DIRECTION('',(1.,0.));
#526 = ( GEOMETRIC_REPRESENTATION_CONTEXT(2) 
PARAMETRIC_REPRESENTATION_CONTEXT() REPRESENTATION_CONTEXT('2D SPACE',''
  ) );
#527 = ORIENTED_EDGE('',*,*,#528,.F.);
#528 = EDGE_CURVE('',#529,#501,#531,.T.);
#529 = VERTEX_POINT('',#530);
#530 = CARTESIAN_POINT('',(42.,-30.,0.));
#531 = SURFACE_CURVE('',#532,(#537,#548),.PCURVE_S1.);
#532 = CIRCLE('',#533,3.);
#533 = AXIS2_PLACEMENT_3D('',#534,#535,#536);
#534 = CARTESIAN_POINT('',(42.,-33.,0.));
#535 = DIRECTION('',(-0.,-0.,-1.));
#536 = DIRECTION('',(0.,-1.,0.));
#537 = PCURVE('',#32,#538);
#538 = DEFINITIONAL_REPRESENTATION('',(#539),#547);
#539 = ( BOUNDED_CURVE() B_SPLINE_CURVE(2,(#540,#541,#542,#543,#544,#545
,#546),.UNSPECIFIED.,.T.,.F.) B_SPLINE_CURVE_WITH_KNOTS((1,2,2,2,2,1),(
    -2.094395102393,0.,2.094395102393,4.188790204786,6.28318530718,
8.377580409573),.UNSPECIFIED.) CURVE() GEOMETRIC_REPRESENTATION_ITEM() 
RATIONAL_B_SPLINE_CURVE((1.,0.5,1.,0.5,1.,0.5,1.)) REPRESENTATION_ITEM(
  '') );
#540 = CARTESIAN_POINT('',(42.,-36.));
#541 = CARTESIAN_POINT('',(36.803847577293,-36.));
#542 = CARTESIAN_POINT('',(39.401923788647,-31.5));
#543 = CARTESIAN_POINT('',(42.,-27.));
#544 = CARTESIAN_POINT('',(44.598076211353,-31.5));
#545 = CARTESIAN_POINT('',(47.196152422707,-36.));
#546 = CARTESIAN_POINT('',(42.,-36.));
#547 = ( GEOMETRIC_REPRESENTATION_CONTEXT(2) 
PARAMETRIC_REPRESENTATION_CONTEXT() REPRESENTATION_CONTEXT('2D SPACE',''
  ) );
#548 = PCURVE('',#549,#554);
#549 = CYLINDRICAL_SURFACE('',#550,3.);
#550 = AXIS2_PLACEMENT_3D('',#551,#552,#553);
#551 = CARTESIAN_POINT('',(42.,-33.,0.));
#552 = DIRECTION('',(0.,0.,1.));
#553 = DIRECTION('',(-0.,1.,0.));
#554 = DEFINITIONAL_REPRESENTATION('',(#555),#559);
#555 = LINE('',#556,#557);
#556 = CARTESIAN_POINT('',(3.14159265359,-0.));
#557 = VECTOR('',#558,1.);
#558 = DIRECTION('',(-1.,0.));
#559 = ( GEOMETRIC_REPRESENTATION_CONTEXT(2) 
PARAMETRIC_REPRESENTATION_CONTEXT() REPRESENTATION_CONTEXT('2D SPACE',''
  ) );
#560 = ORIENTED_EDGE('',*,*,#561,.T.);
#561 = EDGE_CURVE('',#529,#562,#564,.T.);
#562 = VERTEX_POINT('',#563);
#563 = CARTESIAN_POINT('',(39.020815280171,-30.,0.));
#564 = SURFACE_CURVE('',#565,(#569,#576),.PCURVE_S1.);
#565 = LINE('',#566,#567);
#566 = CARTESIAN_POINT('',(45.,-30.,0.));
#567 = VECTOR('',#568,1.);
#568 = DIRECTION('',(-1.,0.,0.));
#569 = PCURVE('',#32,#570);
#570 = DEFINITIONAL_REPRESENTATION('',(#571),#575);
#571 = LINE('',#572,#573);
#572 = CARTESIAN_POINT('',(45.,-30.));
#573 = VECTOR('',#574,1.);
#574 = DIRECTION('',(-1.,0.));
#575 = ( GEOMETRIC_REPRESENTATION_CONTEXT(2) 
PARAMETRIC_REPRESENTATION_CONTEXT() REPRESENTATION_CONTEXT('2D SPACE',''
  ) );
#576 = PCURVE('',#577,#582);
#577 = PLANE('',#578);
#578 = AXIS2_PLACEMENT_3D('',#579,#580,#581);
#579 = CARTESIAN_POINT('',(45.,-30.,0.));
#580 = DIRECTION('',(0.,-1.,0.));
#581 = DIRECTION('',(-1.,0.,0.));
#582 = DEFINITIONAL_REPRESENTATION('',(#583),#587);
#583 = LINE('',#584,#585);
#584 = CARTESIAN_POINT('',(0.,-0.));
#585 = VECTOR('',#586,1.);
#586 = DIRECTION('',(1.,0.));
#587 = ( GEOMETRIC_REPRESENTATION_CONTEXT(2) 
PARAMETRIC_REPRESENTATION_CONTEXT() REPRESENTATION_CONTEXT('2D SPACE',''
  ) );
#588 = ORIENTED_EDGE('',*,*,#589,.F.);
#589 = EDGE_CURVE('',#590,#562,#592,.T.);
#590 = VERTEX_POINT('',#591);
#591 = CARTESIAN_POINT('',(36.899494936612,-29.12132034356,0.));
#592 = SURFACE_CURVE('',#593,(#598,#605),.PCURVE_S1.);
#593 = CIRCLE('',#594,3.);
#594 = AXIS2_PLACEMENT_3D('',#595,#596,#597);
#595 = CARTESIAN_POINT('',(39.020815280171,-27.,0.));
#596 = DIRECTION('',(0.,0.,1.));
#597 = DIRECTION('',(0.,-1.,0.));
#598 = PCURVE('',#32,#599);
#599 = DEFINITIONAL_REPRESENTATION('',(#600),#604);
#600 = CIRCLE('',#601,3.);
#601 = AXIS2_PLACEMENT_2D('',#602,#603);
#602 = CARTESIAN_POINT('',(39.020815280171,-27.));
#603 = DIRECTION('',(0.,-1.));
#604 = ( GEOMETRIC_REPRESENTATION_CONTEXT(2) 
PARAMETRIC_REPRESENTATION_CONTEXT() REPRESENTATION_CONTEXT('2D SPACE',''
  ) );
#605 = PCURVE('',#606,#611);
#606 = CYLINDRICAL_SURFACE('',#607,3.);
#607 = AXIS2_PLACEMENT_3D('',#608,#609,#610);
#608 = CARTESIAN_POINT('',(39.020815280171,-27.,0.));
#609 = DIRECTION('',(0.,0.,1.));
#610 = DIRECTION('',(-0.707106781187,-0.707106781187,0.));
#611 = DEFINITIONAL_REPRESENTATION('',(#612),#616);
#612 = LINE('',#613,#614);
#613 = CARTESIAN_POINT('',(-5.497787143782,0.));
#614 = VECTOR('',#615,1.);
#615 = DIRECTION('',(1.,0.));
#616 = ( GEOMETRIC_REPRESENTATION_CONTEXT(2) 
PARAMETRIC_REPRESENTATION_CONTEXT() REPRESENTATION_CONTEXT('2D SPACE',''
  ) );
#617 = ORIENTED_EDGE('',*,*,#618,.T.);
#618 = EDGE_CURVE('',#590,#619,#621,.T.);
#619 = VERTEX_POINT('',#620);
#620 = CARTESIAN_POINT('',(23.87867965644,-16.10050506338,0.));
#621 = SURFACE_CURVE('',#622,(#626,#633),.PCURVE_S1.);
#622 = LINE('',#623,#624);
#623 = CARTESIAN_POINT('',(41.389087296526,-33.61091270347,0.));
#624 = VECTOR('',#625,1.);
#625 = DIRECTION('',(-0.707106781187,0.707106781187,0.));
#626 = PCURVE('',#32,#627);
#627 = DEFINITIONAL_REPRESENTATION('',(#628),#632);
#628 = LINE('',#629,#630);
#629 = CARTESIAN_POINT('',(41.389087296526,-33.61091270347));
#630 = VECTOR('',#631,1.);
#631 = DIRECTION('',(-0.707106781187,0.707106781187));
#632 = ( GEOMETRIC_REPRESENTATION_CONTEXT(2) 
PARAMETRIC_REPRESENTATION_CONTEXT() REPRESENTATION_CONTEXT('2D SPACE',''
  ) );
#633 = PCURVE('',#634,#639);
#634 = PLANE('',#635);
#635 = AXIS2_PLACEMENT_3D('',#636,#637,#638);
#636 = CARTESIAN_POINT('',(41.389087296526,-33.61091270347,0.));
#637 = DIRECTION('',(-0.707106781187,-0.707106781187,0.));
#638 = DIRECTION('',(-0.707106781187,0.707106781187,0.));
#639 = DEFINITIONAL_REPRESENTATION('',(#640),#644);
#640 = LINE('',#641,#642);
#641 = CARTESIAN_POINT('',(0.,0.));
#642 = VECTOR('',#643,1.);
#643 = DIRECTION('',(1.,0.));
#644 = ( GEOMETRIC_REPRESENTATION_CONTEXT(2) 
PARAMETRIC_REPRESENTATION_CONTEXT() REPRESENTATION_CONTEXT('2D SPACE',''
  ) );
#645 = ORIENTED_EDGE('',*,*,#646,.F.);
#646 = EDGE_CURVE('',#647,#619,#649,.T.);
#647 = VERTEX_POINT('',#648);
#648 = CARTESIAN_POINT('',(23.,-13.97918471982,0.));
#649 = SURFACE_CURVE('',#650,(#655,#662),.PCURVE_S1.);
#650 = CIRCLE('',#651,3.);
#651 = AXIS2_PLACEMENT_3D('',#652,#653,#654);
#652 = CARTESIAN_POINT('',(26.,-13.97918471982,0.));
#653 = DIRECTION('',(0.,0.,1.));
#654 = DIRECTION('',(0.,-1.,0.));
#655 = PCURVE('',#32,#656);
#656 = DEFINITIONAL_REPRESENTATION('',(#657),#661);
#657 = CIRCLE('',#658,3.);
#658 = AXIS2_PLACEMENT_2D('',#659,#660);
#659 = CARTESIAN_POINT('',(26.,-13.97918471982));
#660 = DIRECTION('',(0.,-1.));
#661 = ( GEOMETRIC_REPRESENTATION_CONTEXT(2) 
PARAMETRIC_REPRESENTATION_CONTEXT() REPRESENTATION_CONTEXT('2D SPACE',''
  ) );
#662 = PCURVE('',#663,#668);
#663 = CYLINDRICAL_SURFACE('',#664,3.);
#664 = AXIS2_PLACEMENT_3D('',#665,#666,#667);
#665 = CARTESIAN_POINT('',(26.,-13.97918471982,0.));
#666 = DIRECTION('',(0.,0.,1.));
#667 = DIRECTION('',(-1.,0.,0.));
#668 = DEFINITIONAL_REPRESENTATION('',(#669),#673);
#669 = LINE('',#670,#671);
#670 = CARTESIAN_POINT('',(-4.712388980385,0.));
#671 = VECTOR('',#672,1.);
#672 = DIRECTION('',(1.,0.));
#673 = ( GEOMETRIC_REPRESENTATION_CONTEXT(2) 
PARAMETRIC_REPRESENTATION_CONTEXT() REPRESENTATION_CONTEXT('2D SPACE',''
  ) );
#674 = ORIENTED_EDGE('',*,*,#675,.T.);
#675 = EDGE_CURVE('',#647,#676,#678,.T.);
#676 = VERTEX_POINT('',#677);
#677 = CARTESIAN_POINT('',(23.,13.979184719829,0.));
#678 = SURFACE_CURVE('',#679,(#683,#690),.PCURVE_S1.);
#679 = LINE('',#680,#681);
#680 = CARTESIAN_POINT('',(23.,-23.,0.));
#681 = VECTOR('',#682,1.);
#682 = DIRECTION('',(0.,1.,0.));
#683 = PCURVE('',#32,#684);
#684 = DEFINITIONAL_REPRESENTATION('',(#685),#689);
#685 = LINE('',#686,#687);
#686 = CARTESIAN_POINT('',(23.,-23.));
#687 = VECTOR('',#688,1.);
#688 = DIRECTION('',(0.,1.));
#689 = ( GEOMETRIC_REPRESENTATION_CONTEXT(2) 
PARAMETRIC_REPRESENTATION_CONTEXT() REPRESENTATION_CONTEXT('2D SPACE',''
  ) );
#690 = PCURVE('',#691,#696);
#691 = PLANE('',#692);
#692 = AXIS2_PLACEMENT_3D('',#693,#694,#695);
#693 = CARTESIAN_POINT('',(23.,-23.,0.));
#694 = DIRECTION('',(-1.,0.,0.));
#695 = DIRECTION('',(0.,1.,0.));
#696 = DEFINITIONAL_REPRESENTATION('',(#697),#701);
#697 = LINE('',#698,#699);
#698 = CARTESIAN_POINT('',(0.,0.));
#699 = VECTOR('',#700,1.);
#700 = DIRECTION('',(1.,0.));
#701 = ( GEOMETRIC_REPRESENTATION_CONTEXT(2) 
PARAMETRIC_REPRESENTATION_CONTEXT() REPRESENTATION_CONTEXT('2D SPACE',''
  ) );
#702 = ORIENTED_EDGE('',*,*,#703,.F.);
#703 = EDGE_CURVE('',#704,#676,#706,.T.);
#704 = VERTEX_POINT('',#705);
#705 = CARTESIAN_POINT('',(23.87867965644,16.100505063388,0.));
#706 = SURFACE_CURVE('',#707,(#712,#719),.PCURVE_S1.);
#707 = CIRCLE('',#708,3.);
#708 = AXIS2_PLACEMENT_3D('',#709,#710,#711);
#709 = CARTESIAN_POINT('',(26.,13.979184719829,0.));
#710 = DIRECTION('',(0.,-0.,1.));
#711 = DIRECTION('',(0.,1.,0.));
#712 = PCURVE('',#32,#713);
#713 = DEFINITIONAL_REPRESENTATION('',(#714),#718);
#714 = CIRCLE('',#715,3.);
#715 = AXIS2_PLACEMENT_2D('',#716,#717);
#716 = CARTESIAN_POINT('',(26.,13.979184719829));
#717 = DIRECTION('',(0.,1.));
#718 = ( GEOMETRIC_REPRESENTATION_CONTEXT(2) 
PARAMETRIC_REPRESENTATION_CONTEXT() REPRESENTATION_CONTEXT('2D SPACE',''
  ) );
#719 = PCURVE('',#720,#725);
#720 = CYLINDRICAL_SURFACE('',#721,3.);
#721 = AXIS2_PLACEMENT_3D('',#722,#723,#724);
#722 = CARTESIAN_POINT('',(26.,13.979184719829,2.5));
#723 = DIRECTION('',(0.,0.,-1.));
#724 = DIRECTION('',(-0.707106781187,0.707106781187,0.));
#725 = DEFINITIONAL_REPRESENTATION('',(#726),#730);
#726 = LINE('',#727,#728);
#727 = CARTESIAN_POINT('',(0.785398163397,2.5));
#728 = VECTOR('',#729,1.);
#729 = DIRECTION('',(-1.,0.));
#730 = ( GEOMETRIC_REPRESENTATION_CONTEXT(2) 
PARAMETRIC_REPRESENTATION_CONTEXT() REPRESENTATION_CONTEXT('2D SPACE',''
  ) );
#731 = ORIENTED_EDGE('',*,*,#732,.T.);
#732 = EDGE_CURVE('',#704,#733,#735,.T.);
#733 = VERTEX_POINT('',#734);
#734 = CARTESIAN_POINT('',(36.899494936612,29.12132034356,0.));
#735 = SURFACE_CURVE('',#736,(#740,#747),.PCURVE_S1.);
#736 = LINE('',#737,#738);
#737 = CARTESIAN_POINT('',(3.889087296526,-3.889087296526,0.));
#738 = VECTOR('',#739,1.);
#739 = DIRECTION('',(0.707106781187,0.707106781187,0.));
#740 = PCURVE('',#32,#741);
#741 = DEFINITIONAL_REPRESENTATION('',(#742),#746);
#742 = LINE('',#743,#744);
#743 = CARTESIAN_POINT('',(3.889087296526,-3.889087296526));
#744 = VECTOR('',#745,1.);
#745 = DIRECTION('',(0.707106781187,0.707106781187));
#746 = ( GEOMETRIC_REPRESENTATION_CONTEXT(2) 
PARAMETRIC_REPRESENTATION_CONTEXT() REPRESENTATION_CONTEXT('2D SPACE',''
  ) );
#747 = PCURVE('',#748,#753);
#748 = PLANE('',#749);
#749 = AXIS2_PLACEMENT_3D('',#750,#751,#752);
#750 = CARTESIAN_POINT('',(3.889087296526,-3.889087296526,0.));
#751 = DIRECTION('',(-0.707106781187,0.707106781187,0.));
#752 = DIRECTION('',(0.707106781187,0.707106781187,0.));
#753 = DEFINITIONAL_REPRESENTATION('',(#754),#758);
#754 = LINE('',#755,#756);
#755 = CARTESIAN_POINT('',(0.,0.));
#756 = VECTOR('',#757,1.);
#757 = DIRECTION('',(1.,0.));
#758 = ( GEOMETRIC_REPRESENTATION_CONTEXT(2) 
PARAMETRIC_REPRESENTATION_CONTEXT() REPRESENTATION_CONTEXT('2D SPACE',''
  ) );
#759 = ORIENTED_EDGE('',*,*,#760,.F.);
#760 = EDGE_CURVE('',#761,#733,#763,.T.);
#761 = VERTEX_POINT('',#762);
#762 = CARTESIAN_POINT('',(39.020815280171,30.,0.));
#763 = SURFACE_CURVE('',#764,(#769,#776),.PCURVE_S1.);
#764 = CIRCLE('',#765,3.);
#765 = AXIS2_PLACEMENT_3D('',#766,#767,#768);
#766 = CARTESIAN_POINT('',(39.020815280171,27.,0.));
#767 = DIRECTION('',(0.,-0.,1.));
#768 = DIRECTION('',(0.,1.,0.));
#769 = PCURVE('',#32,#770);
#770 = DEFINITIONAL_REPRESENTATION('',(#771),#775);
#771 = CIRCLE('',#772,3.);
#772 = AXIS2_PLACEMENT_2D('',#773,#774);
#773 = CARTESIAN_POINT('',(39.020815280171,27.));
#774 = DIRECTION('',(0.,1.));
#775 = ( GEOMETRIC_REPRESENTATION_CONTEXT(2) 
PARAMETRIC_REPRESENTATION_CONTEXT() REPRESENTATION_CONTEXT('2D SPACE',''
  ) );
#776 = PCURVE('',#777,#782);
#777 = CYLINDRICAL_SURFACE('',#778,3.);
#778 = AXIS2_PLACEMENT_3D('',#779,#780,#781);
#779 = CARTESIAN_POINT('',(39.020815280171,27.,2.5));
#780 = DIRECTION('',(0.,0.,-1.));
#781 = DIRECTION('',(0.,1.,0.));
#782 = DEFINITIONAL_REPRESENTATION('',(#783),#787);
#783 = LINE('',#784,#785);
#784 = CARTESIAN_POINT('',(-0.,2.5));
#785 = VECTOR('',#786,1.);
#786 = DIRECTION('',(-1.,0.));
#787 = ( GEOMETRIC_REPRESENTATION_CONTEXT(2) 
PARAMETRIC_REPRESENTATION_CONTEXT() REPRESENTATION_CONTEXT('2D SPACE',''
  ) );
#788 = ORIENTED_EDGE('',*,*,#789,.T.);
#789 = EDGE_CURVE('',#761,#790,#792,.T.);
#790 = VERTEX_POINT('',#791);
#791 = CARTESIAN_POINT('',(42.,30.,0.));
#792 = SURFACE_CURVE('',#793,(#797,#804),.PCURVE_S1.);
#793 = LINE('',#794,#795);
#794 = CARTESIAN_POINT('',(30.,30.,0.));
#795 = VECTOR('',#796,1.);
#796 = DIRECTION('',(1.,0.,0.));
#797 = PCURVE('',#32,#798);
#798 = DEFINITIONAL_REPRESENTATION('',(#799),#803);
#799 = LINE('',#800,#801);
#800 = CARTESIAN_POINT('',(30.,30.));
#801 = VECTOR('',#802,1.);
#802 = DIRECTION('',(1.,0.));
#803 = ( GEOMETRIC_REPRESENTATION_CONTEXT(2) 
PARAMETRIC_REPRESENTATION_CONTEXT() REPRESENTATION_CONTEXT('2D SPACE',''
  ) );
#804 = PCURVE('',#805,#810);
#805 = PLANE('',#806);
#806 = AXIS2_PLACEMENT_3D('',#807,#808,#809);
#807 = CARTESIAN_POINT('',(30.,30.,0.));
#808 = DIRECTION('',(0.,1.,0.));
#809 = DIRECTION('',(1.,0.,0.));
#810 = DEFINITIONAL_REPRESENTATION('',(#811),#815);
#811 = LINE('',#812,#813);
#812 = CARTESIAN_POINT('',(0.,0.));
#813 = VECTOR('',#814,1.);
#814 = DIRECTION('',(1.,0.));
#815 = ( GEOMETRIC_REPRESENTATION_CONTEXT(2) 
PARAMETRIC_REPRESENTATION_CONTEXT() REPRESENTATION_CONTEXT('2D SPACE',''
  ) );
#816 = ORIENTED_EDGE('',*,*,#817,.F.);
#817 = EDGE_CURVE('',#818,#790,#820,.T.);
#818 = VERTEX_POINT('',#819);
#819 = CARTESIAN_POINT('',(45.,33.,0.));
#820 = SURFACE_CURVE('',#821,(#826,#837),.PCURVE_S1.);
#821 = CIRCLE('',#822,3.);
#822 = AXIS2_PLACEMENT_3D('',#823,#824,#825);
#823 = CARTESIAN_POINT('',(42.,33.,0.));
#824 = DIRECTION('',(-0.,-0.,-1.));
#825 = DIRECTION('',(0.,-1.,0.));
#826 = PCURVE('',#32,#827);
#827 = DEFINITIONAL_REPRESENTATION('',(#828),#836);
#828 = ( BOUNDED_CURVE() B_SPLINE_CURVE(2,(#829,#830,#831,#832,#833,#834
,#835),.UNSPECIFIED.,.T.,.F.) B_SPLINE_CURVE_WITH_KNOTS((1,2,2,2,2,1),(
    -2.094395102393,0.,2.094395102393,4.188790204786,6.28318530718,
8.377580409573),.UNSPECIFIED.) CURVE() GEOMETRIC_REPRESENTATION_ITEM() 
RATIONAL_B_SPLINE_CURVE((1.,0.5,1.,0.5,1.,0.5,1.)) REPRESENTATION_ITEM(
  '') );
#829 = CARTESIAN_POINT('',(42.,30.));
#830 = CARTESIAN_POINT('',(36.803847577293,30.));
#831 = CARTESIAN_POINT('',(39.401923788647,34.5));
#832 = CARTESIAN_POINT('',(42.,39.));
#833 = CARTESIAN_POINT('',(44.598076211353,34.5));
#834 = CARTESIAN_POINT('',(47.196152422707,30.));
#835 = CARTESIAN_POINT('',(42.,30.));
#836 = ( GEOMETRIC_REPRESENTATION_CONTEXT(2) 
PARAMETRIC_REPRESENTATION_CONTEXT() REPRESENTATION_CONTEXT('2D SPACE',''
  ) );
#837 = PCURVE('',#838,#843);
#838 = CYLINDRICAL_SURFACE('',#839,3.);
#839 = AXIS2_PLACEMENT_3D('',#840,#841,#842);
#840 = CARTESIAN_POINT('',(42.,33.,0.));
#841 = DIRECTION('',(0.,0.,1.));
#842 = DIRECTION('',(1.,0.,-0.));
#843 = DEFINITIONAL_REPRESENTATION('',(#844),#848);
#844 = LINE('',#845,#846);
#845 = CARTESIAN_POINT('',(4.712388980385,-0.));
#846 = VECTOR('',#847,1.);
#847 = DIRECTION('',(-1.,0.));
#848 = ( GEOMETRIC_REPRESENTATION_CONTEXT(2) 
PARAMETRIC_REPRESENTATION_CONTEXT() REPRESENTATION_CONTEXT('2D SPACE',''
  ) );
#849 = ORIENTED_EDGE('',*,*,#850,.T.);
#850 = EDGE_CURVE('',#818,#851,#853,.T.);
#851 = VERTEX_POINT('',#852);
#852 = CARTESIAN_POINT('',(45.,42.,0.));
#853 = SURFACE_CURVE('',#854,(#858,#865),.PCURVE_S1.);
#854 = LINE('',#855,#856);
#855 = CARTESIAN_POINT('',(45.,30.,0.));
#856 = VECTOR('',#857,1.);
#857 = DIRECTION('',(0.,1.,0.));
#858 = PCURVE('',#32,#859);
#859 = DEFINITIONAL_REPRESENTATION('',(#860),#864);
#860 = LINE('',#861,#862);
#861 = CARTESIAN_POINT('',(45.,30.));
#862 = VECTOR('',#863,1.);
#863 = DIRECTION('',(0.,1.));
#864 = ( GEOMETRIC_REPRESENTATION_CONTEXT(2) 
PARAMETRIC_REPRESENTATION_CONTEXT() REPRESENTATION_CONTEXT('2D SPACE',''
  ) );
#865 = PCURVE('',#866,#871);
#866 = PLANE('',#867);
#867 = AXIS2_PLACEMENT_3D('',#868,#869,#870);
#868 = CARTESIAN_POINT('',(45.,30.,0.));
#869 = DIRECTION('',(-1.,0.,0.));
#870 = DIRECTION('',(0.,1.,0.));
#871 = DEFINITIONAL_REPRESENTATION('',(#872),#876);
#872 = LINE('',#873,#874);
#873 = CARTESIAN_POINT('',(0.,0.));
#874 = VECTOR('',#875,1.);
#875 = DIRECTION('',(1.,0.));
#876 = ( GEOMETRIC_REPRESENTATION_CONTEXT(2) 
PARAMETRIC_REPRESENTATION_CONTEXT() REPRESENTATION_CONTEXT('2D SPACE',''
  ) );
#877 = ORIENTED_EDGE('',*,*,#878,.F.);
#878 = EDGE_CURVE('',#879,#851,#881,.T.);
#879 = VERTEX_POINT('',#880);
#880 = CARTESIAN_POINT('',(42.,45.,0.));
#881 = SURFACE_CURVE('',#882,(#887,#898),.PCURVE_S1.);
#882 = CIRCLE('',#883,3.);
#883 = AXIS2_PLACEMENT_3D('',#884,#885,#886);
#884 = CARTESIAN_POINT('',(42.,42.,0.));
#885 = DIRECTION('',(-0.,-0.,-1.));
#886 = DIRECTION('',(0.,-1.,0.));
#887 = PCURVE('',#32,#888);
#888 = DEFINITIONAL_REPRESENTATION('',(#889),#897);
#889 = ( BOUNDED_CURVE() B_SPLINE_CURVE(2,(#890,#891,#892,#893,#894,#895
,#896),.UNSPECIFIED.,.T.,.F.) B_SPLINE_CURVE_WITH_KNOTS((1,2,2,2,2,1),(
    -2.094395102393,0.,2.094395102393,4.188790204786,6.28318530718,
8.377580409573),.UNSPECIFIED.) CURVE() GEOMETRIC_REPRESENTATION_ITEM() 
RATIONAL_B_SPLINE_CURVE((1.,0.5,1.,0.5,1.,0.5,1.)) REPRESENTATION_ITEM(
  '') );
#890 = CARTESIAN_POINT('',(42.,39.));
#891 = CARTESIAN_POINT('',(36.803847577293,39.));
#892 = CARTESIAN_POINT('',(39.401923788647,43.5));
#893 = CARTESIAN_POINT('',(42.,48.));
#894 = CARTESIAN_POINT('',(44.598076211353,43.5));
#895 = CARTESIAN_POINT('',(47.196152422707,39.));
#896 = CARTESIAN_POINT('',(42.,39.));
#897 = ( GEOMETRIC_REPRESENTATION_CONTEXT(2) 
PARAMETRIC_REPRESENTATION_CONTEXT() REPRESENTATION_CONTEXT('2D SPACE',''
  ) );
#898 = PCURVE('',#899,#904);
#899 = CYLINDRICAL_SURFACE('',#900,3.);
#900 = AXIS2_PLACEMENT_3D('',#901,#902,#903);
#901 = CARTESIAN_POINT('',(42.,42.,0.));
#902 = DIRECTION('',(0.,0.,1.));
#903 = DIRECTION('',(-0.,1.,0.));
#904 = DEFINITIONAL_REPRESENTATION('',(#905),#909);
#905 = LINE('',#906,#907);
#906 = CARTESIAN_POINT('',(3.14159265359,-0.));
#907 = VECTOR('',#908,1.);
#908 = DIRECTION('',(-1.,0.));
#909 = ( GEOMETRIC_REPRESENTATION_CONTEXT(2) 
PARAMETRIC_REPRESENTATION_CONTEXT() REPRESENTATION_CONTEXT('2D SPACE',''
  ) );
#910 = ORIENTED_EDGE('',*,*,#911,.T.);
#911 = EDGE_CURVE('',#879,#912,#914,.T.);
#912 = VERTEX_POINT('',#913);
#913 = CARTESIAN_POINT('',(33.,45.,0.));
#914 = SURFACE_CURVE('',#915,(#919,#926),.PCURVE_S1.);
#915 = LINE('',#916,#917);
#916 = CARTESIAN_POINT('',(45.,45.,0.));
#917 = VECTOR('',#918,1.);
#918 = DIRECTION('',(-1.,0.,0.));
#919 = PCURVE('',#32,#920);
#920 = DEFINITIONAL_REPRESENTATION('',(#921),#925);
#921 = LINE('',#922,#923);
#922 = CARTESIAN_POINT('',(45.,45.));
#923 = VECTOR('',#924,1.);
#924 = DIRECTION('',(-1.,0.));
#925 = ( GEOMETRIC_REPRESENTATION_CONTEXT(2) 
PARAMETRIC_REPRESENTATION_CONTEXT() REPRESENTATION_CONTEXT('2D SPACE',''
  ) );
#926 = PCURVE('',#927,#932);
#927 = PLANE('',#928);
#928 = AXIS2_PLACEMENT_3D('',#929,#930,#931);
#929 = CARTESIAN_POINT('',(45.,45.,0.));
#930 = DIRECTION('',(0.,-1.,0.));
#931 = DIRECTION('',(-1.,0.,0.));
#932 = DEFINITIONAL_REPRESENTATION('',(#933),#937);
#933 = LINE('',#934,#935);
#934 = CARTESIAN_POINT('',(0.,-0.));
#935 = VECTOR('',#936,1.);
#936 = DIRECTION('',(1.,0.));
#937 = ( GEOMETRIC_REPRESENTATION_CONTEXT(2) 
PARAMETRIC_REPRESENTATION_CONTEXT() REPRESENTATION_CONTEXT('2D SPACE',''
  ) );
#938 = ORIENTED_EDGE('',*,*,#939,.F.);
#939 = EDGE_CURVE('',#940,#912,#942,.T.);
#940 = VERTEX_POINT('',#941);
#941 = CARTESIAN_POINT('',(30.,42.,0.));
#942 = SURFACE_CURVE('',#943,(#948,#959),.PCURVE_S1.);
#943 = CIRCLE('',#944,3.);
#944 = AXIS2_PLACEMENT_3D('',#945,#946,#947);
#945 = CARTESIAN_POINT('',(33.,42.,0.));
#946 = DIRECTION('',(-0.,-0.,-1.));
#947 = DIRECTION('',(0.,-1.,0.));
#948 = PCURVE('',#32,#949);
#949 = DEFINITIONAL_REPRESENTATION('',(#950),#958);
#950 = ( BOUNDED_CURVE() B_SPLINE_CURVE(2,(#951,#952,#953,#954,#955,#956
,#957),.UNSPECIFIED.,.T.,.F.) B_SPLINE_CURVE_WITH_KNOTS((1,2,2,2,2,1),(
    -2.094395102393,0.,2.094395102393,4.188790204786,6.28318530718,
8.377580409573),.UNSPECIFIED.) CURVE() GEOMETRIC_REPRESENTATION_ITEM() 
RATIONAL_B_SPLINE_CURVE((1.,0.5,1.,0.5,1.,0.5,1.)) REPRESENTATION_ITEM(
  '') );
#951 = CARTESIAN_POINT('',(33.,39.));
#952 = CARTESIAN_POINT('',(27.803847577293,39.));
#953 = CARTESIAN_POINT('',(30.401923788647,43.5));
#954 = CARTESIAN_POINT('',(33.,48.));
#955 = CARTESIAN_POINT('',(35.598076211353,43.5));
#956 = CARTESIAN_POINT('',(38.196152422707,39.));
#957 = CARTESIAN_POINT('',(33.,39.));
#958 = ( GEOMETRIC_REPRESENTATION_CONTEXT(2) 
PARAMETRIC_REPRESENTATION_CONTEXT() REPRESENTATION_CONTEXT('2D SPACE',''
  ) );
#959 = PCURVE('',#960,#965);
#960 = CYLINDRICAL_SURFACE('',#961,3.);
#961 = AXIS2_PLACEMENT_3D('',#962,#963,#964);
#962 = CARTESIAN_POINT('',(33.,42.,0.));
#963 = DIRECTION('',(0.,0.,1.));
#964 = DIRECTION('',(-1.,0.,0.));
#965 = DEFINITIONAL_REPRESENTATION('',(#966),#970);
#966 = LINE('',#967,#968);
#967 = CARTESIAN_POINT('',(1.570796326795,-0.));
#968 = VECTOR('',#969,1.);
#969 = DIRECTION('',(-1.,0.));
#970 = ( GEOMETRIC_REPRESENTATION_CONTEXT(2) 
PARAMETRIC_REPRESENTATION_CONTEXT() REPRESENTATION_CONTEXT('2D SPACE',''
  ) );
#971 = ORIENTED_EDGE('',*,*,#972,.T.);
#972 = EDGE_CURVE('',#940,#973,#975,.T.);
#973 = VERTEX_POINT('',#974);
#974 = CARTESIAN_POINT('',(30.,39.020815280171,0.));
#975 = SURFACE_CURVE('',#976,(#980,#987),.PCURVE_S1.);
#976 = LINE('',#977,#978);
#977 = CARTESIAN_POINT('',(30.,45.,0.));
#978 = VECTOR('',#979,1.);
#979 = DIRECTION('',(0.,-1.,0.));
#980 = PCURVE('',#32,#981);
#981 = DEFINITIONAL_REPRESENTATION('',(#982),#986);
#982 = LINE('',#983,#984);
#983 = CARTESIAN_POINT('',(30.,45.));
#984 = VECTOR('',#985,1.);
#985 = DIRECTION('',(0.,-1.));
#986 = ( GEOMETRIC_REPRESENTATION_CONTEXT(2) 
PARAMETRIC_REPRESENTATION_CONTEXT() REPRESENTATION_CONTEXT('2D SPACE',''
  ) );
#987 = PCURVE('',#988,#993);
#988 = PLANE('',#989);
#989 = AXIS2_PLACEMENT_3D('',#990,#991,#992);
#990 = CARTESIAN_POINT('',(30.,45.,0.));
#991 = DIRECTION('',(1.,0.,-0.));
#992 = DIRECTION('',(0.,-1.,0.));
#993 = DEFINITIONAL_REPRESENTATION('',(#994),#998);
#994 = LINE('',#995,#996);
#995 = CARTESIAN_POINT('',(0.,0.));
#996 = VECTOR('',#997,1.);
#997 = DIRECTION('',(1.,0.));
#998 = ( GEOMETRIC_REPRESENTATION_CONTEXT(2) 
PARAMETRIC_REPRESENTATION_CONTEXT() REPRESENTATION_CONTEXT('2D SPACE',''
  ) );
#999 = ORIENTED_EDGE('',*,*,#1000,.F.);
#1000 = EDGE_CURVE('',#1001,#973,#1003,.T.);
#1001 = VERTEX_POINT('',#1002);
#1002 = CARTESIAN_POINT('',(29.12132034356,36.899494936612,0.));
#1003 = SURFACE_CURVE('',#1004,(#1009,#1016),.PCURVE_S1.);
#1004 = CIRCLE('',#1005,3.);
#1005 = AXIS2_PLACEMENT_3D('',#1006,#1007,#1008);
#1006 = CARTESIAN_POINT('',(27.,39.020815280171,0.));
#1007 = DIRECTION('',(0.,0.,1.));
#1008 = DIRECTION('',(0.,-1.,0.));
#1009 = PCURVE('',#32,#1010);
#1010 = DEFINITIONAL_REPRESENTATION('',(#1011),#1015);
#1011 = CIRCLE('',#1012,3.);
#1012 = AXIS2_PLACEMENT_2D('',#1013,#1014);
#1013 = CARTESIAN_POINT('',(27.,39.020815280171));
#1014 = DIRECTION('',(0.,-1.));
#1015 = ( GEOMETRIC_REPRESENTATION_CONTEXT(2) 
PARAMETRIC_REPRESENTATION_CONTEXT() REPRESENTATION_CONTEXT('2D SPACE',''
  ) );
#1016 = PCURVE('',#1017,#1022);
#1017 = CYLINDRICAL_SURFACE('',#1018,3.);
#1018 = AXIS2_PLACEMENT_3D('',#1019,#1020,#1021);
#1019 = CARTESIAN_POINT('',(27.,39.020815280171,0.));
#1020 = DIRECTION('',(0.,0.,1.));
#1021 = DIRECTION('',(0.707106781187,-0.707106781187,0.));
#1022 = DEFINITIONAL_REPRESENTATION('',(#1023),#1027);
#1023 = LINE('',#1024,#1025);
#1024 = CARTESIAN_POINT('',(-0.785398163397,0.));
#1025 = VECTOR('',#1026,1.);
#1026 = DIRECTION('',(1.,0.));
#1027 = ( GEOMETRIC_REPRESENTATION_CONTEXT(2) 
PARAMETRIC_REPRESENTATION_CONTEXT() REPRESENTATION_CONTEXT('2D SPACE',''
  ) );
#1028 = ORIENTED_EDGE('',*,*,#1029,.T.);
#1029 = EDGE_CURVE('',#1001,#1030,#1032,.T.);
#1030 = VERTEX_POINT('',#1031);
#1031 = CARTESIAN_POINT('',(16.100505063388,23.87867965644,0.));
#1032 = SURFACE_CURVE('',#1033,(#1037,#1044),.PCURVE_S1.);
#1033 = LINE('',#1034,#1035);
#1034 = CARTESIAN_POINT('',(33.610912703474,41.389087296526,0.));
#1035 = VECTOR('',#1036,1.);
#1036 = DIRECTION('',(-0.707106781187,-0.707106781187,0.));
#1037 = PCURVE('',#32,#1038);
#1038 = DEFINITIONAL_REPRESENTATION('',(#1039),#1043);
#1039 = LINE('',#1040,#1041);
#1040 = CARTESIAN_POINT('',(33.610912703474,41.389087296526));
#1041 = VECTOR('',#1042,1.);
#1042 = DIRECTION('',(-0.707106781187,-0.707106781187));
#1043 = ( GEOMETRIC_REPRESENTATION_CONTEXT(2) 
PARAMETRIC_REPRESENTATION_CONTEXT() REPRESENTATION_CONTEXT('2D SPACE',''
  ) );
#1044 = PCURVE('',#1045,#1050);
#1045 = PLANE('',#1046);
#1046 = AXIS2_PLACEMENT_3D('',#1047,#1048,#1049);
#1047 = CARTESIAN_POINT('',(33.610912703474,41.389087296526,0.));
#1048 = DIRECTION('',(0.707106781187,-0.707106781187,0.));
#1049 = DIRECTION('',(-0.707106781187,-0.707106781187,0.));
#1050 = DEFINITIONAL_REPRESENTATION('',(#1051),#1055);
#1051 = LINE('',#1052,#1053);
#1052 = CARTESIAN_POINT('',(0.,0.));
#1053 = VECTOR('',#1054,1.);
#1054 = DIRECTION('',(1.,0.));
#1055 = ( GEOMETRIC_REPRESENTATION_CONTEXT(2) 
PARAMETRIC_REPRESENTATION_CONTEXT() REPRESENTATION_CONTEXT('2D SPACE',''
  ) );
#1056 = ORIENTED_EDGE('',*,*,#1057,.F.);
#1057 = EDGE_CURVE('',#1058,#1030,#1060,.T.);
#1058 = VERTEX_POINT('',#1059);
#1059 = CARTESIAN_POINT('',(13.979184719829,23.,0.));
#1060 = SURFACE_CURVE('',#1061,(#1066,#1073),.PCURVE_S1.);
#1061 = CIRCLE('',#1062,3.);
#1062 = AXIS2_PLACEMENT_3D('',#1063,#1064,#1065);
#1063 = CARTESIAN_POINT('',(13.979184719829,26.,0.));
#1064 = DIRECTION('',(0.,0.,1.));
#1065 = DIRECTION('',(0.,-1.,0.));
#1066 = PCURVE('',#32,#1067);
#1067 = DEFINITIONAL_REPRESENTATION('',(#1068),#1072);
#1068 = CIRCLE('',#1069,3.);
#1069 = AXIS2_PLACEMENT_2D('',#1070,#1071);
#1070 = CARTESIAN_POINT('',(13.979184719829,26.));
#1071 = DIRECTION('',(0.,-1.));
#1072 = ( GEOMETRIC_REPRESENTATION_CONTEXT(2) 
PARAMETRIC_REPRESENTATION_CONTEXT() REPRESENTATION_CONTEXT('2D SPACE',''
  ) );
#1073 = PCURVE('',#1074,#1079);
#1074 = CYLINDRICAL_SURFACE('',#1075,3.);
#1075 = AXIS2_PLACEMENT_3D('',#1076,#1077,#1078);
#1076 = CARTESIAN_POINT('',(13.979184719829,26.,0.));
#1077 = DIRECTION('',(0.,0.,1.));
#1078 = DIRECTION('',(0.,-1.,0.));
#1079 = DEFINITIONAL_REPRESENTATION('',(#1080),#1084);
#1080 = LINE('',#1081,#1082);
#1081 = CARTESIAN_POINT('',(0.,0.));
#1082 = VECTOR('',#1083,1.);
#1083 = DIRECTION('',(1.,0.));
#1084 = ( GEOMETRIC_REPRESENTATION_CONTEXT(2) 
PARAMETRIC_REPRESENTATION_CONTEXT() REPRESENTATION_CONTEXT('2D SPACE',''
  ) );
#1085 = ORIENTED_EDGE('',*,*,#1086,.T.);
#1086 = EDGE_CURVE('',#1058,#1087,#1089,.T.);
#1087 = VERTEX_POINT('',#1088);
#1088 = CARTESIAN_POINT('',(-13.97918471982,23.,0.));
#1089 = SURFACE_CURVE('',#1090,(#1094,#1101),.PCURVE_S1.);
#1090 = LINE('',#1091,#1092);
#1091 = CARTESIAN_POINT('',(23.,23.,0.));
#1092 = VECTOR('',#1093,1.);
#1093 = DIRECTION('',(-1.,0.,0.));
#1094 = PCURVE('',#32,#1095);
#1095 = DEFINITIONAL_REPRESENTATION('',(#1096),#1100);
#1096 = LINE('',#1097,#1098);
#1097 = CARTESIAN_POINT('',(23.,23.));
#1098 = VECTOR('',#1099,1.);
#1099 = DIRECTION('',(-1.,0.));
#1100 = ( GEOMETRIC_REPRESENTATION_CONTEXT(2) 
PARAMETRIC_REPRESENTATION_CONTEXT() REPRESENTATION_CONTEXT('2D SPACE',''
  ) );
#1101 = PCURVE('',#1102,#1107);
#1102 = PLANE('',#1103);
#1103 = AXIS2_PLACEMENT_3D('',#1104,#1105,#1106);
#1104 = CARTESIAN_POINT('',(23.,23.,0.));
#1105 = DIRECTION('',(0.,-1.,0.));
#1106 = DIRECTION('',(-1.,0.,0.));
#1107 = DEFINITIONAL_REPRESENTATION('',(#1108),#1112);
#1108 = LINE('',#1109,#1110);
#1109 = CARTESIAN_POINT('',(0.,-0.));
#1110 = VECTOR('',#1111,1.);
#1111 = DIRECTION('',(1.,0.));
#1112 = ( GEOMETRIC_REPRESENTATION_CONTEXT(2) 
PARAMETRIC_REPRESENTATION_CONTEXT() REPRESENTATION_CONTEXT('2D SPACE',''
  ) );
#1113 = ORIENTED_EDGE('',*,*,#1114,.F.);
#1114 = EDGE_CURVE('',#1115,#1087,#1117,.T.);
#1115 = VERTEX_POINT('',#1116);
#1116 = CARTESIAN_POINT('',(-16.10050506338,23.87867965644,0.));
#1117 = SURFACE_CURVE('',#1118,(#1123,#1130),.PCURVE_S1.);
#1118 = CIRCLE('',#1119,3.);
#1119 = AXIS2_PLACEMENT_3D('',#1120,#1121,#1122);
#1120 = CARTESIAN_POINT('',(-13.97918471982,26.,0.));
#1121 = DIRECTION('',(-0.,0.,1.));
#1122 = DIRECTION('',(0.,1.,0.));
#1123 = PCURVE('',#32,#1124);
#1124 = DEFINITIONAL_REPRESENTATION('',(#1125),#1129);
#1125 = CIRCLE('',#1126,3.);
#1126 = AXIS2_PLACEMENT_2D('',#1127,#1128);
#1127 = CARTESIAN_POINT('',(-13.97918471982,26.));
#1128 = DIRECTION('',(0.,1.));
#1129 = ( GEOMETRIC_REPRESENTATION_CONTEXT(2) 
PARAMETRIC_REPRESENTATION_CONTEXT() REPRESENTATION_CONTEXT('2D SPACE',''
  ) );
#1130 = PCURVE('',#1131,#1136);
#1131 = CYLINDRICAL_SURFACE('',#1132,3.);
#1132 = AXIS2_PLACEMENT_3D('',#1133,#1134,#1135);
#1133 = CARTESIAN_POINT('',(-13.97918471982,26.,2.5));
#1134 = DIRECTION('',(0.,-0.,-1.));
#1135 = DIRECTION('',(-0.707106781187,-0.707106781187,0.));
#1136 = DEFINITIONAL_REPRESENTATION('',(#1137),#1141);
#1137 = LINE('',#1138,#1139);
#1138 = CARTESIAN_POINT('',(2.356194490192,2.5));
#1139 = VECTOR('',#1140,1.);
#1140 = DIRECTION('',(-1.,0.));
#1141 = ( GEOMETRIC_REPRESENTATION_CONTEXT(2) 
PARAMETRIC_REPRESENTATION_CONTEXT() REPRESENTATION_CONTEXT('2D SPACE',''
  ) );
#1142 = ORIENTED_EDGE('',*,*,#1143,.T.);
#1143 = EDGE_CURVE('',#1115,#1144,#1146,.T.);
#1144 = VERTEX_POINT('',#1145);
#1145 = CARTESIAN_POINT('',(-29.12132034356,36.899494936612,0.));
#1146 = SURFACE_CURVE('',#1147,(#1151,#1158),.PCURVE_S1.);
#1147 = LINE('',#1148,#1149);
#1148 = CARTESIAN_POINT('',(3.889087296526,3.889087296526,0.));
#1149 = VECTOR('',#1150,1.);
#1150 = DIRECTION('',(-0.707106781187,0.707106781187,0.));
#1151 = PCURVE('',#32,#1152);
#1152 = DEFINITIONAL_REPRESENTATION('',(#1153),#1157);
#1153 = LINE('',#1154,#1155);
#1154 = CARTESIAN_POINT('',(3.889087296526,3.889087296526));
#1155 = VECTOR('',#1156,1.);
#1156 = DIRECTION('',(-0.707106781187,0.707106781187));
#1157 = ( GEOMETRIC_REPRESENTATION_CONTEXT(2) 
PARAMETRIC_REPRESENTATION_CONTEXT() REPRESENTATION_CONTEXT('2D SPACE',''
  ) );
#1158 = PCURVE('',#1159,#1164);
#1159 = PLANE('',#1160);
#1160 = AXIS2_PLACEMENT_3D('',#1161,#1162,#1163);
#1161 = CARTESIAN_POINT('',(3.889087296526,3.889087296526,0.));
#1162 = DIRECTION('',(-0.707106781187,-0.707106781187,0.));
#1163 = DIRECTION('',(-0.707106781187,0.707106781187,0.));
#1164 = DEFINITIONAL_REPRESENTATION('',(#1165),#1169);
#1165 = LINE('',#1166,#1167);
#1166 = CARTESIAN_POINT('',(0.,0.));
#1167 = VECTOR('',#1168,1.);
#1168 = DIRECTION('',(1.,0.));
#1169 = ( GEOMETRIC_REPRESENTATION_CONTEXT(2) 
PARAMETRIC_REPRESENTATION_CONTEXT() REPRESENTATION_CONTEXT('2D SPACE',''
  ) );
#1170 = ORIENTED_EDGE('',*,*,#1171,.F.);
#1171 = EDGE_CURVE('',#1172,#1144,#1174,.T.);
#1172 = VERTEX_POINT('',#1173);
#1173 = CARTESIAN_POINT('',(-30.,39.020815280171,0.));
#1174 = SURFACE_CURVE('',#1175,(#1180,#1187),.PCURVE_S1.);
#1175 = CIRCLE('',#1176,3.);
#1176 = AXIS2_PLACEMENT_3D('',#1177,#1178,#1179);
#1177 = CARTESIAN_POINT('',(-27.,39.020815280171,0.));
#1178 = DIRECTION('',(0.,-0.,1.));
#1179 = DIRECTION('',(0.,1.,0.));
#1180 = PCURVE('',#32,#1181);
#1181 = DEFINITIONAL_REPRESENTATION('',(#1182),#1186);
#1182 = CIRCLE('',#1183,3.);
#1183 = AXIS2_PLACEMENT_2D('',#1184,#1185);
#1184 = CARTESIAN_POINT('',(-27.,39.020815280171));
#1185 = DIRECTION('',(0.,1.));
#1186 = ( GEOMETRIC_REPRESENTATION_CONTEXT(2) 
PARAMETRIC_REPRESENTATION_CONTEXT() REPRESENTATION_CONTEXT('2D SPACE',''
  ) );
#1187 = PCURVE('',#1188,#1193);
#1188 = CYLINDRICAL_SURFACE('',#1189,3.);
#1189 = AXIS2_PLACEMENT_3D('',#1190,#1191,#1192);
#1190 = CARTESIAN_POINT('',(-27.,39.020815280171,2.5));
#1191 = DIRECTION('',(-0.,0.,-1.));
#1192 = DIRECTION('',(-1.,0.,0.));
#1193 = DEFINITIONAL_REPRESENTATION('',(#1194),#1198);
#1194 = LINE('',#1195,#1196);
#1195 = CARTESIAN_POINT('',(1.570796326795,2.5));
#1196 = VECTOR('',#1197,1.);
#1197 = DIRECTION('',(-1.,0.));
#1198 = ( GEOMETRIC_REPRESENTATION_CONTEXT(2) 
PARAMETRIC_REPRESENTATION_CONTEXT() REPRESENTATION_CONTEXT('2D SPACE',''
  ) );
#1199 = ORIENTED_EDGE('',*,*,#1200,.T.);
#1200 = EDGE_CURVE('',#1172,#1201,#1203,.T.);
#1201 = VERTEX_POINT('',#1202);
#1202 = CARTESIAN_POINT('',(-30.,42.,0.));
#1203 = SURFACE_CURVE('',#1204,(#1208,#1215),.PCURVE_S1.);
#1204 = LINE('',#1205,#1206);
#1205 = CARTESIAN_POINT('',(-30.,30.,0.));
#1206 = VECTOR('',#1207,1.);
#1207 = DIRECTION('',(0.,1.,0.));
#1208 = PCURVE('',#32,#1209);
#1209 = DEFINITIONAL_REPRESENTATION('',(#1210),#1214);
#1210 = LINE('',#1211,#1212);
#1211 = CARTESIAN_POINT('',(-30.,30.));
#1212 = VECTOR('',#1213,1.);
#1213 = DIRECTION('',(0.,1.));
#1214 = ( GEOMETRIC_REPRESENTATION_CONTEXT(2) 
PARAMETRIC_REPRESENTATION_CONTEXT() REPRESENTATION_CONTEXT('2D SPACE',''
  ) );
#1215 = PCURVE('',#1216,#1221);
#1216 = PLANE('',#1217);
#1217 = AXIS2_PLACEMENT_3D('',#1218,#1219,#1220);
#1218 = CARTESIAN_POINT('',(-30.,30.,0.));
#1219 = DIRECTION('',(-1.,0.,0.));
#1220 = DIRECTION('',(0.,1.,0.));
#1221 = DEFINITIONAL_REPRESENTATION('',(#1222),#1226);
#1222 = LINE('',#1223,#1224);
#1223 = CARTESIAN_POINT('',(0.,0.));
#1224 = VECTOR('',#1225,1.);
#1225 = DIRECTION('',(1.,0.));
#1226 = ( GEOMETRIC_REPRESENTATION_CONTEXT(2) 
PARAMETRIC_REPRESENTATION_CONTEXT() REPRESENTATION_CONTEXT('2D SPACE',''
  ) );
#1227 = ORIENTED_EDGE('',*,*,#1228,.F.);
#1228 = EDGE_CURVE('',#1229,#1201,#1231,.T.);
#1229 = VERTEX_POINT('',#1230);
#1230 = CARTESIAN_POINT('',(-33.,45.,0.));
#1231 = SURFACE_CURVE('',#1232,(#1237,#1248),.PCURVE_S1.);
#1232 = CIRCLE('',#1233,3.);
#1233 = AXIS2_PLACEMENT_3D('',#1234,#1235,#1236);
#1234 = CARTESIAN_POINT('',(-33.,42.,0.));
#1235 = DIRECTION('',(-0.,-0.,-1.));
#1236 = DIRECTION('',(0.,-1.,0.));
#1237 = PCURVE('',#32,#1238);
#1238 = DEFINITIONAL_REPRESENTATION('',(#1239),#1247);
#1239 = ( BOUNDED_CURVE() B_SPLINE_CURVE(2,(#1240,#1241,#1242,#1243,
#1244,#1245,#1246),.UNSPECIFIED.,.T.,.F.) B_SPLINE_CURVE_WITH_KNOTS((1,2
    ,2,2,2,1),(-2.094395102393,0.,2.094395102393,4.188790204786,
6.28318530718,8.377580409573),.UNSPECIFIED.) CURVE() 
GEOMETRIC_REPRESENTATION_ITEM() RATIONAL_B_SPLINE_CURVE((1.,0.5,1.,0.5,
1.,0.5,1.)) REPRESENTATION_ITEM('') );
#1240 = CARTESIAN_POINT('',(-33.,39.));
#1241 = CARTESIAN_POINT('',(-38.1961524227,39.));
#1242 = CARTESIAN_POINT('',(-35.59807621135,43.5));
#1243 = CARTESIAN_POINT('',(-33.,48.));
#1244 = CARTESIAN_POINT('',(-30.40192378864,43.5));
#1245 = CARTESIAN_POINT('',(-27.80384757729,39.));
#1246 = CARTESIAN_POINT('',(-33.,39.));
#1247 = ( GEOMETRIC_REPRESENTATION_CONTEXT(2) 
PARAMETRIC_REPRESENTATION_CONTEXT() REPRESENTATION_CONTEXT('2D SPACE',''
  ) );
#1248 = PCURVE('',#1249,#1254);
#1249 = CYLINDRICAL_SURFACE('',#1250,3.);
#1250 = AXIS2_PLACEMENT_3D('',#1251,#1252,#1253);
#1251 = CARTESIAN_POINT('',(-33.,42.,0.));
#1252 = DIRECTION('',(0.,0.,1.));
#1253 = DIRECTION('',(-0.,1.,0.));
#1254 = DEFINITIONAL_REPRESENTATION('',(#1255),#1259);
#1255 = LINE('',#1256,#1257);
#1256 = CARTESIAN_POINT('',(3.14159265359,-0.));
#1257 = VECTOR('',#1258,1.);
#1258 = DIRECTION('',(-1.,0.));
#1259 = ( GEOMETRIC_REPRESENTATION_CONTEXT(2) 
PARAMETRIC_REPRESENTATION_CONTEXT() REPRESENTATION_CONTEXT('2D SPACE',''
  ) );
#1260 = ORIENTED_EDGE('',*,*,#1261,.T.);
#1261 = EDGE_CURVE('',#1229,#1262,#1264,.T.);
#1262 = VERTEX_POINT('',#1263);
#1263 = CARTESIAN_POINT('',(-42.,45.,0.));
#1264 = SURFACE_CURVE('',#1265,(#1269,#1276),.PCURVE_S1.);
#1265 = LINE('',#1266,#1267);
#1266 = CARTESIAN_POINT('',(-30.,45.,0.));
#1267 = VECTOR('',#1268,1.);
#1268 = DIRECTION('',(-1.,0.,0.));
#1269 = PCURVE('',#32,#1270);
#1270 = DEFINITIONAL_REPRESENTATION('',(#1271),#1275);
#1271 = LINE('',#1272,#1273);
#1272 = CARTESIAN_POINT('',(-30.,45.));
#1273 = VECTOR('',#1274,1.);
#1274 = DIRECTION('',(-1.,0.));
#1275 = ( GEOMETRIC_REPRESENTATION_CONTEXT(2) 
PARAMETRIC_REPRESENTATION_CONTEXT() REPRESENTATION_CONTEXT('2D SPACE',''
  ) );
#1276 = PCURVE('',#1277,#1282);
#1277 = PLANE('',#1278);
#1278 = AXIS2_PLACEMENT_3D('',#1279,#1280,#1281);
#1279 = CARTESIAN_POINT('',(-30.,45.,0.));
#1280 = DIRECTION('',(0.,-1.,0.));
#1281 = DIRECTION('',(-1.,0.,0.));
#1282 = DEFINITIONAL_REPRESENTATION('',(#1283),#1287);
#1283 = LINE('',#1284,#1285);
#1284 = CARTESIAN_POINT('',(0.,-0.));
#1285 = VECTOR('',#1286,1.);
#1286 = DIRECTION('',(1.,0.));
#1287 = ( GEOMETRIC_REPRESENTATION_CONTEXT(2) 
PARAMETRIC_REPRESENTATION_CONTEXT() REPRESENTATION_CONTEXT('2D SPACE',''
  ) );
#1288 = ORIENTED_EDGE('',*,*,#1289,.F.);
#1289 = EDGE_CURVE('',#1290,#1262,#1292,.T.);
#1290 = VERTEX_POINT('',#1291);
#1291 = CARTESIAN_POINT('',(-45.,42.,0.));
#1292 = SURFACE_CURVE('',#1293,(#1298,#1309),.PCURVE_S1.);
#1293 = CIRCLE('',#1294,3.);
#1294 = AXIS2_PLACEMENT_3D('',#1295,#1296,#1297);
#1295 = CARTESIAN_POINT('',(-42.,42.,0.));
#1296 = DIRECTION('',(-0.,-0.,-1.));
#1297 = DIRECTION('',(0.,-1.,0.));
#1298 = PCURVE('',#32,#1299);
#1299 = DEFINITIONAL_REPRESENTATION('',(#1300),#1308);
#1300 = ( BOUNDED_CURVE() B_SPLINE_CURVE(2,(#1301,#1302,#1303,#1304,
#1305,#1306,#1307),.UNSPECIFIED.,.T.,.F.) B_SPLINE_CURVE_WITH_KNOTS((1,2
    ,2,2,2,1),(-2.094395102393,0.,2.094395102393,4.188790204786,
6.28318530718,8.377580409573),.UNSPECIFIED.) CURVE() 
GEOMETRIC_REPRESENTATION_ITEM() RATIONAL_B_SPLINE_CURVE((1.,0.5,1.,0.5,
1.,0.5,1.)) REPRESENTATION_ITEM('') );
#1301 = CARTESIAN_POINT('',(-42.,39.));
#1302 = CARTESIAN_POINT('',(-47.1961524227,39.));
#1303 = CARTESIAN_POINT('',(-44.59807621135,43.5));
#1304 = CARTESIAN_POINT('',(-42.,48.));
#1305 = CARTESIAN_POINT('',(-39.40192378864,43.5));
#1306 = CARTESIAN_POINT('',(-36.80384757729,39.));
#1307 = CARTESIAN_POINT('',(-42.,39.));
#1308 = ( GEOMETRIC_REPRESENTATION_CONTEXT(2) 
PARAMETRIC_REPRESENTATION_CONTEXT() REPRESENTATION_CONTEXT('2D SPACE',''
  ) );
#1309 = PCURVE('',#1310,#1315);
#1310 = CYLINDRICAL_SURFACE('',#1311,3.);
#1311 = AXIS2_PLACEMENT_3D('',#1312,#1313,#1314);
#1312 = CARTESIAN_POINT('',(-42.,42.,0.));
#1313 = DIRECTION('',(0.,0.,1.));
#1314 = DIRECTION('',(-1.,0.,0.));
#1315 = DEFINITIONAL_REPRESENTATION('',(#1316),#1320);
#1316 = LINE('',#1317,#1318);
#1317 = CARTESIAN_POINT('',(1.570796326795,-0.));
#1318 = VECTOR('',#1319,1.);
#1319 = DIRECTION('',(-1.,0.));
#1320 = ( GEOMETRIC_REPRESENTATION_CONTEXT(2) 
PARAMETRIC_REPRESENTATION_CONTEXT() REPRESENTATION_CONTEXT('2D SPACE',''
  ) );
#1321 = ORIENTED_EDGE('',*,*,#1322,.T.);
#1322 = EDGE_CURVE('',#1290,#1323,#1325,.T.);
#1323 = VERTEX_POINT('',#1324);
#1324 = CARTESIAN_POINT('',(-45.,33.,0.));
#1325 = SURFACE_CURVE('',#1326,(#1330,#1337),.PCURVE_S1.);
#1326 = LINE('',#1327,#1328);
#1327 = CARTESIAN_POINT('',(-45.,45.,0.));
#1328 = VECTOR('',#1329,1.);
#1329 = DIRECTION('',(0.,-1.,0.));
#1330 = PCURVE('',#32,#1331);
#1331 = DEFINITIONAL_REPRESENTATION('',(#1332),#1336);
#1332 = LINE('',#1333,#1334);
#1333 = CARTESIAN_POINT('',(-45.,45.));
#1334 = VECTOR('',#1335,1.);
#1335 = DIRECTION('',(0.,-1.));
#1336 = ( GEOMETRIC_REPRESENTATION_CONTEXT(2) 
PARAMETRIC_REPRESENTATION_CONTEXT() REPRESENTATION_CONTEXT('2D SPACE',''
  ) );
#1337 = PCURVE('',#1338,#1343);
#1338 = PLANE('',#1339);
#1339 = AXIS2_PLACEMENT_3D('',#1340,#1341,#1342);
#1340 = CARTESIAN_POINT('',(-45.,45.,0.));
#1341 = DIRECTION('',(1.,0.,-0.));
#1342 = DIRECTION('',(0.,-1.,0.));
#1343 = DEFINITIONAL_REPRESENTATION('',(#1344),#1348);
#1344 = LINE('',#1345,#1346);
#1345 = CARTESIAN_POINT('',(0.,0.));
#1346 = VECTOR('',#1347,1.);
#1347 = DIRECTION('',(1.,0.));
#1348 = ( GEOMETRIC_REPRESENTATION_CONTEXT(2) 
PARAMETRIC_REPRESENTATION_CONTEXT() REPRESENTATION_CONTEXT('2D SPACE',''
  ) );
#1349 = ORIENTED_EDGE('',*,*,#1350,.F.);
#1350 = EDGE_CURVE('',#1351,#1323,#1353,.T.);
#1351 = VERTEX_POINT('',#1352);
#1352 = CARTESIAN_POINT('',(-42.,30.,0.));
#1353 = SURFACE_CURVE('',#1354,(#1359,#1370),.PCURVE_S1.);
#1354 = CIRCLE('',#1355,3.);
#1355 = AXIS2_PLACEMENT_3D('',#1356,#1357,#1358);
#1356 = CARTESIAN_POINT('',(-42.,33.,0.));
#1357 = DIRECTION('',(-0.,-0.,-1.));
#1358 = DIRECTION('',(0.,-1.,0.));
#1359 = PCURVE('',#32,#1360);
#1360 = DEFINITIONAL_REPRESENTATION('',(#1361),#1369);
#1361 = ( BOUNDED_CURVE() B_SPLINE_CURVE(2,(#1362,#1363,#1364,#1365,
#1366,#1367,#1368),.UNSPECIFIED.,.T.,.F.) B_SPLINE_CURVE_WITH_KNOTS((1,2
    ,2,2,2,1),(-2.094395102393,0.,2.094395102393,4.188790204786,
6.28318530718,8.377580409573),.UNSPECIFIED.) CURVE() 
GEOMETRIC_REPRESENTATION_ITEM() RATIONAL_B_SPLINE_CURVE((1.,0.5,1.,0.5,
1.,0.5,1.)) REPRESENTATION_ITEM('') );
#1362 = CARTESIAN_POINT('',(-42.,30.));
#1363 = CARTESIAN_POINT('',(-47.1961524227,30.));
#1364 = CARTESIAN_POINT('',(-44.59807621135,34.5));
#1365 = CARTESIAN_POINT('',(-42.,39.));
#1366 = CARTESIAN_POINT('',(-39.40192378864,34.5));
#1367 = CARTESIAN_POINT('',(-36.80384757729,30.));
#1368 = CARTESIAN_POINT('',(-42.,30.));
#1369 = ( GEOMETRIC_REPRESENTATION_CONTEXT(2) 
PARAMETRIC_REPRESENTATION_CONTEXT() REPRESENTATION_CONTEXT('2D SPACE',''
  ) );
#1370 = PCURVE('',#1371,#1376);
#1371 = CYLINDRICAL_SURFACE('',#1372,3.);
#1372 = AXIS2_PLACEMENT_3D('',#1373,#1374,#1375);
#1373 = CARTESIAN_POINT('',(-42.,33.,0.));
#1374 = DIRECTION('',(0.,0.,1.));
#1375 = DIRECTION('',(0.,-1.,0.));
#1376 = DEFINITIONAL_REPRESENTATION('',(#1377),#1381);
#1377 = LINE('',#1378,#1379);
#1378 = CARTESIAN_POINT('',(-0.,0.));
#1379 = VECTOR('',#1380,1.);
#1380 = DIRECTION('',(-1.,0.));
#1381 = ( GEOMETRIC_REPRESENTATION_CONTEXT(2) 
PARAMETRIC_REPRESENTATION_CONTEXT() REPRESENTATION_CONTEXT('2D SPACE',''
  ) );
#1382 = ORIENTED_EDGE('',*,*,#1383,.T.);
#1383 = EDGE_CURVE('',#1351,#1384,#1386,.T.);
#1384 = VERTEX_POINT('',#1385);
#1385 = CARTESIAN_POINT('',(-39.02081528017,30.,0.));
#1386 = SURFACE_CURVE('',#1387,(#1391,#1398),.PCURVE_S1.);
#1387 = LINE('',#1388,#1389);
#1388 = CARTESIAN_POINT('',(-45.,30.,0.));
#1389 = VECTOR('',#1390,1.);
#1390 = DIRECTION('',(1.,0.,0.));
#1391 = PCURVE('',#32,#1392);
#1392 = DEFINITIONAL_REPRESENTATION('',(#1393),#1397);
#1393 = LINE('',#1394,#1395);
#1394 = CARTESIAN_POINT('',(-45.,30.));
#1395 = VECTOR('',#1396,1.);
#1396 = DIRECTION('',(1.,0.));
#1397 = ( GEOMETRIC_REPRESENTATION_CONTEXT(2) 
PARAMETRIC_REPRESENTATION_CONTEXT() REPRESENTATION_CONTEXT('2D SPACE',''
  ) );
#1398 = PCURVE('',#1399,#1404);
#1399 = PLANE('',#1400);
#1400 = AXIS2_PLACEMENT_3D('',#1401,#1402,#1403);
#1401 = CARTESIAN_POINT('',(-45.,30.,0.));
#1402 = DIRECTION('',(0.,1.,0.));
#1403 = DIRECTION('',(1.,0.,0.));
#1404 = DEFINITIONAL_REPRESENTATION('',(#1405),#1409);
#1405 = LINE('',#1406,#1407);
#1406 = CARTESIAN_POINT('',(0.,0.));
#1407 = VECTOR('',#1408,1.);
#1408 = DIRECTION('',(1.,0.));
#1409 = ( GEOMETRIC_REPRESENTATION_CONTEXT(2) 
PARAMETRIC_REPRESENTATION_CONTEXT() REPRESENTATION_CONTEXT('2D SPACE',''
  ) );
#1410 = ORIENTED_EDGE('',*,*,#1411,.F.);
#1411 = EDGE_CURVE('',#1412,#1384,#1414,.T.);
#1412 = VERTEX_POINT('',#1413);
#1413 = CARTESIAN_POINT('',(-36.89949493661,29.12132034356,0.));
#1414 = SURFACE_CURVE('',#1415,(#1420,#1427),.PCURVE_S1.);
#1415 = CIRCLE('',#1416,3.);
#1416 = AXIS2_PLACEMENT_3D('',#1417,#1418,#1419);
#1417 = CARTESIAN_POINT('',(-39.02081528017,27.,0.));
#1418 = DIRECTION('',(0.,-0.,1.));
#1419 = DIRECTION('',(0.,-1.,-0.));
#1420 = PCURVE('',#32,#1421);
#1421 = DEFINITIONAL_REPRESENTATION('',(#1422),#1426);
#1422 = CIRCLE('',#1423,3.);
#1423 = AXIS2_PLACEMENT_2D('',#1424,#1425);
#1424 = CARTESIAN_POINT('',(-39.02081528017,27.));
#1425 = DIRECTION('',(0.,-1.));
#1426 = ( GEOMETRIC_REPRESENTATION_CONTEXT(2) 
PARAMETRIC_REPRESENTATION_CONTEXT() REPRESENTATION_CONTEXT('2D SPACE',''
  ) );
#1427 = PCURVE('',#1428,#1433);
#1428 = CYLINDRICAL_SURFACE('',#1429,3.);
#1429 = AXIS2_PLACEMENT_3D('',#1430,#1431,#1432);
#1430 = CARTESIAN_POINT('',(-39.02081528017,27.,0.));
#1431 = DIRECTION('',(0.,-0.,1.));
#1432 = DIRECTION('',(0.707106781187,0.707106781187,0.));
#1433 = DEFINITIONAL_REPRESENTATION('',(#1434),#1438);
#1434 = LINE('',#1435,#1436);
#1435 = CARTESIAN_POINT('',(-2.356194490192,0.));
#1436 = VECTOR('',#1437,1.);
#1437 = DIRECTION('',(1.,0.));
#1438 = ( GEOMETRIC_REPRESENTATION_CONTEXT(2) 
PARAMETRIC_REPRESENTATION_CONTEXT() REPRESENTATION_CONTEXT('2D SPACE',''
  ) );
#1439 = ORIENTED_EDGE('',*,*,#1440,.T.);
#1440 = EDGE_CURVE('',#1412,#1441,#1443,.T.);
#1441 = VERTEX_POINT('',#1442);
#1442 = CARTESIAN_POINT('',(-23.87867965644,16.100505063388,0.));
#1443 = SURFACE_CURVE('',#1444,(#1448,#1455),.PCURVE_S1.);
#1444 = LINE('',#1445,#1446);
#1445 = CARTESIAN_POINT('',(-41.38908729652,33.610912703474,0.));
#1446 = VECTOR('',#1447,1.);
#1447 = DIRECTION('',(0.707106781187,-0.707106781187,0.));
#1448 = PCURVE('',#32,#1449);
#1449 = DEFINITIONAL_REPRESENTATION('',(#1450),#1454);
#1450 = LINE('',#1451,#1452);
#1451 = CARTESIAN_POINT('',(-41.38908729652,33.610912703474));
#1452 = VECTOR('',#1453,1.);
#1453 = DIRECTION('',(0.707106781187,-0.707106781187));
#1454 = ( GEOMETRIC_REPRESENTATION_CONTEXT(2) 
PARAMETRIC_REPRESENTATION_CONTEXT() REPRESENTATION_CONTEXT('2D SPACE',''
  ) );
#1455 = PCURVE('',#1456,#1461);
#1456 = PLANE('',#1457);
#1457 = AXIS2_PLACEMENT_3D('',#1458,#1459,#1460);
#1458 = CARTESIAN_POINT('',(-41.38908729652,33.610912703474,0.));
#1459 = DIRECTION('',(0.707106781187,0.707106781187,-0.));
#1460 = DIRECTION('',(0.707106781187,-0.707106781187,0.));
#1461 = DEFINITIONAL_REPRESENTATION('',(#1462),#1466);
#1462 = LINE('',#1463,#1464);
#1463 = CARTESIAN_POINT('',(0.,0.));
#1464 = VECTOR('',#1465,1.);
#1465 = DIRECTION('',(1.,0.));
#1466 = ( GEOMETRIC_REPRESENTATION_CONTEXT(2) 
PARAMETRIC_REPRESENTATION_CONTEXT() REPRESENTATION_CONTEXT('2D SPACE',''
  ) );
#1467 = ORIENTED_EDGE('',*,*,#1468,.F.);
#1468 = EDGE_CURVE('',#1469,#1441,#1471,.T.);
#1469 = VERTEX_POINT('',#1470);
#1470 = CARTESIAN_POINT('',(-23.,13.979184719829,0.));
#1471 = SURFACE_CURVE('',#1472,(#1477,#1484),.PCURVE_S1.);
#1472 = CIRCLE('',#1473,3.);
#1473 = AXIS2_PLACEMENT_3D('',#1474,#1475,#1476);
#1474 = CARTESIAN_POINT('',(-26.,13.979184719829,0.));
#1475 = DIRECTION('',(0.,0.,1.));
#1476 = DIRECTION('',(0.,-1.,0.));
#1477 = PCURVE('',#32,#1478);
#1478 = DEFINITIONAL_REPRESENTATION('',(#1479),#1483);
#1479 = CIRCLE('',#1480,3.);
#1480 = AXIS2_PLACEMENT_2D('',#1481,#1482);
#1481 = CARTESIAN_POINT('',(-26.,13.979184719829));
#1482 = DIRECTION('',(0.,-1.));
#1483 = ( GEOMETRIC_REPRESENTATION_CONTEXT(2) 
PARAMETRIC_REPRESENTATION_CONTEXT() REPRESENTATION_CONTEXT('2D SPACE',''
  ) );
#1484 = PCURVE('',#1485,#1490);
#1485 = CYLINDRICAL_SURFACE('',#1486,3.);
#1486 = AXIS2_PLACEMENT_3D('',#1487,#1488,#1489);
#1487 = CARTESIAN_POINT('',(-26.,13.979184719829,0.));
#1488 = DIRECTION('',(0.,0.,1.));
#1489 = DIRECTION('',(1.,0.,-0.));
#1490 = DEFINITIONAL_REPRESENTATION('',(#1491),#1495);
#1491 = LINE('',#1492,#1493);
#1492 = CARTESIAN_POINT('',(-1.570796326795,0.));
#1493 = VECTOR('',#1494,1.);
#1494 = DIRECTION('',(1.,0.));
#1495 = ( GEOMETRIC_REPRESENTATION_CONTEXT(2) 
PARAMETRIC_REPRESENTATION_CONTEXT() REPRESENTATION_CONTEXT('2D SPACE',''
  ) );
#1496 = ORIENTED_EDGE('',*,*,#1497,.T.);
#1497 = EDGE_CURVE('',#1469,#1498,#1500,.T.);
#1498 = VERTEX_POINT('',#1499);
#1499 = CARTESIAN_POINT('',(-23.,-13.97918471982,0.));
#1500 = SURFACE_CURVE('',#1501,(#1505,#1512),.PCURVE_S1.);
#1501 = LINE('',#1502,#1503);
#1502 = CARTESIAN_POINT('',(-23.,23.,0.));
#1503 = VECTOR('',#1504,1.);
#1504 = DIRECTION('',(0.,-1.,0.));
#1505 = PCURVE('',#32,#1506);
#1506 = DEFINITIONAL_REPRESENTATION('',(#1507),#1511);
#1507 = LINE('',#1508,#1509);
#1508 = CARTESIAN_POINT('',(-23.,23.));
#1509 = VECTOR('',#1510,1.);
#1510 = DIRECTION('',(0.,-1.));
#1511 = ( GEOMETRIC_REPRESENTATION_CONTEXT(2) 
PARAMETRIC_REPRESENTATION_CONTEXT() REPRESENTATION_CONTEXT('2D SPACE',''
  ) );
#1512 = PCURVE('',#1513,#1518);
#1513 = PLANE('',#1514);
#1514 = AXIS2_PLACEMENT_3D('',#1515,#1516,#1517);
#1515 = CARTESIAN_POINT('',(-23.,23.,0.));
#1516 = DIRECTION('',(1.,0.,-0.));
#1517 = DIRECTION('',(0.,-1.,0.));
#1518 = DEFINITIONAL_REPRESENTATION('',(#1519),#1523);
#1519 = LINE('',#1520,#1521);
#1520 = CARTESIAN_POINT('',(0.,0.));
#1521 = VECTOR('',#1522,1.);
#1522 = DIRECTION('',(1.,0.));
#1523 = ( GEOMETRIC_REPRESENTATION_CONTEXT(2) 
PARAMETRIC_REPRESENTATION_CONTEXT() REPRESENTATION_CONTEXT('2D SPACE',''
  ) );
#1524 = ORIENTED_EDGE('',*,*,#1525,.F.);
#1525 = EDGE_CURVE('',#1526,#1498,#1528,.T.);
#1526 = VERTEX_POINT('',#1527);
#1527 = CARTESIAN_POINT('',(-23.87867965644,-16.10050506338,0.));
#1528 = SURFACE_CURVE('',#1529,(#1534,#1541),.PCURVE_S1.);
#1529 = CIRCLE('',#1530,3.);
#1530 = AXIS2_PLACEMENT_3D('',#1531,#1532,#1533);
#1531 = CARTESIAN_POINT('',(-26.,-13.97918471982,0.));
#1532 = DIRECTION('',(-0.,0.,1.));
#1533 = DIRECTION('',(0.,1.,0.));
#1534 = PCURVE('',#32,#1535);
#1535 = DEFINITIONAL_REPRESENTATION('',(#1536),#1540);
#1536 = CIRCLE('',#1537,3.);
#1537 = AXIS2_PLACEMENT_2D('',#1538,#1539);
#1538 = CARTESIAN_POINT('',(-26.,-13.97918471982));
#1539 = DIRECTION('',(0.,1.));
#1540 = ( GEOMETRIC_REPRESENTATION_CONTEXT(2) 
PARAMETRIC_REPRESENTATION_CONTEXT() REPRESENTATION_CONTEXT('2D SPACE',''
  ) );
#1541 = PCURVE('',#1542,#1547);
#1542 = CYLINDRICAL_SURFACE('',#1543,3.);
#1543 = AXIS2_PLACEMENT_3D('',#1544,#1545,#1546);
#1544 = CARTESIAN_POINT('',(-26.,-13.97918471982,2.5));
#1545 = DIRECTION('',(0.,-0.,-1.));
#1546 = DIRECTION('',(0.707106781187,-0.707106781187,0.));
#1547 = DEFINITIONAL_REPRESENTATION('',(#1548),#1552);
#1548 = LINE('',#1549,#1550);
#1549 = CARTESIAN_POINT('',(3.926990816987,2.5));
#1550 = VECTOR('',#1551,1.);
#1551 = DIRECTION('',(-1.,0.));
#1552 = ( GEOMETRIC_REPRESENTATION_CONTEXT(2) 
PARAMETRIC_REPRESENTATION_CONTEXT() REPRESENTATION_CONTEXT('2D SPACE',''
  ) );
#1553 = ORIENTED_EDGE('',*,*,#1554,.T.);
#1554 = EDGE_CURVE('',#1526,#1555,#1557,.T.);
#1555 = VERTEX_POINT('',#1556);
#1556 = CARTESIAN_POINT('',(-36.89949493661,-29.12132034356,0.));
#1557 = SURFACE_CURVE('',#1558,(#1562,#1569),.PCURVE_S1.);
#1558 = LINE('',#1559,#1560);
#1559 = CARTESIAN_POINT('',(-3.889087296526,3.889087296526,0.));
#1560 = VECTOR('',#1561,1.);
#1561 = DIRECTION('',(-0.707106781187,-0.707106781187,0.));
#1562 = PCURVE('',#32,#1563);
#1563 = DEFINITIONAL_REPRESENTATION('',(#1564),#1568);
#1564 = LINE('',#1565,#1566);
#1565 = CARTESIAN_POINT('',(-3.889087296526,3.889087296526));
#1566 = VECTOR('',#1567,1.);
#1567 = DIRECTION('',(-0.707106781187,-0.707106781187));
#1568 = ( GEOMETRIC_REPRESENTATION_CONTEXT(2) 
PARAMETRIC_REPRESENTATION_CONTEXT() REPRESENTATION_CONTEXT('2D SPACE',''
  ) );
#1569 = PCURVE('',#1570,#1575);
#1570 = PLANE('',#1571);
#1571 = AXIS2_PLACEMENT_3D('',#1572,#1573,#1574);
#1572 = CARTESIAN_POINT('',(-3.889087296526,3.889087296526,0.));
#1573 = DIRECTION('',(0.707106781187,-0.707106781187,0.));
#1574 = DIRECTION('',(-0.707106781187,-0.707106781187,0.));
#1575 = DEFINITIONAL_REPRESENTATION('',(#1576),#1580);
#1576 = LINE('',#1577,#1578);
#1577 = CARTESIAN_POINT('',(0.,0.));
#1578 = VECTOR('',#1579,1.);
#1579 = DIRECTION('',(1.,0.));
#1580 = ( GEOMETRIC_REPRESENTATION_CONTEXT(2) 
PARAMETRIC_REPRESENTATION_CONTEXT() REPRESENTATION_CONTEXT('2D SPACE',''
  ) );
#1581 = ORIENTED_EDGE('',*,*,#1582,.F.);
#1582 = EDGE_CURVE('',#1583,#1555,#1585,.T.);
#1583 = VERTEX_POINT('',#1584);
#1584 = CARTESIAN_POINT('',(-39.02081528017,-30.,0.));
#1585 = SURFACE_CURVE('',#1586,(#1591,#1598),.PCURVE_S1.);
#1586 = CIRCLE('',#1587,3.);
#1587 = AXIS2_PLACEMENT_3D('',#1588,#1589,#1590);
#1588 = CARTESIAN_POINT('',(-39.02081528017,-27.,0.));
#1589 = DIRECTION('',(0.,-0.,1.));
#1590 = DIRECTION('',(0.,1.,0.));
#1591 = PCURVE('',#32,#1592);
#1592 = DEFINITIONAL_REPRESENTATION('',(#1593),#1597);
#1593 = CIRCLE('',#1594,3.);
#1594 = AXIS2_PLACEMENT_2D('',#1595,#1596);
#1595 = CARTESIAN_POINT('',(-39.02081528017,-27.));
#1596 = DIRECTION('',(0.,1.));
#1597 = ( GEOMETRIC_REPRESENTATION_CONTEXT(2) 
PARAMETRIC_REPRESENTATION_CONTEXT() REPRESENTATION_CONTEXT('2D SPACE',''
  ) );
#1598 = PCURVE('',#1599,#1604);
#1599 = CYLINDRICAL_SURFACE('',#1600,3.);
#1600 = AXIS2_PLACEMENT_3D('',#1601,#1602,#1603);
#1601 = CARTESIAN_POINT('',(-39.02081528017,-27.,2.5));
#1602 = DIRECTION('',(0.,0.,-1.));
#1603 = DIRECTION('',(0.,-1.,0.));
#1604 = DEFINITIONAL_REPRESENTATION('',(#1605),#1609);
#1605 = LINE('',#1606,#1607);
#1606 = CARTESIAN_POINT('',(3.14159265359,2.5));
#1607 = VECTOR('',#1608,1.);
#1608 = DIRECTION('',(-1.,0.));
#1609 = ( GEOMETRIC_REPRESENTATION_CONTEXT(2) 
PARAMETRIC_REPRESENTATION_CONTEXT() REPRESENTATION_CONTEXT('2D SPACE',''
  ) );
#1610 = ORIENTED_EDGE('',*,*,#1611,.T.);
#1611 = EDGE_CURVE('',#1583,#1612,#1614,.T.);
#1612 = VERTEX_POINT('',#1613);
#1613 = CARTESIAN_POINT('',(-42.,-30.,0.));
#1614 = SURFACE_CURVE('',#1615,(#1619,#1626),.PCURVE_S1.);
#1615 = LINE('',#1616,#1617);
#1616 = CARTESIAN_POINT('',(-30.,-30.,0.));
#1617 = VECTOR('',#1618,1.);
#1618 = DIRECTION('',(-1.,0.,0.));
#1619 = PCURVE('',#32,#1620);
#1620 = DEFINITIONAL_REPRESENTATION('',(#1621),#1625);
#1621 = LINE('',#1622,#1623);
#1622 = CARTESIAN_POINT('',(-30.,-30.));
#1623 = VECTOR('',#1624,1.);
#1624 = DIRECTION('',(-1.,0.));
#1625 = ( GEOMETRIC_REPRESENTATION_CONTEXT(2) 
PARAMETRIC_REPRESENTATION_CONTEXT() REPRESENTATION_CONTEXT('2D SPACE',''
  ) );
#1626 = PCURVE('',#1627,#1632);
#1627 = PLANE('',#1628);
#1628 = AXIS2_PLACEMENT_3D('',#1629,#1630,#1631);
#1629 = CARTESIAN_POINT('',(-30.,-30.,0.));
#1630 = DIRECTION('',(0.,-1.,0.));
#1631 = DIRECTION('',(-1.,0.,0.));
#1632 = DEFINITIONAL_REPRESENTATION('',(#1633),#1637);
#1633 = LINE('',#1634,#1635);
#1634 = CARTESIAN_POINT('',(0.,-0.));
#1635 = VECTOR('',#1636,1.);
#1636 = DIRECTION('',(1.,0.));
#1637 = ( GEOMETRIC_REPRESENTATION_CONTEXT(2) 
PARAMETRIC_REPRESENTATION_CONTEXT() REPRESENTATION_CONTEXT('2D SPACE',''
  ) );
#1638 = ORIENTED_EDGE('',*,*,#1639,.F.);
#1639 = EDGE_CURVE('',#22,#1612,#1640,.T.);
#1640 = SURFACE_CURVE('',#1641,(#1646,#1657),.PCURVE_S1.);
#1641 = CIRCLE('',#1642,3.);
#1642 = AXIS2_PLACEMENT_3D('',#1643,#1644,#1645);
#1643 = CARTESIAN_POINT('',(-42.,-33.,0.));
#1644 = DIRECTION('',(-0.,-0.,-1.));
#1645 = DIRECTION('',(0.,-1.,0.));
#1646 = PCURVE('',#32,#1647);
#1647 = DEFINITIONAL_REPRESENTATION('',(#1648),#1656);
#1648 = ( BOUNDED_CURVE() B_SPLINE_CURVE(2,(#1649,#1650,#1651,#1652,
#1653,#1654,#1655),.UNSPECIFIED.,.T.,.F.) B_SPLINE_CURVE_WITH_KNOTS((1,2
    ,2,2,2,1),(-2.094395102393,0.,2.094395102393,4.188790204786,
6.28318530718,8.377580409573),.UNSPECIFIED.) CURVE() 
GEOMETRIC_REPRESENTATION_ITEM() RATIONAL_B_SPLINE_CURVE((1.,0.5,1.,0.5,
1.,0.5,1.)) REPRESENTATION_ITEM('') );
#1649 = CARTESIAN_POINT('',(-42.,-36.));
#1650 = CARTESIAN_POINT('',(-47.1961524227,-36.));
#1651 = CARTESIAN_POINT('',(-44.59807621135,-31.5));
#1652 = CARTESIAN_POINT('',(-42.,-27.));
#1653 = CARTESIAN_POINT('',(-39.40192378864,-31.5));
#1654 = CARTESIAN_POINT('',(-36.80384757729,-36.));
#1655 = CARTESIAN_POINT('',(-42.,-36.));
#1656 = ( GEOMETRIC_REPRESENTATION_CONTEXT(2) 
PARAMETRIC_REPRESENTATION_CONTEXT() REPRESENTATION_CONTEXT('2D SPACE',''
  ) );
#1657 = PCURVE('',#1658,#1663);
#1658 = CYLINDRICAL_SURFACE('',#1659,3.);
#1659 = AXIS2_PLACEMENT_3D('',#1660,#1661,#1662);
#1660 = CARTESIAN_POINT('',(-42.,-33.,0.));
#1661 = DIRECTION('',(0.,0.,1.));
#1662 = DIRECTION('',(-1.,0.,0.));
#1663 = DEFINITIONAL_REPRESENTATION('',(#1664),#1668);
#1664 = LINE('',#1665,#1666);
#1665 = CARTESIAN_POINT('',(1.570796326795,-0.));
#1666 = VECTOR('',#1667,1.);
#1667 = DIRECTION('',(-1.,0.));
#1668 = ( GEOMETRIC_REPRESENTATION_CONTEXT(2) 
PARAMETRIC_REPRESENTATION_CONTEXT() REPRESENTATION_CONTEXT('2D SPACE',''
  ) );
#1669 = FACE_BOUND('',#1670,.F.);
#1670 = EDGE_LOOP('',(#1671));
#1671 = ORIENTED_EDGE('',*,*,#1672,.F.);
#1672 = EDGE_CURVE('',#1673,#1673,#1675,.T.);
#1673 = VERTEX_POINT('',#1674);
#1674 = CARTESIAN_POINT('',(-40.9,-42.,0.));
#1675 = SURFACE_CURVE('',#1676,(#1681,#1688),.PCURVE_S1.);
#1676 = CIRCLE('',#1677,1.1);
#1677 = AXIS2_PLACEMENT_3D('',#1678,#1679,#1680);
#1678 = CARTESIAN_POINT('',(-42.,-42.,0.));
#1679 = DIRECTION('',(0.,0.,1.));
#1680 = DIRECTION('',(1.,0.,0.));
#1681 = PCURVE('',#32,#1682);
#1682 = DEFINITIONAL_REPRESENTATION('',(#1683),#1687);
#1683 = CIRCLE('',#1684,1.1);
#1684 = AXIS2_PLACEMENT_2D('',#1685,#1686);
#1685 = CARTESIAN_POINT('',(-42.,-42.));
#1686 = DIRECTION('',(1.,0.));
#1687 = ( GEOMETRIC_REPRESENTATION_CONTEXT(2) 
PARAMETRIC_REPRESENTATION_CONTEXT() REPRESENTATION_CONTEXT('2D SPACE',''
  ) );
#1688 = PCURVE('',#1689,#1694);
#1689 = CYLINDRICAL_SURFACE('',#1690,1.1);
#1690 = AXIS2_PLACEMENT_3D('',#1691,#1692,#1693);
#1691 = CARTESIAN_POINT('',(-42.,-42.,2.5));
#1692 = DIRECTION('',(0.,0.,1.));
#1693 = DIRECTION('',(1.,0.,0.));
#1694 = DEFINITIONAL_REPRESENTATION('',(#1695),#1699);
#1695 = LINE('',#1696,#1697);
#1696 = CARTESIAN_POINT('',(0.,-2.5));
#1697 = VECTOR('',#1698,1.);
#1698 = DIRECTION('',(1.,0.));
#1699 = ( GEOMETRIC_REPRESENTATION_CONTEXT(2) 
PARAMETRIC_REPRESENTATION_CONTEXT() REPRESENTATION_CONTEXT('2D SPACE',''
  ) );
#1700 = FACE_BOUND('',#1701,.F.);
#1701 = EDGE_LOOP('',(#1702));
#1702 = ORIENTED_EDGE('',*,*,#1703,.F.);
#1703 = EDGE_CURVE('',#1704,#1704,#1706,.T.);
#1704 = VERTEX_POINT('',#1705);
#1705 = CARTESIAN_POINT('',(-31.9,-42.,0.));
#1706 = SURFACE_CURVE('',#1707,(#1712,#1719),.PCURVE_S1.);
#1707 = CIRCLE('',#1708,1.1);
#1708 = AXIS2_PLACEMENT_3D('',#1709,#1710,#1711);
#1709 = CARTESIAN_POINT('',(-33.,-42.,0.));
#1710 = DIRECTION('',(0.,0.,1.));
#1711 = DIRECTION('',(1.,0.,0.));
#1712 = PCURVE('',#32,#1713);
#1713 = DEFINITIONAL_REPRESENTATION('',(#1714),#1718);
#1714 = CIRCLE('',#1715,1.1);
#1715 = AXIS2_PLACEMENT_2D('',#1716,#1717);
#1716 = CARTESIAN_POINT('',(-33.,-42.));
#1717 = DIRECTION('',(1.,0.));
#1718 = ( GEOMETRIC_REPRESENTATION_CONTEXT(2) 
PARAMETRIC_REPRESENTATION_CONTEXT() REPRESENTATION_CONTEXT('2D SPACE',''
  ) );
#1719 = PCURVE('',#1720,#1725);
#1720 = CYLINDRICAL_SURFACE('',#1721,1.1);
#1721 = AXIS2_PLACEMENT_3D('',#1722,#1723,#1724);
#1722 = CARTESIAN_POINT('',(-33.,-42.,2.5));
#1723 = DIRECTION('',(0.,0.,1.));
#1724 = DIRECTION('',(1.,0.,0.));
#1725 = DEFINITIONAL_REPRESENTATION('',(#1726),#1730);
#1726 = LINE('',#1727,#1728);
#1727 = CARTESIAN_POINT('',(0.,-2.5));
#1728 = VECTOR('',#1729,1.);
#1729 = DIRECTION('',(1.,0.));
#1730 = ( GEOMETRIC_REPRESENTATION_CONTEXT(2) 
PARAMETRIC_REPRESENTATION_CONTEXT() REPRESENTATION_CONTEXT('2D SPACE',''
  ) );
#1731 = FACE_BOUND('',#1732,.F.);
#1732 = EDGE_LOOP('',(#1733));
#1733 = ORIENTED_EDGE('',*,*,#1734,.F.);
#1734 = EDGE_CURVE('',#1735,#1735,#1737,.T.);
#1735 = VERTEX_POINT('',#1736);
#1736 = CARTESIAN_POINT('',(-40.9,-33.,0.));
#1737 = SURFACE_CURVE('',#1738,(#1743,#1750),.PCURVE_S1.);
#1738 = CIRCLE('',#1739,1.1);
#1739 = AXIS2_PLACEMENT_3D('',#1740,#1741,#1742);
#1740 = CARTESIAN_POINT('',(-42.,-33.,0.));
#1741 = DIRECTION('',(0.,0.,1.));
#1742 = DIRECTION('',(1.,0.,0.));
#1743 = PCURVE('',#32,#1744);
#1744 = DEFINITIONAL_REPRESENTATION('',(#1745),#1749);
#1745 = CIRCLE('',#1746,1.1);
#1746 = AXIS2_PLACEMENT_2D('',#1747,#1748);
#1747 = CARTESIAN_POINT('',(-42.,-33.));
#1748 = DIRECTION('',(1.,0.));
#1749 = ( GEOMETRIC_REPRESENTATION_CONTEXT(2) 
PARAMETRIC_REPRESENTATION_CONTEXT() REPRESENTATION_CONTEXT('2D SPACE',''
  ) );
#1750 = PCURVE('',#1751,#1756);
#1751 = CYLINDRICAL_SURFACE('',#1752,1.1);
#1752 = AXIS2_PLACEMENT_3D('',#1753,#1754,#1755);
#1753 = CARTESIAN_POINT('',(-42.,-33.,2.5));
#1754 = DIRECTION('',(0.,0.,1.));
#1755 = DIRECTION('',(1.,0.,0.));
#1756 = DEFINITIONAL_REPRESENTATION('',(#1757),#1761);
#1757 = LINE('',#1758,#1759);
#1758 = CARTESIAN_POINT('',(0.,-2.5));
#1759 = VECTOR('',#1760,1.);
#1760 = DIRECTION('',(1.,0.));
#1761 = ( GEOMETRIC_REPRESENTATION_CONTEXT(2) 
PARAMETRIC_REPRESENTATION_CONTEXT() REPRESENTATION_CONTEXT('2D SPACE',''
  ) );
#1762 = FACE_BOUND('',#1763,.F.);
#1763 = EDGE_LOOP('',(#1764));
#1764 = ORIENTED_EDGE('',*,*,#1765,.F.);
#1765 = EDGE_CURVE('',#1766,#1766,#1768,.T.);
#1766 = VERTEX_POINT('',#1767);
#1767 = CARTESIAN_POINT('',(-35.,-37.5,0.));
#1768 = SURFACE_CURVE('',#1769,(#1774,#1781),.PCURVE_S1.);
#1769 = CIRCLE('',#1770,2.5);
#1770 = AXIS2_PLACEMENT_3D('',#1771,#1772,#1773);
#1771 = CARTESIAN_POINT('',(-37.5,-37.5,0.));
#1772 = DIRECTION('',(0.,0.,1.));
#1773 = DIRECTION('',(1.,0.,0.));
#1774 = PCURVE('',#32,#1775);
#1775 = DEFINITIONAL_REPRESENTATION('',(#1776),#1780);
#1776 = CIRCLE('',#1777,2.5);
#1777 = AXIS2_PLACEMENT_2D('',#1778,#1779);
#1778 = CARTESIAN_POINT('',(-37.5,-37.5));
#1779 = DIRECTION('',(1.,0.));
#1780 = ( GEOMETRIC_REPRESENTATION_CONTEXT(2) 
PARAMETRIC_REPRESENTATION_CONTEXT() REPRESENTATION_CONTEXT('2D SPACE',''
  ) );
#1781 = PCURVE('',#1782,#1787);
#1782 = CYLINDRICAL_SURFACE('',#1783,2.5);
#1783 = AXIS2_PLACEMENT_3D('',#1784,#1785,#1786);
#1784 = CARTESIAN_POINT('',(-37.5,-37.5,2.5));
#1785 = DIRECTION('',(0.,0.,1.));
#1786 = DIRECTION('',(1.,0.,0.));
#1787 = DEFINITIONAL_REPRESENTATION('',(#1788),#1792);
#1788 = LINE('',#1789,#1790);
#1789 = CARTESIAN_POINT('',(0.,-2.5));
#1790 = VECTOR('',#1791,1.);
#1791 = DIRECTION('',(1.,0.));
#1792 = ( GEOMETRIC_REPRESENTATION_CONTEXT(2) 
PARAMETRIC_REPRESENTATION_CONTEXT() REPRESENTATION_CONTEXT('2D SPACE',''
  ) );
#1793 = FACE_BOUND('',#1794,.F.);
#1794 = EDGE_LOOP('',(#1795));
#1795 = ORIENTED_EDGE('',*,*,#1796,.F.);
#1796 = EDGE_CURVE('',#1797,#1797,#1799,.T.);
#1797 = VERTEX_POINT('',#1798);
#1798 = CARTESIAN_POINT('',(-31.9,-33.,0.));
#1799 = SURFACE_CURVE('',#1800,(#1805,#1812),.PCURVE_S1.);
#1800 = CIRCLE('',#1801,1.1);
#1801 = AXIS2_PLACEMENT_3D('',#1802,#1803,#1804);
#1802 = CARTESIAN_POINT('',(-33.,-33.,0.));
#1803 = DIRECTION('',(0.,0.,1.));
#1804 = DIRECTION('',(1.,0.,0.));
#1805 = PCURVE('',#32,#1806);
#1806 = DEFINITIONAL_REPRESENTATION('',(#1807),#1811);
#1807 = CIRCLE('',#1808,1.1);
#1808 = AXIS2_PLACEMENT_2D('',#1809,#1810);
#1809 = CARTESIAN_POINT('',(-33.,-33.));
#1810 = DIRECTION('',(1.,0.));
#1811 = ( GEOMETRIC_REPRESENTATION_CONTEXT(2) 
PARAMETRIC_REPRESENTATION_CONTEXT() REPRESENTATION_CONTEXT('2D SPACE',''
  ) );
#1812 = PCURVE('',#1813,#1818);
#1813 = CYLINDRICAL_SURFACE('',#1814,1.1);
#1814 = AXIS2_PLACEMENT_3D('',#1815,#1816,#1817);
#1815 = CARTESIAN_POINT('',(-33.,-33.,2.5));
#1816 = DIRECTION('',(0.,0.,1.));
#1817 = DIRECTION('',(1.,0.,0.));
#1818 = DEFINITIONAL_REPRESENTATION('',(#1819),#1823);
#1819 = LINE('',#1820,#1821);
#1820 = CARTESIAN_POINT('',(0.,-2.5));
#1821 = VECTOR('',#1822,1.);
#1822 = DIRECTION('',(1.,0.));
#1823 = ( GEOMETRIC_REPRESENTATION_CONTEXT(2) 
PARAMETRIC_REPRESENTATION_CONTEXT() REPRESENTATION_CONTEXT('2D SPACE',''
  ) );
#1824 = FACE_BOUND('',#1825,.F.);
#1825 = EDGE_LOOP('',(#1826));
#1826 = ORIENTED_EDGE('',*,*,#1827,.F.);
#1827 = EDGE_CURVE('',#1828,#1828,#1830,.T.);
#1828 = VERTEX_POINT('',#1829);
#1829 = CARTESIAN_POINT('',(-8.9,-10.,0.));
#1830 = SURFACE_CURVE('',#1831,(#1836,#1843),.PCURVE_S1.);
#1831 = CIRCLE('',#1832,1.1);
#1832 = AXIS2_PLACEMENT_3D('',#1833,#1834,#1835);
#1833 = CARTESIAN_POINT('',(-10.,-10.,0.));
#1834 = DIRECTION('',(0.,0.,1.));
#1835 = DIRECTION('',(1.,0.,0.));
#1836 = PCURVE('',#32,#1837);
#1837 = DEFINITIONAL_REPRESENTATION('',(#1838),#1842);
#1838 = CIRCLE('',#1839,1.1);
#1839 = AXIS2_PLACEMENT_2D('',#1840,#1841);
#1840 = CARTESIAN_POINT('',(-10.,-10.));
#1841 = DIRECTION('',(1.,0.));
#1842 = ( GEOMETRIC_REPRESENTATION_CONTEXT(2) 
PARAMETRIC_REPRESENTATION_CONTEXT() REPRESENTATION_CONTEXT('2D SPACE',''
  ) );
#1843 = PCURVE('',#1844,#1849);
#1844 = CYLINDRICAL_SURFACE('',#1845,1.1);
#1845 = AXIS2_PLACEMENT_3D('',#1846,#1847,#1848);
#1846 = CARTESIAN_POINT('',(-10.,-10.,2.5));
#1847 = DIRECTION('',(0.,0.,1.));
#1848 = DIRECTION('',(1.,0.,0.));
#1849 = DEFINITIONAL_REPRESENTATION('',(#1850),#1854);
#1850 = LINE('',#1851,#1852);
#1851 = CARTESIAN_POINT('',(0.,-2.5));
#1852 = VECTOR('',#1853,1.);
#1853 = DIRECTION('',(1.,0.));
#1854 = ( GEOMETRIC_REPRESENTATION_CONTEXT(2) 
PARAMETRIC_REPRESENTATION_CONTEXT() REPRESENTATION_CONTEXT('2D SPACE',''
  ) );
#1855 = FACE_BOUND('',#1856,.F.);
#1856 = EDGE_LOOP('',(#1857));
#1857 = ORIENTED_EDGE('',*,*,#1858,.F.);
#1858 = EDGE_CURVE('',#1859,#1859,#1861,.T.);
#1859 = VERTEX_POINT('',#1860);
#1860 = CARTESIAN_POINT('',(34.1,-42.,0.));
#1861 = SURFACE_CURVE('',#1862,(#1867,#1874),.PCURVE_S1.);
#1862 = CIRCLE('',#1863,1.1);
#1863 = AXIS2_PLACEMENT_3D('',#1864,#1865,#1866);
#1864 = CARTESIAN_POINT('',(33.,-42.,0.));
#1865 = DIRECTION('',(0.,0.,1.));
#1866 = DIRECTION('',(1.,0.,0.));
#1867 = PCURVE('',#32,#1868);
#1868 = DEFINITIONAL_REPRESENTATION('',(#1869),#1873);
#1869 = CIRCLE('',#1870,1.1);
#1870 = AXIS2_PLACEMENT_2D('',#1871,#1872);
#1871 = CARTESIAN_POINT('',(33.,-42.));
#1872 = DIRECTION('',(1.,0.));
#1873 = ( GEOMETRIC_REPRESENTATION_CONTEXT(2) 
PARAMETRIC_REPRESENTATION_CONTEXT() REPRESENTATION_CONTEXT('2D SPACE',''
  ) );
#1874 = PCURVE('',#1875,#1880);
#1875 = CYLINDRICAL_SURFACE('',#1876,1.1);
#1876 = AXIS2_PLACEMENT_3D('',#1877,#1878,#1879);
#1877 = CARTESIAN_POINT('',(33.,-42.,2.5));
#1878 = DIRECTION('',(0.,0.,1.));
#1879 = DIRECTION('',(1.,0.,0.));
#1880 = DEFINITIONAL_REPRESENTATION('',(#1881),#1885);
#1881 = LINE('',#1882,#1883);
#1882 = CARTESIAN_POINT('',(0.,-2.5));
#1883 = VECTOR('',#1884,1.);
#1884 = DIRECTION('',(1.,0.));
#1885 = ( GEOMETRIC_REPRESENTATION_CONTEXT(2) 
PARAMETRIC_REPRESENTATION_CONTEXT() REPRESENTATION_CONTEXT('2D SPACE',''
  ) );
#1886 = FACE_BOUND('',#1887,.F.);
#1887 = EDGE_LOOP('',(#1888));
#1888 = ORIENTED_EDGE('',*,*,#1889,.F.);
#1889 = EDGE_CURVE('',#1890,#1890,#1892,.T.);
#1890 = VERTEX_POINT('',#1891);
#1891 = CARTESIAN_POINT('',(43.1,-42.,0.));
#1892 = SURFACE_CURVE('',#1893,(#1898,#1905),.PCURVE_S1.);
#1893 = CIRCLE('',#1894,1.1);
#1894 = AXIS2_PLACEMENT_3D('',#1895,#1896,#1897);
#1895 = CARTESIAN_POINT('',(42.,-42.,0.));
#1896 = DIRECTION('',(0.,0.,1.));
#1897 = DIRECTION('',(1.,0.,0.));
#1898 = PCURVE('',#32,#1899);
#1899 = DEFINITIONAL_REPRESENTATION('',(#1900),#1904);
#1900 = CIRCLE('',#1901,1.1);
#1901 = AXIS2_PLACEMENT_2D('',#1902,#1903);
#1902 = CARTESIAN_POINT('',(42.,-42.));
#1903 = DIRECTION('',(1.,0.));
#1904 = ( GEOMETRIC_REPRESENTATION_CONTEXT(2) 
PARAMETRIC_REPRESENTATION_CONTEXT() REPRESENTATION_CONTEXT('2D SPACE',''
  ) );
#1905 = PCURVE('',#1906,#1911);
#1906 = CYLINDRICAL_SURFACE('',#1907,1.1);
#1907 = AXIS2_PLACEMENT_3D('',#1908,#1909,#1910);
#1908 = CARTESIAN_POINT('',(42.,-42.,2.5));
#1909 = DIRECTION('',(0.,0.,1.));
#1910 = DIRECTION('',(1.,0.,0.));
#1911 = DEFINITIONAL_REPRESENTATION('',(#1912),#1916);
#1912 = LINE('',#1913,#1914);
#1913 = CARTESIAN_POINT('',(0.,-2.5));
#1914 = VECTOR('',#1915,1.);
#1915 = DIRECTION('',(1.,0.));
#1916 = ( GEOMETRIC_REPRESENTATION_CONTEXT(2) 
PARAMETRIC_REPRESENTATION_CONTEXT() REPRESENTATION_CONTEXT('2D SPACE',''
  ) );
#1917 = FACE_BOUND('',#1918,.F.);
#1918 = EDGE_LOOP('',(#1919));
#1919 = ORIENTED_EDGE('',*,*,#1920,.F.);
#1920 = EDGE_CURVE('',#1921,#1921,#1923,.T.);
#1921 = VERTEX_POINT('',#1922);
#1922 = CARTESIAN_POINT('',(40.,-37.5,0.));
#1923 = SURFACE_CURVE('',#1924,(#1929,#1936),.PCURVE_S1.);
#1924 = CIRCLE('',#1925,2.5);
#1925 = AXIS2_PLACEMENT_3D('',#1926,#1927,#1928);
#1926 = CARTESIAN_POINT('',(37.5,-37.5,0.));
#1927 = DIRECTION('',(0.,0.,1.));
#1928 = DIRECTION('',(1.,0.,0.));
#1929 = PCURVE('',#32,#1930);
#1930 = DEFINITIONAL_REPRESENTATION('',(#1931),#1935);
#1931 = CIRCLE('',#1932,2.5);
#1932 = AXIS2_PLACEMENT_2D('',#1933,#1934);
#1933 = CARTESIAN_POINT('',(37.5,-37.5));
#1934 = DIRECTION('',(1.,0.));
#1935 = ( GEOMETRIC_REPRESENTATION_CONTEXT(2) 
PARAMETRIC_REPRESENTATION_CONTEXT() REPRESENTATION_CONTEXT('2D SPACE',''
  ) );
#1936 = PCURVE('',#1937,#1942);
#1937 = CYLINDRICAL_SURFACE('',#1938,2.5);
#1938 = AXIS2_PLACEMENT_3D('',#1939,#1940,#1941);
#1939 = CARTESIAN_POINT('',(37.5,-37.5,2.5));
#1940 = DIRECTION('',(0.,0.,1.));
#1941 = DIRECTION('',(1.,0.,0.));
#1942 = DEFINITIONAL_REPRESENTATION('',(#1943),#1947);
#1943 = LINE('',#1944,#1945);
#1944 = CARTESIAN_POINT('',(0.,-2.5));
#1945 = VECTOR('',#1946,1.);
#1946 = DIRECTION('',(1.,0.));
#1947 = ( GEOMETRIC_REPRESENTATION_CONTEXT(2) 
PARAMETRIC_REPRESENTATION_CONTEXT() REPRESENTATION_CONTEXT('2D SPACE',''
  ) );
#1948 = FACE_BOUND('',#1949,.F.);
#1949 = EDGE_LOOP('',(#1950));
#1950 = ORIENTED_EDGE('',*,*,#1951,.F.);
#1951 = EDGE_CURVE('',#1952,#1952,#1954,.T.);
#1952 = VERTEX_POINT('',#1953);
#1953 = CARTESIAN_POINT('',(34.1,-33.,0.));
#1954 = SURFACE_CURVE('',#1955,(#1960,#1967),.PCURVE_S1.);
#1955 = CIRCLE('',#1956,1.1);
#1956 = AXIS2_PLACEMENT_3D('',#1957,#1958,#1959);
#1957 = CARTESIAN_POINT('',(33.,-33.,0.));
#1958 = DIRECTION('',(0.,0.,1.));
#1959 = DIRECTION('',(1.,0.,0.));
#1960 = PCURVE('',#32,#1961);
#1961 = DEFINITIONAL_REPRESENTATION('',(#1962),#1966);
#1962 = CIRCLE('',#1963,1.1);
#1963 = AXIS2_PLACEMENT_2D('',#1964,#1965);
#1964 = CARTESIAN_POINT('',(33.,-33.));
#1965 = DIRECTION('',(1.,0.));
#1966 = ( GEOMETRIC_REPRESENTATION_CONTEXT(2) 
PARAMETRIC_REPRESENTATION_CONTEXT() REPRESENTATION_CONTEXT('2D SPACE',''
  ) );
#1967 = PCURVE('',#1968,#1973);
#1968 = CYLINDRICAL_SURFACE('',#1969,1.1);
#1969 = AXIS2_PLACEMENT_3D('',#1970,#1971,#1972);
#1970 = CARTESIAN_POINT('',(33.,-33.,2.5));
#1971 = DIRECTION('',(0.,0.,1.));
#1972 = DIRECTION('',(1.,0.,0.));
#1973 = DEFINITIONAL_REPRESENTATION('',(#1974),#1978);
#1974 = LINE('',#1975,#1976);
#1975 = CARTESIAN_POINT('',(0.,-2.5));
#1976 = VECTOR('',#1977,1.);
#1977 = DIRECTION('',(1.,0.));
#1978 = ( GEOMETRIC_REPRESENTATION_CONTEXT(2) 
PARAMETRIC_REPRESENTATION_CONTEXT() REPRESENTATION_CONTEXT('2D SPACE',''
  ) );
#1979 = FACE_BOUND('',#1980,.F.);
#1980 = EDGE_LOOP('',(#1981));
#1981 = ORIENTED_EDGE('',*,*,#1982,.F.);
#1982 = EDGE_CURVE('',#1983,#1983,#1985,.T.);
#1983 = VERTEX_POINT('',#1984);
#1984 = CARTESIAN_POINT('',(43.1,-33.,0.));
#1985 = SURFACE_CURVE('',#1986,(#1991,#1998),.PCURVE_S1.);
#1986 = CIRCLE('',#1987,1.1);
#1987 = AXIS2_PLACEMENT_3D('',#1988,#1989,#1990);
#1988 = CARTESIAN_POINT('',(42.,-33.,0.));
#1989 = DIRECTION('',(0.,0.,1.));
#1990 = DIRECTION('',(1.,0.,0.));
#1991 = PCURVE('',#32,#1992);
#1992 = DEFINITIONAL_REPRESENTATION('',(#1993),#1997);
#1993 = CIRCLE('',#1994,1.1);
#1994 = AXIS2_PLACEMENT_2D('',#1995,#1996);
#1995 = CARTESIAN_POINT('',(42.,-33.));
#1996 = DIRECTION('',(1.,0.));
#1997 = ( GEOMETRIC_REPRESENTATION_CONTEXT(2) 
PARAMETRIC_REPRESENTATION_CONTEXT() REPRESENTATION_CONTEXT('2D SPACE',''
  ) );
#1998 = PCURVE('',#1999,#2004);
#1999 = CYLINDRICAL_SURFACE('',#2000,1.1);
#2000 = AXIS2_PLACEMENT_3D('',#2001,#2002,#2003);
#2001 = CARTESIAN_POINT('',(42.,-33.,2.5));
#2002 = DIRECTION('',(0.,0.,1.));
#2003 = DIRECTION('',(1.,0.,0.));
#2004 = DEFINITIONAL_REPRESENTATION('',(#2005),#2009);
#2005 = LINE('',#2006,#2007);
#2006 = CARTESIAN_POINT('',(0.,-2.5));
#2007 = VECTOR('',#2008,1.);
#2008 = DIRECTION('',(1.,0.));
#2009 = ( GEOMETRIC_REPRESENTATION_CONTEXT(2) 
PARAMETRIC_REPRESENTATION_CONTEXT() REPRESENTATION_CONTEXT('2D SPACE',''
  ) );
#2010 = FACE_BOUND('',#2011,.F.);
#2011 = EDGE_LOOP('',(#2012,#2047,#2075,#2108));
#2012 = ORIENTED_EDGE('',*,*,#2013,.T.);
#2013 = EDGE_CURVE('',#2014,#2016,#2018,.T.);
#2014 = VERTEX_POINT('',#2015);
#2015 = CARTESIAN_POINT('',(-7.5,-21.5,0.));
#2016 = VERTEX_POINT('',#2017);
#2017 = CARTESIAN_POINT('',(-7.5,-18.5,0.));
#2018 = SURFACE_CURVE('',#2019,(#2024,#2035),.PCURVE_S1.);
#2019 = CIRCLE('',#2020,1.5);
#2020 = AXIS2_PLACEMENT_3D('',#2021,#2022,#2023);
#2021 = CARTESIAN_POINT('',(-7.5,-20.,0.));
#2022 = DIRECTION('',(0.,-0.,-1.));
#2023 = DIRECTION('',(0.,-1.,0.));
#2024 = PCURVE('',#32,#2025);
#2025 = DEFINITIONAL_REPRESENTATION('',(#2026),#2034);
#2026 = ( BOUNDED_CURVE() B_SPLINE_CURVE(2,(#2027,#2028,#2029,#2030,
#2031,#2032,#2033),.UNSPECIFIED.,.T.,.F.) B_SPLINE_CURVE_WITH_KNOTS((1,2
    ,2,2,2,1),(-2.094395102393,0.,2.094395102393,4.188790204786,
6.28318530718,8.377580409573),.UNSPECIFIED.) CURVE() 
GEOMETRIC_REPRESENTATION_ITEM() RATIONAL_B_SPLINE_CURVE((1.,0.5,1.,0.5,
1.,0.5,1.)) REPRESENTATION_ITEM('') );
#2027 = CARTESIAN_POINT('',(-7.5,-21.5));
#2028 = CARTESIAN_POINT('',(-10.09807621135,-21.5));
#2029 = CARTESIAN_POINT('',(-8.799038105677,-19.25));
#2030 = CARTESIAN_POINT('',(-7.5,-17.));
#2031 = CARTESIAN_POINT('',(-6.200961894323,-19.25));
#2032 = CARTESIAN_POINT('',(-4.901923788647,-21.5));
#2033 = CARTESIAN_POINT('',(-7.5,-21.5));
#2034 = ( GEOMETRIC_REPRESENTATION_CONTEXT(2) 
PARAMETRIC_REPRESENTATION_CONTEXT() REPRESENTATION_CONTEXT('2D SPACE',''
  ) );
#2035 = PCURVE('',#2036,#2041);
#2036 = CYLINDRICAL_SURFACE('',#2037,1.5);
#2037 = AXIS2_PLACEMENT_3D('',#2038,#2039,#2040);
#2038 = CARTESIAN_POINT('',(-7.5,-20.,2.5));
#2039 = DIRECTION('',(-0.,0.,1.));
#2040 = DIRECTION('',(0.,-1.,0.));
#2041 = DEFINITIONAL_REPRESENTATION('',(#2042),#2046);
#2042 = LINE('',#2043,#2044);
#2043 = CARTESIAN_POINT('',(-0.,-2.5));
#2044 = VECTOR('',#2045,1.);
#2045 = DIRECTION('',(-1.,0.));
#2046 = ( GEOMETRIC_REPRESENTATION_CONTEXT(2) 
PARAMETRIC_REPRESENTATION_CONTEXT() REPRESENTATION_CONTEXT('2D SPACE',''
  ) );
#2047 = ORIENTED_EDGE('',*,*,#2048,.T.);
#2048 = EDGE_CURVE('',#2016,#2049,#2051,.T.);
#2049 = VERTEX_POINT('',#2050);
#2050 = CARTESIAN_POINT('',(7.5,-18.5,0.));
#2051 = SURFACE_CURVE('',#2052,(#2056,#2063),.PCURVE_S1.);
#2052 = LINE('',#2053,#2054);
#2053 = CARTESIAN_POINT('',(-7.5,-18.5,0.));
#2054 = VECTOR('',#2055,1.);
#2055 = DIRECTION('',(1.,0.,0.));
#2056 = PCURVE('',#32,#2057);
#2057 = DEFINITIONAL_REPRESENTATION('',(#2058),#2062);
#2058 = LINE('',#2059,#2060);
#2059 = CARTESIAN_POINT('',(-7.5,-18.5));
#2060 = VECTOR('',#2061,1.);
#2061 = DIRECTION('',(1.,0.));
#2062 = ( GEOMETRIC_REPRESENTATION_CONTEXT(2) 
PARAMETRIC_REPRESENTATION_CONTEXT() REPRESENTATION_CONTEXT('2D SPACE',''
  ) );
#2063 = PCURVE('',#2064,#2069);
#2064 = PLANE('',#2065);
#2065 = AXIS2_PLACEMENT_3D('',#2066,#2067,#2068);
#2066 = CARTESIAN_POINT('',(-7.5,-18.5,2.5));
#2067 = DIRECTION('',(0.,-1.,0.));
#2068 = DIRECTION('',(1.,0.,0.));
#2069 = DEFINITIONAL_REPRESENTATION('',(#2070),#2074);
#2070 = LINE('',#2071,#2072);
#2071 = CARTESIAN_POINT('',(0.,-2.5));
#2072 = VECTOR('',#2073,1.);
#2073 = DIRECTION('',(1.,0.));
#2074 = ( GEOMETRIC_REPRESENTATION_CONTEXT(2) 
PARAMETRIC_REPRESENTATION_CONTEXT() REPRESENTATION_CONTEXT('2D SPACE',''
  ) );
#2075 = ORIENTED_EDGE('',*,*,#2076,.T.);
#2076 = EDGE_CURVE('',#2049,#2077,#2079,.T.);
#2077 = VERTEX_POINT('',#2078);
#2078 = CARTESIAN_POINT('',(7.5,-21.5,0.));
#2079 = SURFACE_CURVE('',#2080,(#2085,#2096),.PCURVE_S1.);
#2080 = CIRCLE('',#2081,1.5);
#2081 = AXIS2_PLACEMENT_3D('',#2082,#2083,#2084);
#2082 = CARTESIAN_POINT('',(7.5,-20.,0.));
#2083 = DIRECTION('',(0.,0.,-1.));
#2084 = DIRECTION('',(0.,1.,0.));
#2085 = PCURVE('',#32,#2086);
#2086 = DEFINITIONAL_REPRESENTATION('',(#2087),#2095);
#2087 = ( BOUNDED_CURVE() B_SPLINE_CURVE(2,(#2088,#2089,#2090,#2091,
#2092,#2093,#2094),.UNSPECIFIED.,.T.,.F.) B_SPLINE_CURVE_WITH_KNOTS((1,2
    ,2,2,2,1),(-2.094395102393,0.,2.094395102393,4.188790204786,
6.28318530718,8.377580409573),.UNSPECIFIED.) CURVE() 
GEOMETRIC_REPRESENTATION_ITEM() RATIONAL_B_SPLINE_CURVE((1.,0.5,1.,0.5,
1.,0.5,1.)) REPRESENTATION_ITEM('') );
#2088 = CARTESIAN_POINT('',(7.5,-18.5));
#2089 = CARTESIAN_POINT('',(10.098076211353,-18.5));
#2090 = CARTESIAN_POINT('',(8.799038105677,-20.75));
#2091 = CARTESIAN_POINT('',(7.5,-23.));
#2092 = CARTESIAN_POINT('',(6.200961894323,-20.75));
#2093 = CARTESIAN_POINT('',(4.901923788647,-18.5));
#2094 = CARTESIAN_POINT('',(7.5,-18.5));
#2095 = ( GEOMETRIC_REPRESENTATION_CONTEXT(2) 
PARAMETRIC_REPRESENTATION_CONTEXT() REPRESENTATION_CONTEXT('2D SPACE',''
  ) );
#2096 = PCURVE('',#2097,#2102);
#2097 = CYLINDRICAL_SURFACE('',#2098,1.5);
#2098 = AXIS2_PLACEMENT_3D('',#2099,#2100,#2101);
#2099 = CARTESIAN_POINT('',(7.5,-20.,2.5));
#2100 = DIRECTION('',(-0.,-0.,1.));
#2101 = DIRECTION('',(0.,1.,0.));
#2102 = DEFINITIONAL_REPRESENTATION('',(#2103),#2107);
#2103 = LINE('',#2104,#2105);
#2104 = CARTESIAN_POINT('',(-0.,-2.5));
#2105 = VECTOR('',#2106,1.);
#2106 = DIRECTION('',(-1.,0.));
#2107 = ( GEOMETRIC_REPRESENTATION_CONTEXT(2) 
PARAMETRIC_REPRESENTATION_CONTEXT() REPRESENTATION_CONTEXT('2D SPACE',''
  ) );
#2108 = ORIENTED_EDGE('',*,*,#2109,.T.);
#2109 = EDGE_CURVE('',#2077,#2014,#2110,.T.);
#2110 = SURFACE_CURVE('',#2111,(#2115,#2122),.PCURVE_S1.);
#2111 = LINE('',#2112,#2113);
#2112 = CARTESIAN_POINT('',(7.5,-21.5,0.));
#2113 = VECTOR('',#2114,1.);
#2114 = DIRECTION('',(-1.,0.,0.));
#2115 = PCURVE('',#32,#2116);
#2116 = DEFINITIONAL_REPRESENTATION('',(#2117),#2121);
#2117 = LINE('',#2118,#2119);
#2118 = CARTESIAN_POINT('',(7.5,-21.5));
#2119 = VECTOR('',#2120,1.);
#2120 = DIRECTION('',(-1.,0.));
#2121 = ( GEOMETRIC_REPRESENTATION_CONTEXT(2) 
PARAMETRIC_REPRESENTATION_CONTEXT() REPRESENTATION_CONTEXT('2D SPACE',''
  ) );
#2122 = PCURVE('',#2123,#2128);
#2123 = PLANE('',#2124);
#2124 = AXIS2_PLACEMENT_3D('',#2125,#2126,#2127);
#2125 = CARTESIAN_POINT('',(7.5,-21.5,2.5));
#2126 = DIRECTION('',(0.,1.,-0.));
#2127 = DIRECTION('',(-1.,0.,0.));
#2128 = DEFINITIONAL_REPRESENTATION('',(#2129),#2133);
#2129 = LINE('',#2130,#2131);
#2130 = CARTESIAN_POINT('',(0.,-2.5));
#2131 = VECTOR('',#2132,1.);
#2132 = DIRECTION('',(1.,0.));
#2133 = ( GEOMETRIC_REPRESENTATION_CONTEXT(2) 
PARAMETRIC_REPRESENTATION_CONTEXT() REPRESENTATION_CONTEXT('2D SPACE',''
  ) );
#2134 = FACE_BOUND('',#2135,.F.);
#2135 = EDGE_LOOP('',(#2136));
#2136 = ORIENTED_EDGE('',*,*,#2137,.F.);
#2137 = EDGE_CURVE('',#2138,#2138,#2140,.T.);
#2138 = VERTEX_POINT('',#2139);
#2139 = CARTESIAN_POINT('',(11.1,-10.,0.));
#2140 = SURFACE_CURVE('',#2141,(#2146,#2153),.PCURVE_S1.);
#2141 = CIRCLE('',#2142,1.1);
#2142 = AXIS2_PLACEMENT_3D('',#2143,#2144,#2145);
#2143 = CARTESIAN_POINT('',(10.,-10.,0.));
#2144 = DIRECTION('',(0.,0.,1.));
#2145 = DIRECTION('',(1.,0.,0.));
#2146 = PCURVE('',#32,#2147);
#2147 = DEFINITIONAL_REPRESENTATION('',(#2148),#2152);
#2148 = CIRCLE('',#2149,1.1);
#2149 = AXIS2_PLACEMENT_2D('',#2150,#2151);
#2150 = CARTESIAN_POINT('',(10.,-10.));
#2151 = DIRECTION('',(1.,0.));
#2152 = ( GEOMETRIC_REPRESENTATION_CONTEXT(2) 
PARAMETRIC_REPRESENTATION_CONTEXT() REPRESENTATION_CONTEXT('2D SPACE',''
  ) );
#2153 = PCURVE('',#2154,#2159);
#2154 = CYLINDRICAL_SURFACE('',#2155,1.1);
#2155 = AXIS2_PLACEMENT_3D('',#2156,#2157,#2158);
#2156 = CARTESIAN_POINT('',(10.,-10.,2.5));
#2157 = DIRECTION('',(0.,0.,1.));
#2158 = DIRECTION('',(1.,0.,0.));
#2159 = DEFINITIONAL_REPRESENTATION('',(#2160),#2164);
#2160 = LINE('',#2161,#2162);
#2161 = CARTESIAN_POINT('',(0.,-2.5));
#2162 = VECTOR('',#2163,1.);
#2163 = DIRECTION('',(1.,0.));
#2164 = ( GEOMETRIC_REPRESENTATION_CONTEXT(2) 
PARAMETRIC_REPRESENTATION_CONTEXT() REPRESENTATION_CONTEXT('2D SPACE',''
  ) );
#2165 = FACE_BOUND('',#2166,.F.);
#2166 = EDGE_LOOP('',(#2167,#2202,#2230,#2263));
#2167 = ORIENTED_EDGE('',*,*,#2168,.T.);
#2168 = EDGE_CURVE('',#2169,#2171,#2173,.T.);
#2169 = VERTEX_POINT('',#2170);
#2170 = CARTESIAN_POINT('',(-13.5,-1.5,0.));
#2171 = VERTEX_POINT('',#2172);
#2172 = CARTESIAN_POINT('',(-18.5,-1.5,0.));
#2173 = SURFACE_CURVE('',#2174,(#2179,#2190),.PCURVE_S1.);
#2174 = CIRCLE('',#2175,2.5);
#2175 = AXIS2_PLACEMENT_3D('',#2176,#2177,#2178);
#2176 = CARTESIAN_POINT('',(-16.,-1.5,0.));
#2177 = DIRECTION('',(0.,-0.,-1.));
#2178 = DIRECTION('',(1.,-1.110223024625E-16,0.));
#2179 = PCURVE('',#32,#2180);
#2180 = DEFINITIONAL_REPRESENTATION('',(#2181),#2189);
#2181 = ( BOUNDED_CURVE() B_SPLINE_CURVE(2,(#2182,#2183,#2184,#2185,
#2186,#2187,#2188),.UNSPECIFIED.,.T.,.F.) B_SPLINE_CURVE_WITH_KNOTS((1,2
    ,2,2,2,1),(-2.094395102393,0.,2.094395102393,4.188790204786,
6.28318530718,8.377580409573),.UNSPECIFIED.) CURVE() 
GEOMETRIC_REPRESENTATION_ITEM() RATIONAL_B_SPLINE_CURVE((1.,0.5,1.,0.5,
1.,0.5,1.)) REPRESENTATION_ITEM('') );
#2182 = CARTESIAN_POINT('',(-13.5,-1.5));
#2183 = CARTESIAN_POINT('',(-13.5,-5.830127018922));
#2184 = CARTESIAN_POINT('',(-17.25,-3.665063509461));
#2185 = CARTESIAN_POINT('',(-21.,-1.5));
#2186 = CARTESIAN_POINT('',(-17.25,0.665063509461));
#2187 = CARTESIAN_POINT('',(-13.5,2.830127018922));
#2188 = CARTESIAN_POINT('',(-13.5,-1.5));
#2189 = ( GEOMETRIC_REPRESENTATION_CONTEXT(2) 
PARAMETRIC_REPRESENTATION_CONTEXT() REPRESENTATION_CONTEXT('2D SPACE',''
  ) );
#2190 = PCURVE('',#2191,#2196);
#2191 = CYLINDRICAL_SURFACE('',#2192,2.5);
#2192 = AXIS2_PLACEMENT_3D('',#2193,#2194,#2195);
#2193 = CARTESIAN_POINT('',(-16.,-1.5,2.5));
#2194 = DIRECTION('',(-0.,0.,1.));
#2195 = DIRECTION('',(1.,-1.110223024625E-16,0.));
#2196 = DEFINITIONAL_REPRESENTATION('',(#2197),#2201);
#2197 = LINE('',#2198,#2199);
#2198 = CARTESIAN_POINT('',(-0.,-2.5));
#2199 = VECTOR('',#2200,1.);
#2200 = DIRECTION('',(-1.,0.));
#2201 = ( GEOMETRIC_REPRESENTATION_CONTEXT(2) 
PARAMETRIC_REPRESENTATION_CONTEXT() REPRESENTATION_CONTEXT('2D SPACE',''
  ) );
#2202 = ORIENTED_EDGE('',*,*,#2203,.T.);
#2203 = EDGE_CURVE('',#2171,#2204,#2206,.T.);
#2204 = VERTEX_POINT('',#2205);
#2205 = CARTESIAN_POINT('',(-18.5,1.5,0.));
#2206 = SURFACE_CURVE('',#2207,(#2211,#2218),.PCURVE_S1.);
#2207 = LINE('',#2208,#2209);
#2208 = CARTESIAN_POINT('',(-18.5,-1.5,0.));
#2209 = VECTOR('',#2210,1.);
#2210 = DIRECTION('',(1.110223024625E-16,1.,0.));
#2211 = PCURVE('',#32,#2212);
#2212 = DEFINITIONAL_REPRESENTATION('',(#2213),#2217);
#2213 = LINE('',#2214,#2215);
#2214 = CARTESIAN_POINT('',(-18.5,-1.5));
#2215 = VECTOR('',#2216,1.);
#2216 = DIRECTION('',(1.110223024625E-16,1.));
#2217 = ( GEOMETRIC_REPRESENTATION_CONTEXT(2) 
PARAMETRIC_REPRESENTATION_CONTEXT() REPRESENTATION_CONTEXT('2D SPACE',''
  ) );
#2218 = PCURVE('',#2219,#2224);
#2219 = PLANE('',#2220);
#2220 = AXIS2_PLACEMENT_3D('',#2221,#2222,#2223);
#2221 = CARTESIAN_POINT('',(-18.5,-1.5,2.5));
#2222 = DIRECTION('',(1.,-1.110223024625E-16,0.));
#2223 = DIRECTION('',(1.110223024625E-16,1.,0.));
#2224 = DEFINITIONAL_REPRESENTATION('',(#2225),#2229);
#2225 = LINE('',#2226,#2227);
#2226 = CARTESIAN_POINT('',(0.,-2.5));
#2227 = VECTOR('',#2228,1.);
#2228 = DIRECTION('',(1.,0.));
#2229 = ( GEOMETRIC_REPRESENTATION_CONTEXT(2) 
PARAMETRIC_REPRESENTATION_CONTEXT() REPRESENTATION_CONTEXT('2D SPACE',''
  ) );
#2230 = ORIENTED_EDGE('',*,*,#2231,.T.);
#2231 = EDGE_CURVE('',#2204,#2232,#2234,.T.);
#2232 = VERTEX_POINT('',#2233);
#2233 = CARTESIAN_POINT('',(-13.5,1.5,0.));
#2234 = SURFACE_CURVE('',#2235,(#2240,#2251),.PCURVE_S1.);
#2235 = CIRCLE('',#2236,2.5);
#2236 = AXIS2_PLACEMENT_3D('',#2237,#2238,#2239);
#2237 = CARTESIAN_POINT('',(-16.,1.5,0.));
#2238 = DIRECTION('',(0.,0.,-1.));
#2239 = DIRECTION('',(-1.,1.110223024625E-16,0.));
#2240 = PCURVE('',#32,#2241);
#2241 = DEFINITIONAL_REPRESENTATION('',(#2242),#2250);
#2242 = ( BOUNDED_CURVE() B_SPLINE_CURVE(2,(#2243,#2244,#2245,#2246,
#2247,#2248,#2249),.UNSPECIFIED.,.T.,.F.) B_SPLINE_CURVE_WITH_KNOTS((1,2
    ,2,2,2,1),(-2.094395102393,0.,2.094395102393,4.188790204786,
6.28318530718,8.377580409573),.UNSPECIFIED.) CURVE() 
GEOMETRIC_REPRESENTATION_ITEM() RATIONAL_B_SPLINE_CURVE((1.,0.5,1.,0.5,
1.,0.5,1.)) REPRESENTATION_ITEM('') );
#2243 = CARTESIAN_POINT('',(-18.5,1.5));
#2244 = CARTESIAN_POINT('',(-18.5,5.830127018922));
#2245 = CARTESIAN_POINT('',(-14.75,3.665063509461));
#2246 = CARTESIAN_POINT('',(-11.,1.5));
#2247 = CARTESIAN_POINT('',(-14.75,-0.665063509461));
#2248 = CARTESIAN_POINT('',(-18.5,-2.830127018922));
#2249 = CARTESIAN_POINT('',(-18.5,1.5));
#2250 = ( GEOMETRIC_REPRESENTATION_CONTEXT(2) 
PARAMETRIC_REPRESENTATION_CONTEXT() REPRESENTATION_CONTEXT('2D SPACE',''
  ) );
#2251 = PCURVE('',#2252,#2257);
#2252 = CYLINDRICAL_SURFACE('',#2253,2.5);
#2253 = AXIS2_PLACEMENT_3D('',#2254,#2255,#2256);
#2254 = CARTESIAN_POINT('',(-16.,1.5,2.5));
#2255 = DIRECTION('',(-0.,-0.,1.));
#2256 = DIRECTION('',(-1.,1.110223024625E-16,0.));
#2257 = DEFINITIONAL_REPRESENTATION('',(#2258),#2262);
#2258 = LINE('',#2259,#2260);
#2259 = CARTESIAN_POINT('',(-0.,-2.5));
#2260 = VECTOR('',#2261,1.);
#2261 = DIRECTION('',(-1.,0.));
#2262 = ( GEOMETRIC_REPRESENTATION_CONTEXT(2) 
PARAMETRIC_REPRESENTATION_CONTEXT() REPRESENTATION_CONTEXT('2D SPACE',''
  ) );
#2263 = ORIENTED_EDGE('',*,*,#2264,.T.);
#2264 = EDGE_CURVE('',#2232,#2169,#2265,.T.);
#2265 = SURFACE_CURVE('',#2266,(#2270,#2277),.PCURVE_S1.);
#2266 = LINE('',#2267,#2268);
#2267 = CARTESIAN_POINT('',(-13.5,1.5,0.));
#2268 = VECTOR('',#2269,1.);
#2269 = DIRECTION('',(-1.110223024625E-16,-1.,0.));
#2270 = PCURVE('',#32,#2271);
#2271 = DEFINITIONAL_REPRESENTATION('',(#2272),#2276);
#2272 = LINE('',#2273,#2274);
#2273 = CARTESIAN_POINT('',(-13.5,1.5));
#2274 = VECTOR('',#2275,1.);
#2275 = DIRECTION('',(-1.110223024625E-16,-1.));
#2276 = ( GEOMETRIC_REPRESENTATION_CONTEXT(2) 
PARAMETRIC_REPRESENTATION_CONTEXT() REPRESENTATION_CONTEXT('2D SPACE',''
  ) );
#2277 = PCURVE('',#2278,#2283);
#2278 = PLANE('',#2279);
#2279 = AXIS2_PLACEMENT_3D('',#2280,#2281,#2282);
#2280 = CARTESIAN_POINT('',(-13.5,1.5,2.5));
#2281 = DIRECTION('',(-1.,1.110223024625E-16,0.));
#2282 = DIRECTION('',(-1.110223024625E-16,-1.,0.));
#2283 = DEFINITIONAL_REPRESENTATION('',(#2284),#2288);
#2284 = LINE('',#2285,#2286);
#2285 = CARTESIAN_POINT('',(-0.,-2.5));
#2286 = VECTOR('',#2287,1.);
#2287 = DIRECTION('',(1.,0.));
#2288 = ( GEOMETRIC_REPRESENTATION_CONTEXT(2) 
PARAMETRIC_REPRESENTATION_CONTEXT() REPRESENTATION_CONTEXT('2D SPACE',''
  ) );
#2289 = FACE_BOUND('',#2290,.F.);
#2290 = EDGE_LOOP('',(#2291));
#2291 = ORIENTED_EDGE('',*,*,#2292,.F.);
#2292 = EDGE_CURVE('',#2293,#2293,#2295,.T.);
#2293 = VERTEX_POINT('',#2294);
#2294 = CARTESIAN_POINT('',(-8.9,10.,0.));
#2295 = SURFACE_CURVE('',#2296,(#2301,#2308),.PCURVE_S1.);
#2296 = CIRCLE('',#2297,1.1);
#2297 = AXIS2_PLACEMENT_3D('',#2298,#2299,#2300);
#2298 = CARTESIAN_POINT('',(-10.,10.,0.));
#2299 = DIRECTION('',(0.,0.,1.));
#2300 = DIRECTION('',(1.,0.,0.));
#2301 = PCURVE('',#32,#2302);
#2302 = DEFINITIONAL_REPRESENTATION('',(#2303),#2307);
#2303 = CIRCLE('',#2304,1.1);
#2304 = AXIS2_PLACEMENT_2D('',#2305,#2306);
#2305 = CARTESIAN_POINT('',(-10.,10.));
#2306 = DIRECTION('',(1.,0.));
#2307 = ( GEOMETRIC_REPRESENTATION_CONTEXT(2) 
PARAMETRIC_REPRESENTATION_CONTEXT() REPRESENTATION_CONTEXT('2D SPACE',''
  ) );
#2308 = PCURVE('',#2309,#2314);
#2309 = CYLINDRICAL_SURFACE('',#2310,1.1);
#2310 = AXIS2_PLACEMENT_3D('',#2311,#2312,#2313);
#2311 = CARTESIAN_POINT('',(-10.,10.,2.5));
#2312 = DIRECTION('',(0.,0.,1.));
#2313 = DIRECTION('',(1.,0.,0.));
#2314 = DEFINITIONAL_REPRESENTATION('',(#2315),#2319);
#2315 = LINE('',#2316,#2317);
#2316 = CARTESIAN_POINT('',(0.,-2.5));
#2317 = VECTOR('',#2318,1.);
#2318 = DIRECTION('',(1.,0.));
#2319 = ( GEOMETRIC_REPRESENTATION_CONTEXT(2) 
PARAMETRIC_REPRESENTATION_CONTEXT() REPRESENTATION_CONTEXT('2D SPACE',''
  ) );
#2320 = FACE_BOUND('',#2321,.F.);
#2321 = EDGE_LOOP('',(#2322));
#2322 = ORIENTED_EDGE('',*,*,#2323,.F.);
#2323 = EDGE_CURVE('',#2324,#2324,#2326,.T.);
#2324 = VERTEX_POINT('',#2325);
#2325 = CARTESIAN_POINT('',(-40.9,33.,0.));
#2326 = SURFACE_CURVE('',#2327,(#2332,#2339),.PCURVE_S1.);
#2327 = CIRCLE('',#2328,1.1);
#2328 = AXIS2_PLACEMENT_3D('',#2329,#2330,#2331);
#2329 = CARTESIAN_POINT('',(-42.,33.,0.));
#2330 = DIRECTION('',(0.,0.,1.));
#2331 = DIRECTION('',(1.,0.,0.));
#2332 = PCURVE('',#32,#2333);
#2333 = DEFINITIONAL_REPRESENTATION('',(#2334),#2338);
#2334 = CIRCLE('',#2335,1.1);
#2335 = AXIS2_PLACEMENT_2D('',#2336,#2337);
#2336 = CARTESIAN_POINT('',(-42.,33.));
#2337 = DIRECTION('',(1.,0.));
#2338 = ( GEOMETRIC_REPRESENTATION_CONTEXT(2) 
PARAMETRIC_REPRESENTATION_CONTEXT() REPRESENTATION_CONTEXT('2D SPACE',''
  ) );
#2339 = PCURVE('',#2340,#2345);
#2340 = CYLINDRICAL_SURFACE('',#2341,1.1);
#2341 = AXIS2_PLACEMENT_3D('',#2342,#2343,#2344);
#2342 = CARTESIAN_POINT('',(-42.,33.,2.5));
#2343 = DIRECTION('',(0.,0.,1.));
#2344 = DIRECTION('',(1.,0.,0.));
#2345 = DEFINITIONAL_REPRESENTATION('',(#2346),#2350);
#2346 = LINE('',#2347,#2348);
#2347 = CARTESIAN_POINT('',(0.,-2.5));
#2348 = VECTOR('',#2349,1.);
#2349 = DIRECTION('',(1.,0.));
#2350 = ( GEOMETRIC_REPRESENTATION_CONTEXT(2) 
PARAMETRIC_REPRESENTATION_CONTEXT() REPRESENTATION_CONTEXT('2D SPACE',''
  ) );
#2351 = FACE_BOUND('',#2352,.F.);
#2352 = EDGE_LOOP('',(#2353));
#2353 = ORIENTED_EDGE('',*,*,#2354,.F.);
#2354 = EDGE_CURVE('',#2355,#2355,#2357,.T.);
#2355 = VERTEX_POINT('',#2356);
#2356 = CARTESIAN_POINT('',(-31.9,33.,0.));
#2357 = SURFACE_CURVE('',#2358,(#2363,#2370),.PCURVE_S1.);
#2358 = CIRCLE('',#2359,1.1);
#2359 = AXIS2_PLACEMENT_3D('',#2360,#2361,#2362);
#2360 = CARTESIAN_POINT('',(-33.,33.,0.));
#2361 = DIRECTION('',(0.,0.,1.));
#2362 = DIRECTION('',(1.,0.,0.));
#2363 = PCURVE('',#32,#2364);
#2364 = DEFINITIONAL_REPRESENTATION('',(#2365),#2369);
#2365 = CIRCLE('',#2366,1.1);
#2366 = AXIS2_PLACEMENT_2D('',#2367,#2368);
#2367 = CARTESIAN_POINT('',(-33.,33.));
#2368 = DIRECTION('',(1.,0.));
#2369 = ( GEOMETRIC_REPRESENTATION_CONTEXT(2) 
PARAMETRIC_REPRESENTATION_CONTEXT() REPRESENTATION_CONTEXT('2D SPACE',''
  ) );
#2370 = PCURVE('',#2371,#2376);
#2371 = CYLINDRICAL_SURFACE('',#2372,1.1);
#2372 = AXIS2_PLACEMENT_3D('',#2373,#2374,#2375);
#2373 = CARTESIAN_POINT('',(-33.,33.,2.5));
#2374 = DIRECTION('',(0.,0.,1.));
#2375 = DIRECTION('',(1.,0.,0.));
#2376 = DEFINITIONAL_REPRESENTATION('',(#2377),#2381);
#2377 = LINE('',#2378,#2379);
#2378 = CARTESIAN_POINT('',(0.,-2.5));
#2379 = VECTOR('',#2380,1.);
#2380 = DIRECTION('',(1.,0.));
#2381 = ( GEOMETRIC_REPRESENTATION_CONTEXT(2) 
PARAMETRIC_REPRESENTATION_CONTEXT() REPRESENTATION_CONTEXT('2D SPACE',''
  ) );
#2382 = FACE_BOUND('',#2383,.F.);
#2383 = EDGE_LOOP('',(#2384));
#2384 = ORIENTED_EDGE('',*,*,#2385,.F.);
#2385 = EDGE_CURVE('',#2386,#2386,#2388,.T.);
#2386 = VERTEX_POINT('',#2387);
#2387 = CARTESIAN_POINT('',(-35.,37.5,0.));
#2388 = SURFACE_CURVE('',#2389,(#2394,#2401),.PCURVE_S1.);
#2389 = CIRCLE('',#2390,2.5);
#2390 = AXIS2_PLACEMENT_3D('',#2391,#2392,#2393);
#2391 = CARTESIAN_POINT('',(-37.5,37.5,0.));
#2392 = DIRECTION('',(0.,0.,1.));
#2393 = DIRECTION('',(1.,0.,0.));
#2394 = PCURVE('',#32,#2395);
#2395 = DEFINITIONAL_REPRESENTATION('',(#2396),#2400);
#2396 = CIRCLE('',#2397,2.5);
#2397 = AXIS2_PLACEMENT_2D('',#2398,#2399);
#2398 = CARTESIAN_POINT('',(-37.5,37.5));
#2399 = DIRECTION('',(1.,0.));
#2400 = ( GEOMETRIC_REPRESENTATION_CONTEXT(2) 
PARAMETRIC_REPRESENTATION_CONTEXT() REPRESENTATION_CONTEXT('2D SPACE',''
  ) );
#2401 = PCURVE('',#2402,#2407);
#2402 = CYLINDRICAL_SURFACE('',#2403,2.5);
#2403 = AXIS2_PLACEMENT_3D('',#2404,#2405,#2406);
#2404 = CARTESIAN_POINT('',(-37.5,37.5,2.5));
#2405 = DIRECTION('',(0.,0.,1.));
#2406 = DIRECTION('',(1.,0.,0.));
#2407 = DEFINITIONAL_REPRESENTATION('',(#2408),#2412);
#2408 = LINE('',#2409,#2410);
#2409 = CARTESIAN_POINT('',(0.,-2.5));
#2410 = VECTOR('',#2411,1.);
#2411 = DIRECTION('',(1.,0.));
#2412 = ( GEOMETRIC_REPRESENTATION_CONTEXT(2) 
PARAMETRIC_REPRESENTATION_CONTEXT() REPRESENTATION_CONTEXT('2D SPACE',''
  ) );
#2413 = FACE_BOUND('',#2414,.F.);
#2414 = EDGE_LOOP('',(#2415));
#2415 = ORIENTED_EDGE('',*,*,#2416,.F.);
#2416 = EDGE_CURVE('',#2417,#2417,#2419,.T.);
#2417 = VERTEX_POINT('',#2418);
#2418 = CARTESIAN_POINT('',(-40.9,42.,0.));
#2419 = SURFACE_CURVE('',#2420,(#2425,#2432),.PCURVE_S1.);
#2420 = CIRCLE('',#2421,1.1);
#2421 = AXIS2_PLACEMENT_3D('',#2422,#2423,#2424);
#2422 = CARTESIAN_POINT('',(-42.,42.,0.));
#2423 = DIRECTION('',(0.,0.,1.));
#2424 = DIRECTION('',(1.,0.,0.));
#2425 = PCURVE('',#32,#2426);
#2426 = DEFINITIONAL_REPRESENTATION('',(#2427),#2431);
#2427 = CIRCLE('',#2428,1.1);
#2428 = AXIS2_PLACEMENT_2D('',#2429,#2430);
#2429 = CARTESIAN_POINT('',(-42.,42.));
#2430 = DIRECTION('',(1.,0.));
#2431 = ( GEOMETRIC_REPRESENTATION_CONTEXT(2) 
PARAMETRIC_REPRESENTATION_CONTEXT() REPRESENTATION_CONTEXT('2D SPACE',''
  ) );
#2432 = PCURVE('',#2433,#2438);
#2433 = CYLINDRICAL_SURFACE('',#2434,1.1);
#2434 = AXIS2_PLACEMENT_3D('',#2435,#2436,#2437);
#2435 = CARTESIAN_POINT('',(-42.,42.,2.5));
#2436 = DIRECTION('',(0.,0.,1.));
#2437 = DIRECTION('',(1.,0.,0.));
#2438 = DEFINITIONAL_REPRESENTATION('',(#2439),#2443);
#2439 = LINE('',#2440,#2441);
#2440 = CARTESIAN_POINT('',(0.,-2.5));
#2441 = VECTOR('',#2442,1.);
#2442 = DIRECTION('',(1.,0.));
#2443 = ( GEOMETRIC_REPRESENTATION_CONTEXT(2) 
PARAMETRIC_REPRESENTATION_CONTEXT() REPRESENTATION_CONTEXT('2D SPACE',''
  ) );
#2444 = FACE_BOUND('',#2445,.F.);
#2445 = EDGE_LOOP('',(#2446));
#2446 = ORIENTED_EDGE('',*,*,#2447,.F.);
#2447 = EDGE_CURVE('',#2448,#2448,#2450,.T.);
#2448 = VERTEX_POINT('',#2449);
#2449 = CARTESIAN_POINT('',(-31.9,42.,0.));
#2450 = SURFACE_CURVE('',#2451,(#2456,#2463),.PCURVE_S1.);
#2451 = CIRCLE('',#2452,1.1);
#2452 = AXIS2_PLACEMENT_3D('',#2453,#2454,#2455);
#2453 = CARTESIAN_POINT('',(-33.,42.,0.));
#2454 = DIRECTION('',(0.,0.,1.));
#2455 = DIRECTION('',(1.,0.,0.));
#2456 = PCURVE('',#32,#2457);
#2457 = DEFINITIONAL_REPRESENTATION('',(#2458),#2462);
#2458 = CIRCLE('',#2459,1.1);
#2459 = AXIS2_PLACEMENT_2D('',#2460,#2461);
#2460 = CARTESIAN_POINT('',(-33.,42.));
#2461 = DIRECTION('',(1.,0.));
#2462 = ( GEOMETRIC_REPRESENTATION_CONTEXT(2) 
PARAMETRIC_REPRESENTATION_CONTEXT() REPRESENTATION_CONTEXT('2D SPACE',''
  ) );
#2463 = PCURVE('',#2464,#2469);
#2464 = CYLINDRICAL_SURFACE('',#2465,1.1);
#2465 = AXIS2_PLACEMENT_3D('',#2466,#2467,#2468);
#2466 = CARTESIAN_POINT('',(-33.,42.,2.5));
#2467 = DIRECTION('',(0.,0.,1.));
#2468 = DIRECTION('',(1.,0.,0.));
#2469 = DEFINITIONAL_REPRESENTATION('',(#2470),#2474);
#2470 = LINE('',#2471,#2472);
#2471 = CARTESIAN_POINT('',(0.,-2.5));
#2472 = VECTOR('',#2473,1.);
#2473 = DIRECTION('',(1.,0.));
#2474 = ( GEOMETRIC_REPRESENTATION_CONTEXT(2) 
PARAMETRIC_REPRESENTATION_CONTEXT() REPRESENTATION_CONTEXT('2D SPACE',''
  ) );
#2475 = FACE_BOUND('',#2476,.F.);
#2476 = EDGE_LOOP('',(#2477));
#2477 = ORIENTED_EDGE('',*,*,#2478,.F.);
#2478 = EDGE_CURVE('',#2479,#2479,#2481,.T.);
#2479 = VERTEX_POINT('',#2480);
#2480 = CARTESIAN_POINT('',(11.1,10.,0.));
#2481 = SURFACE_CURVE('',#2482,(#2487,#2494),.PCURVE_S1.);
#2482 = CIRCLE('',#2483,1.1);
#2483 = AXIS2_PLACEMENT_3D('',#2484,#2485,#2486);
#2484 = CARTESIAN_POINT('',(10.,10.,0.));
#2485 = DIRECTION('',(0.,0.,1.));
#2486 = DIRECTION('',(1.,0.,0.));
#2487 = PCURVE('',#32,#2488);
#2488 = DEFINITIONAL_REPRESENTATION('',(#2489),#2493);
#2489 = CIRCLE('',#2490,1.1);
#2490 = AXIS2_PLACEMENT_2D('',#2491,#2492);
#2491 = CARTESIAN_POINT('',(10.,10.));
#2492 = DIRECTION('',(1.,0.));
#2493 = ( GEOMETRIC_REPRESENTATION_CONTEXT(2) 
PARAMETRIC_REPRESENTATION_CONTEXT() REPRESENTATION_CONTEXT('2D SPACE',''
  ) );
#2494 = PCURVE('',#2495,#2500);
#2495 = CYLINDRICAL_SURFACE('',#2496,1.1);
#2496 = AXIS2_PLACEMENT_3D('',#2497,#2498,#2499);
#2497 = CARTESIAN_POINT('',(10.,10.,2.5));
#2498 = DIRECTION('',(0.,0.,1.));
#2499 = DIRECTION('',(1.,0.,0.));
#2500 = DEFINITIONAL_REPRESENTATION('',(#2501),#2505);
#2501 = LINE('',#2502,#2503);
#2502 = CARTESIAN_POINT('',(0.,-2.5));
#2503 = VECTOR('',#2504,1.);
#2504 = DIRECTION('',(1.,0.));
#2505 = ( GEOMETRIC_REPRESENTATION_CONTEXT(2) 
PARAMETRIC_REPRESENTATION_CONTEXT() REPRESENTATION_CONTEXT('2D SPACE',''
  ) );
#2506 = FACE_BOUND('',#2507,.F.);
#2507 = EDGE_LOOP('',(#2508,#2543,#2571,#2604));
#2508 = ORIENTED_EDGE('',*,*,#2509,.T.);
#2509 = EDGE_CURVE('',#2510,#2512,#2514,.T.);
#2510 = VERTEX_POINT('',#2511);
#2511 = CARTESIAN_POINT('',(18.5,-1.5,0.));
#2512 = VERTEX_POINT('',#2513);
#2513 = CARTESIAN_POINT('',(13.5,-1.5,0.));
#2514 = SURFACE_CURVE('',#2515,(#2520,#2531),.PCURVE_S1.);
#2515 = CIRCLE('',#2516,2.5);
#2516 = AXIS2_PLACEMENT_3D('',#2517,#2518,#2519);
#2517 = CARTESIAN_POINT('',(16.,-1.5,0.));
#2518 = DIRECTION('',(0.,-0.,-1.));
#2519 = DIRECTION('',(1.,-1.110223024625E-16,0.));
#2520 = PCURVE('',#32,#2521);
#2521 = DEFINITIONAL_REPRESENTATION('',(#2522),#2530);
#2522 = ( BOUNDED_CURVE() B_SPLINE_CURVE(2,(#2523,#2524,#2525,#2526,
#2527,#2528,#2529),.UNSPECIFIED.,.T.,.F.) B_SPLINE_CURVE_WITH_KNOTS((1,2
    ,2,2,2,1),(-2.094395102393,0.,2.094395102393,4.188790204786,
6.28318530718,8.377580409573),.UNSPECIFIED.) CURVE() 
GEOMETRIC_REPRESENTATION_ITEM() RATIONAL_B_SPLINE_CURVE((1.,0.5,1.,0.5,
1.,0.5,1.)) REPRESENTATION_ITEM('') );
#2523 = CARTESIAN_POINT('',(18.5,-1.5));
#2524 = CARTESIAN_POINT('',(18.5,-5.830127018922));
#2525 = CARTESIAN_POINT('',(14.75,-3.665063509461));
#2526 = CARTESIAN_POINT('',(11.,-1.5));
#2527 = CARTESIAN_POINT('',(14.75,0.665063509461));
#2528 = CARTESIAN_POINT('',(18.5,2.830127018922));
#2529 = CARTESIAN_POINT('',(18.5,-1.5));
#2530 = ( GEOMETRIC_REPRESENTATION_CONTEXT(2) 
PARAMETRIC_REPRESENTATION_CONTEXT() REPRESENTATION_CONTEXT('2D SPACE',''
  ) );
#2531 = PCURVE('',#2532,#2537);
#2532 = CYLINDRICAL_SURFACE('',#2533,2.5);
#2533 = AXIS2_PLACEMENT_3D('',#2534,#2535,#2536);
#2534 = CARTESIAN_POINT('',(16.,-1.5,2.5));
#2535 = DIRECTION('',(-0.,0.,1.));
#2536 = DIRECTION('',(1.,-1.110223024625E-16,0.));
#2537 = DEFINITIONAL_REPRESENTATION('',(#2538),#2542);
#2538 = LINE('',#2539,#2540);
#2539 = CARTESIAN_POINT('',(-0.,-2.5));
#2540 = VECTOR('',#2541,1.);
#2541 = DIRECTION('',(-1.,0.));
#2542 = ( GEOMETRIC_REPRESENTATION_CONTEXT(2) 
PARAMETRIC_REPRESENTATION_CONTEXT() REPRESENTATION_CONTEXT('2D SPACE',''
  ) );
#2543 = ORIENTED_EDGE('',*,*,#2544,.T.);
#2544 = EDGE_CURVE('',#2512,#2545,#2547,.T.);
#2545 = VERTEX_POINT('',#2546);
#2546 = CARTESIAN_POINT('',(13.5,1.5,0.));
#2547 = SURFACE_CURVE('',#2548,(#2552,#2559),.PCURVE_S1.);
#2548 = LINE('',#2549,#2550);
#2549 = CARTESIAN_POINT('',(13.5,-1.5,0.));
#2550 = VECTOR('',#2551,1.);
#2551 = DIRECTION('',(1.110223024625E-16,1.,0.));
#2552 = PCURVE('',#32,#2553);
#2553 = DEFINITIONAL_REPRESENTATION('',(#2554),#2558);
#2554 = LINE('',#2555,#2556);
#2555 = CARTESIAN_POINT('',(13.5,-1.5));
#2556 = VECTOR('',#2557,1.);
#2557 = DIRECTION('',(1.110223024625E-16,1.));
#2558 = ( GEOMETRIC_REPRESENTATION_CONTEXT(2) 
PARAMETRIC_REPRESENTATION_CONTEXT() REPRESENTATION_CONTEXT('2D SPACE',''
  ) );
#2559 = PCURVE('',#2560,#2565);
#2560 = PLANE('',#2561);
#2561 = AXIS2_PLACEMENT_3D('',#2562,#2563,#2564);
#2562 = CARTESIAN_POINT('',(13.5,-1.5,2.5));
#2563 = DIRECTION('',(1.,-1.110223024625E-16,0.));
#2564 = DIRECTION('',(1.110223024625E-16,1.,0.));
#2565 = DEFINITIONAL_REPRESENTATION('',(#2566),#2570);
#2566 = LINE('',#2567,#2568);
#2567 = CARTESIAN_POINT('',(0.,-2.5));
#2568 = VECTOR('',#2569,1.);
#2569 = DIRECTION('',(1.,0.));
#2570 = ( GEOMETRIC_REPRESENTATION_CONTEXT(2) 
PARAMETRIC_REPRESENTATION_CONTEXT() REPRESENTATION_CONTEXT('2D SPACE',''
  ) );
#2571 = ORIENTED_EDGE('',*,*,#2572,.T.);
#2572 = EDGE_CURVE('',#2545,#2573,#2575,.T.);
#2573 = VERTEX_POINT('',#2574);
#2574 = CARTESIAN_POINT('',(18.5,1.5,0.));
#2575 = SURFACE_CURVE('',#2576,(#2581,#2592),.PCURVE_S1.);
#2576 = CIRCLE('',#2577,2.5);
#2577 = AXIS2_PLACEMENT_3D('',#2578,#2579,#2580);
#2578 = CARTESIAN_POINT('',(16.,1.5,0.));
#2579 = DIRECTION('',(0.,0.,-1.));
#2580 = DIRECTION('',(-1.,1.110223024625E-16,0.));
#2581 = PCURVE('',#32,#2582);
#2582 = DEFINITIONAL_REPRESENTATION('',(#2583),#2591);
#2583 = ( BOUNDED_CURVE() B_SPLINE_CURVE(2,(#2584,#2585,#2586,#2587,
#2588,#2589,#2590),.UNSPECIFIED.,.T.,.F.) B_SPLINE_CURVE_WITH_KNOTS((1,2
    ,2,2,2,1),(-2.094395102393,0.,2.094395102393,4.188790204786,
6.28318530718,8.377580409573),.UNSPECIFIED.) CURVE() 
GEOMETRIC_REPRESENTATION_ITEM() RATIONAL_B_SPLINE_CURVE((1.,0.5,1.,0.5,
1.,0.5,1.)) REPRESENTATION_ITEM('') );
#2584 = CARTESIAN_POINT('',(13.5,1.5));
#2585 = CARTESIAN_POINT('',(13.5,5.830127018922));
#2586 = CARTESIAN_POINT('',(17.25,3.665063509461));
#2587 = CARTESIAN_POINT('',(21.,1.5));
#2588 = CARTESIAN_POINT('',(17.25,-0.665063509461));
#2589 = CARTESIAN_POINT('',(13.5,-2.830127018922));
#2590 = CARTESIAN_POINT('',(13.5,1.5));
#2591 = ( GEOMETRIC_REPRESENTATION_CONTEXT(2) 
PARAMETRIC_REPRESENTATION_CONTEXT() REPRESENTATION_CONTEXT('2D SPACE',''
  ) );
#2592 = PCURVE('',#2593,#2598);
#2593 = CYLINDRICAL_SURFACE('',#2594,2.5);
#2594 = AXIS2_PLACEMENT_3D('',#2595,#2596,#2597);
#2595 = CARTESIAN_POINT('',(16.,1.5,2.5));
#2596 = DIRECTION('',(-0.,-0.,1.));
#2597 = DIRECTION('',(-1.,1.110223024625E-16,0.));
#2598 = DEFINITIONAL_REPRESENTATION('',(#2599),#2603);
#2599 = LINE('',#2600,#2601);
#2600 = CARTESIAN_POINT('',(-0.,-2.5));
#2601 = VECTOR('',#2602,1.);
#2602 = DIRECTION('',(-1.,0.));
#2603 = ( GEOMETRIC_REPRESENTATION_CONTEXT(2) 
PARAMETRIC_REPRESENTATION_CONTEXT() REPRESENTATION_CONTEXT('2D SPACE',''
  ) );
#2604 = ORIENTED_EDGE('',*,*,#2605,.T.);
#2605 = EDGE_CURVE('',#2573,#2510,#2606,.T.);
#2606 = SURFACE_CURVE('',#2607,(#2611,#2618),.PCURVE_S1.);
#2607 = LINE('',#2608,#2609);
#2608 = CARTESIAN_POINT('',(18.5,1.5,0.));
#2609 = VECTOR('',#2610,1.);
#2610 = DIRECTION('',(-1.110223024625E-16,-1.,0.));
#2611 = PCURVE('',#32,#2612);
#2612 = DEFINITIONAL_REPRESENTATION('',(#2613),#2617);
#2613 = LINE('',#2614,#2615);
#2614 = CARTESIAN_POINT('',(18.5,1.5));
#2615 = VECTOR('',#2616,1.);
#2616 = DIRECTION('',(-1.110223024625E-16,-1.));
#2617 = ( GEOMETRIC_REPRESENTATION_CONTEXT(2) 
PARAMETRIC_REPRESENTATION_CONTEXT() REPRESENTATION_CONTEXT('2D SPACE',''
  ) );
#2618 = PCURVE('',#2619,#2624);
#2619 = PLANE('',#2620);
#2620 = AXIS2_PLACEMENT_3D('',#2621,#2622,#2623);
#2621 = CARTESIAN_POINT('',(18.5,1.5,2.5));
#2622 = DIRECTION('',(-1.,1.110223024625E-16,0.));
#2623 = DIRECTION('',(-1.110223024625E-16,-1.,0.));
#2624 = DEFINITIONAL_REPRESENTATION('',(#2625),#2629);
#2625 = LINE('',#2626,#2627);
#2626 = CARTESIAN_POINT('',(-0.,-2.5));
#2627 = VECTOR('',#2628,1.);
#2628 = DIRECTION('',(1.,0.));
#2629 = ( GEOMETRIC_REPRESENTATION_CONTEXT(2) 
PARAMETRIC_REPRESENTATION_CONTEXT() REPRESENTATION_CONTEXT('2D SPACE',''
  ) );
#2630 = FACE_BOUND('',#2631,.F.);
#2631 = EDGE_LOOP('',(#2632,#2667,#2695,#2728));
#2632 = ORIENTED_EDGE('',*,*,#2633,.T.);
#2633 = EDGE_CURVE('',#2634,#2636,#2638,.T.);
#2634 = VERTEX_POINT('',#2635);
#2635 = CARTESIAN_POINT('',(-7.5,18.5,0.));
#2636 = VERTEX_POINT('',#2637);
#2637 = CARTESIAN_POINT('',(-7.5,21.5,0.));
#2638 = SURFACE_CURVE('',#2639,(#2644,#2655),.PCURVE_S1.);
#2639 = CIRCLE('',#2640,1.5);
#2640 = AXIS2_PLACEMENT_3D('',#2641,#2642,#2643);
#2641 = CARTESIAN_POINT('',(-7.5,20.,0.));
#2642 = DIRECTION('',(0.,-0.,-1.));
#2643 = DIRECTION('',(0.,-1.,0.));
#2644 = PCURVE('',#32,#2645);
#2645 = DEFINITIONAL_REPRESENTATION('',(#2646),#2654);
#2646 = ( BOUNDED_CURVE() B_SPLINE_CURVE(2,(#2647,#2648,#2649,#2650,
#2651,#2652,#2653),.UNSPECIFIED.,.T.,.F.) B_SPLINE_CURVE_WITH_KNOTS((1,2
    ,2,2,2,1),(-2.094395102393,0.,2.094395102393,4.188790204786,
6.28318530718,8.377580409573),.UNSPECIFIED.) CURVE() 
GEOMETRIC_REPRESENTATION_ITEM() RATIONAL_B_SPLINE_CURVE((1.,0.5,1.,0.5,
1.,0.5,1.)) REPRESENTATION_ITEM('') );
#2647 = CARTESIAN_POINT('',(-7.5,18.5));
#2648 = CARTESIAN_POINT('',(-10.09807621135,18.5));
#2649 = CARTESIAN_POINT('',(-8.799038105677,20.75));
#2650 = CARTESIAN_POINT('',(-7.5,23.));
#2651 = CARTESIAN_POINT('',(-6.200961894323,20.75));
#2652 = CARTESIAN_POINT('',(-4.901923788647,18.5));
#2653 = CARTESIAN_POINT('',(-7.5,18.5));
#2654 = ( GEOMETRIC_REPRESENTATION_CONTEXT(2) 
PARAMETRIC_REPRESENTATION_CONTEXT() REPRESENTATION_CONTEXT('2D SPACE',''
  ) );
#2655 = PCURVE('',#2656,#2661);
#2656 = CYLINDRICAL_SURFACE('',#2657,1.5);
#2657 = AXIS2_PLACEMENT_3D('',#2658,#2659,#2660);
#2658 = CARTESIAN_POINT('',(-7.5,20.,2.5));
#2659 = DIRECTION('',(-0.,0.,1.));
#2660 = DIRECTION('',(0.,-1.,0.));
#2661 = DEFINITIONAL_REPRESENTATION('',(#2662),#2666);
#2662 = LINE('',#2663,#2664);
#2663 = CARTESIAN_POINT('',(-0.,-2.5));
#2664 = VECTOR('',#2665,1.);
#2665 = DIRECTION('',(-1.,0.));
#2666 = ( GEOMETRIC_REPRESENTATION_CONTEXT(2) 
PARAMETRIC_REPRESENTATION_CONTEXT() REPRESENTATION_CONTEXT('2D SPACE',''
  ) );
#2667 = ORIENTED_EDGE('',*,*,#2668,.T.);
#2668 = EDGE_CURVE('',#2636,#2669,#2671,.T.);
#2669 = VERTEX_POINT('',#2670);
#2670 = CARTESIAN_POINT('',(7.5,21.5,0.));
#2671 = SURFACE_CURVE('',#2672,(#2676,#2683),.PCURVE_S1.);
#2672 = LINE('',#2673,#2674);
#2673 = CARTESIAN_POINT('',(-7.5,21.5,0.));
#2674 = VECTOR('',#2675,1.);
#2675 = DIRECTION('',(1.,0.,0.));
#2676 = PCURVE('',#32,#2677);
#2677 = DEFINITIONAL_REPRESENTATION('',(#2678),#2682);
#2678 = LINE('',#2679,#2680);
#2679 = CARTESIAN_POINT('',(-7.5,21.5));
#2680 = VECTOR('',#2681,1.);
#2681 = DIRECTION('',(1.,0.));
#2682 = ( GEOMETRIC_REPRESENTATION_CONTEXT(2) 
PARAMETRIC_REPRESENTATION_CONTEXT() REPRESENTATION_CONTEXT('2D SPACE',''
  ) );
#2683 = PCURVE('',#2684,#2689);
#2684 = PLANE('',#2685);
#2685 = AXIS2_PLACEMENT_3D('',#2686,#2687,#2688);
#2686 = CARTESIAN_POINT('',(-7.5,21.5,2.5));
#2687 = DIRECTION('',(0.,-1.,0.));
#2688 = DIRECTION('',(1.,0.,0.));
#2689 = DEFINITIONAL_REPRESENTATION('',(#2690),#2694);
#2690 = LINE('',#2691,#2692);
#2691 = CARTESIAN_POINT('',(0.,-2.5));
#2692 = VECTOR('',#2693,1.);
#2693 = DIRECTION('',(1.,0.));
#2694 = ( GEOMETRIC_REPRESENTATION_CONTEXT(2) 
PARAMETRIC_REPRESENTATION_CONTEXT() REPRESENTATION_CONTEXT('2D SPACE',''
  ) );
#2695 = ORIENTED_EDGE('',*,*,#2696,.T.);
#2696 = EDGE_CURVE('',#2669,#2697,#2699,.T.);
#2697 = VERTEX_POINT('',#2698);
#2698 = CARTESIAN_POINT('',(7.5,18.5,0.));
#2699 = SURFACE_CURVE('',#2700,(#2705,#2716),.PCURVE_S1.);
#2700 = CIRCLE('',#2701,1.5);
#2701 = AXIS2_PLACEMENT_3D('',#2702,#2703,#2704);
#2702 = CARTESIAN_POINT('',(7.5,20.,0.));
#2703 = DIRECTION('',(0.,0.,-1.));
#2704 = DIRECTION('',(0.,1.,0.));
#2705 = PCURVE('',#32,#2706);
#2706 = DEFINITIONAL_REPRESENTATION('',(#2707),#2715);
#2707 = ( BOUNDED_CURVE() B_SPLINE_CURVE(2,(#2708,#2709,#2710,#2711,
#2712,#2713,#2714),.UNSPECIFIED.,.T.,.F.) B_SPLINE_CURVE_WITH_KNOTS((1,2
    ,2,2,2,1),(-2.094395102393,0.,2.094395102393,4.188790204786,
6.28318530718,8.377580409573),.UNSPECIFIED.) CURVE() 
GEOMETRIC_REPRESENTATION_ITEM() RATIONAL_B_SPLINE_CURVE((1.,0.5,1.,0.5,
1.,0.5,1.)) REPRESENTATION_ITEM('') );
#2708 = CARTESIAN_POINT('',(7.5,21.5));
#2709 = CARTESIAN_POINT('',(10.098076211353,21.5));
#2710 = CARTESIAN_POINT('',(8.799038105677,19.25));
#2711 = CARTESIAN_POINT('',(7.5,17.));
#2712 = CARTESIAN_POINT('',(6.200961894323,19.25));
#2713 = CARTESIAN_POINT('',(4.901923788647,21.5));
#2714 = CARTESIAN_POINT('',(7.5,21.5));
#2715 = ( GEOMETRIC_REPRESENTATION_CONTEXT(2) 
PARAMETRIC_REPRESENTATION_CONTEXT() REPRESENTATION_CONTEXT('2D SPACE',''
  ) );
#2716 = PCURVE('',#2717,#2722);
#2717 = CYLINDRICAL_SURFACE('',#2718,1.5);
#2718 = AXIS2_PLACEMENT_3D('',#2719,#2720,#2721);
#2719 = CARTESIAN_POINT('',(7.5,20.,2.5));
#2720 = DIRECTION('',(-0.,-0.,1.));
#2721 = DIRECTION('',(0.,1.,0.));
#2722 = DEFINITIONAL_REPRESENTATION('',(#2723),#2727);
#2723 = LINE('',#2724,#2725);
#2724 = CARTESIAN_POINT('',(-0.,-2.5));
#2725 = VECTOR('',#2726,1.);
#2726 = DIRECTION('',(-1.,0.));
#2727 = ( GEOMETRIC_REPRESENTATION_CONTEXT(2) 
PARAMETRIC_REPRESENTATION_CONTEXT() REPRESENTATION_CONTEXT('2D SPACE',''
  ) );
#2728 = ORIENTED_EDGE('',*,*,#2729,.T.);
#2729 = EDGE_CURVE('',#2697,#2634,#2730,.T.);
#2730 = SURFACE_CURVE('',#2731,(#2735,#2742),.PCURVE_S1.);
#2731 = LINE('',#2732,#2733);
#2732 = CARTESIAN_POINT('',(7.5,18.5,0.));
#2733 = VECTOR('',#2734,1.);
#2734 = DIRECTION('',(-1.,0.,0.));
#2735 = PCURVE('',#32,#2736);
#2736 = DEFINITIONAL_REPRESENTATION('',(#2737),#2741);
#2737 = LINE('',#2738,#2739);
#2738 = CARTESIAN_POINT('',(7.5,18.5));
#2739 = VECTOR('',#2740,1.);
#2740 = DIRECTION('',(-1.,0.));
#2741 = ( GEOMETRIC_REPRESENTATION_CONTEXT(2) 
PARAMETRIC_REPRESENTATION_CONTEXT() REPRESENTATION_CONTEXT('2D SPACE',''
  ) );
#2742 = PCURVE('',#2743,#2748);
#2743 = PLANE('',#2744);
#2744 = AXIS2_PLACEMENT_3D('',#2745,#2746,#2747);
#2745 = CARTESIAN_POINT('',(7.5,18.5,2.5));
#2746 = DIRECTION('',(0.,1.,-0.));
#2747 = DIRECTION('',(-1.,0.,0.));
#2748 = DEFINITIONAL_REPRESENTATION('',(#2749),#2753);
#2749 = LINE('',#2750,#2751);
#2750 = CARTESIAN_POINT('',(0.,-2.5));
#2751 = VECTOR('',#2752,1.);
#2752 = DIRECTION('',(1.,0.));
#2753 = ( GEOMETRIC_REPRESENTATION_CONTEXT(2) 
PARAMETRIC_REPRESENTATION_CONTEXT() REPRESENTATION_CONTEXT('2D SPACE',''
  ) );
#2754 = FACE_BOUND('',#2755,.F.);
#2755 = EDGE_LOOP('',(#2756));
#2756 = ORIENTED_EDGE('',*,*,#2757,.F.);
#2757 = EDGE_CURVE('',#2758,#2758,#2760,.T.);
#2758 = VERTEX_POINT('',#2759);
#2759 = CARTESIAN_POINT('',(34.1,33.,0.));
#2760 = SURFACE_CURVE('',#2761,(#2766,#2773),.PCURVE_S1.);
#2761 = CIRCLE('',#2762,1.1);
#2762 = AXIS2_PLACEMENT_3D('',#2763,#2764,#2765);
#2763 = CARTESIAN_POINT('',(33.,33.,0.));
#2764 = DIRECTION('',(0.,0.,1.));
#2765 = DIRECTION('',(1.,0.,0.));
#2766 = PCURVE('',#32,#2767);
#2767 = DEFINITIONAL_REPRESENTATION('',(#2768),#2772);
#2768 = CIRCLE('',#2769,1.1);
#2769 = AXIS2_PLACEMENT_2D('',#2770,#2771);
#2770 = CARTESIAN_POINT('',(33.,33.));
#2771 = DIRECTION('',(1.,0.));
#2772 = ( GEOMETRIC_REPRESENTATION_CONTEXT(2) 
PARAMETRIC_REPRESENTATION_CONTEXT() REPRESENTATION_CONTEXT('2D SPACE',''
  ) );
#2773 = PCURVE('',#2774,#2779);
#2774 = CYLINDRICAL_SURFACE('',#2775,1.1);
#2775 = AXIS2_PLACEMENT_3D('',#2776,#2777,#2778);
#2776 = CARTESIAN_POINT('',(33.,33.,2.5));
#2777 = DIRECTION('',(0.,0.,1.));
#2778 = DIRECTION('',(1.,0.,0.));
#2779 = DEFINITIONAL_REPRESENTATION('',(#2780),#2784);
#2780 = LINE('',#2781,#2782);
#2781 = CARTESIAN_POINT('',(0.,-2.5));
#2782 = VECTOR('',#2783,1.);
#2783 = DIRECTION('',(1.,0.));
#2784 = ( GEOMETRIC_REPRESENTATION_CONTEXT(2) 
PARAMETRIC_REPRESENTATION_CONTEXT() REPRESENTATION_CONTEXT('2D SPACE',''
  ) );
#2785 = FACE_BOUND('',#2786,.F.);
#2786 = EDGE_LOOP('',(#2787));
#2787 = ORIENTED_EDGE('',*,*,#2788,.F.);
#2788 = EDGE_CURVE('',#2789,#2789,#2791,.T.);
#2789 = VERTEX_POINT('',#2790);
#2790 = CARTESIAN_POINT('',(40.,37.5,0.));
#2791 = SURFACE_CURVE('',#2792,(#2797,#2804),.PCURVE_S1.);
#2792 = CIRCLE('',#2793,2.5);
#2793 = AXIS2_PLACEMENT_3D('',#2794,#2795,#2796);
#2794 = CARTESIAN_POINT('',(37.5,37.5,0.));
#2795 = DIRECTION('',(0.,0.,1.));
#2796 = DIRECTION('',(1.,0.,0.));
#2797 = PCURVE('',#32,#2798);
#2798 = DEFINITIONAL_REPRESENTATION('',(#2799),#2803);
#2799 = CIRCLE('',#2800,2.5);
#2800 = AXIS2_PLACEMENT_2D('',#2801,#2802);
#2801 = CARTESIAN_POINT('',(37.5,37.5));
#2802 = DIRECTION('',(1.,0.));
#2803 = ( GEOMETRIC_REPRESENTATION_CONTEXT(2) 
PARAMETRIC_REPRESENTATION_CONTEXT() REPRESENTATION_CONTEXT('2D SPACE',''
  ) );
#2804 = PCURVE('',#2805,#2810);
#2805 = CYLINDRICAL_SURFACE('',#2806,2.5);
#2806 = AXIS2_PLACEMENT_3D('',#2807,#2808,#2809);
#2807 = CARTESIAN_POINT('',(37.5,37.5,2.5));
#2808 = DIRECTION('',(0.,0.,1.));
#2809 = DIRECTION('',(1.,0.,0.));
#2810 = DEFINITIONAL_REPRESENTATION('',(#2811),#2815);
#2811 = LINE('',#2812,#2813);
#2812 = CARTESIAN_POINT('',(0.,-2.5));
#2813 = VECTOR('',#2814,1.);
#2814 = DIRECTION('',(1.,0.));
#2815 = ( GEOMETRIC_REPRESENTATION_CONTEXT(2) 
PARAMETRIC_REPRESENTATION_CONTEXT() REPRESENTATION_CONTEXT('2D SPACE',''
  ) );
#2816 = FACE_BOUND('',#2817,.F.);
#2817 = EDGE_LOOP('',(#2818));
#2818 = ORIENTED_EDGE('',*,*,#2819,.F.);
#2819 = EDGE_CURVE('',#2820,#2820,#2822,.T.);
#2820 = VERTEX_POINT('',#2821);
#2821 = CARTESIAN_POINT('',(43.1,33.,0.));
#2822 = SURFACE_CURVE('',#2823,(#2828,#2835),.PCURVE_S1.);
#2823 = CIRCLE('',#2824,1.1);
#2824 = AXIS2_PLACEMENT_3D('',#2825,#2826,#2827);
#2825 = CARTESIAN_POINT('',(42.,33.,0.));
#2826 = DIRECTION('',(0.,0.,1.));
#2827 = DIRECTION('',(1.,0.,0.));
#2828 = PCURVE('',#32,#2829);
#2829 = DEFINITIONAL_REPRESENTATION('',(#2830),#2834);
#2830 = CIRCLE('',#2831,1.1);
#2831 = AXIS2_PLACEMENT_2D('',#2832,#2833);
#2832 = CARTESIAN_POINT('',(42.,33.));
#2833 = DIRECTION('',(1.,0.));
#2834 = ( GEOMETRIC_REPRESENTATION_CONTEXT(2) 
PARAMETRIC_REPRESENTATION_CONTEXT() REPRESENTATION_CONTEXT('2D SPACE',''
  ) );
#2835 = PCURVE('',#2836,#2841);
#2836 = CYLINDRICAL_SURFACE('',#2837,1.1);
#2837 = AXIS2_PLACEMENT_3D('',#2838,#2839,#2840);
#2838 = CARTESIAN_POINT('',(42.,33.,2.5));
#2839 = DIRECTION('',(0.,0.,1.));
#2840 = DIRECTION('',(1.,0.,0.));
#2841 = DEFINITIONAL_REPRESENTATION('',(#2842),#2846);
#2842 = LINE('',#2843,#2844);
#2843 = CARTESIAN_POINT('',(0.,-2.5));
#2844 = VECTOR('',#2845,1.);
#2845 = DIRECTION('',(1.,0.));
#2846 = ( GEOMETRIC_REPRESENTATION_CONTEXT(2) 
PARAMETRIC_REPRESENTATION_CONTEXT() REPRESENTATION_CONTEXT('2D SPACE',''
  ) );
#2847 = FACE_BOUND('',#2848,.F.);
#2848 = EDGE_LOOP('',(#2849));
#2849 = ORIENTED_EDGE('',*,*,#2850,.F.);
#2850 = EDGE_CURVE('',#2851,#2851,#2853,.T.);
#2851 = VERTEX_POINT('',#2852);
#2852 = CARTESIAN_POINT('',(34.1,42.,0.));
#2853 = SURFACE_CURVE('',#2854,(#2859,#2866),.PCURVE_S1.);
#2854 = CIRCLE('',#2855,1.1);
#2855 = AXIS2_PLACEMENT_3D('',#2856,#2857,#2858);
#2856 = CARTESIAN_POINT('',(33.,42.,0.));
#2857 = DIRECTION('',(0.,0.,1.));
#2858 = DIRECTION('',(1.,0.,0.));
#2859 = PCURVE('',#32,#2860);
#2860 = DEFINITIONAL_REPRESENTATION('',(#2861),#2865);
#2861 = CIRCLE('',#2862,1.1);
#2862 = AXIS2_PLACEMENT_2D('',#2863,#2864);
#2863 = CARTESIAN_POINT('',(33.,42.));
#2864 = DIRECTION('',(1.,0.));
#2865 = ( GEOMETRIC_REPRESENTATION_CONTEXT(2) 
PARAMETRIC_REPRESENTATION_CONTEXT() REPRESENTATION_CONTEXT('2D SPACE',''
  ) );
#2866 = PCURVE('',#2867,#2872);
#2867 = CYLINDRICAL_SURFACE('',#2868,1.1);
#2868 = AXIS2_PLACEMENT_3D('',#2869,#2870,#2871);
#2869 = CARTESIAN_POINT('',(33.,42.,2.5));
#2870 = DIRECTION('',(0.,0.,1.));
#2871 = DIRECTION('',(1.,0.,0.));
#2872 = DEFINITIONAL_REPRESENTATION('',(#2873),#2877);
#2873 = LINE('',#2874,#2875);
#2874 = CARTESIAN_POINT('',(0.,-2.5));
#2875 = VECTOR('',#2876,1.);
#2876 = DIRECTION('',(1.,0.));
#2877 = ( GEOMETRIC_REPRESENTATION_CONTEXT(2) 
PARAMETRIC_REPRESENTATION_CONTEXT() REPRESENTATION_CONTEXT('2D SPACE',''
  ) );
#2878 = FACE_BOUND('',#2879,.F.);
#2879 = EDGE_LOOP('',(#2880));
#2880 = ORIENTED_EDGE('',*,*,#2881,.F.);
#2881 = EDGE_CURVE('',#2882,#2882,#2884,.T.);
#2882 = VERTEX_POINT('',#2883);
#2883 = CARTESIAN_POINT('',(43.1,42.,0.));
#2884 = SURFACE_CURVE('',#2885,(#2890,#2897),.PCURVE_S1.);
#2885 = CIRCLE('',#2886,1.1);
#2886 = AXIS2_PLACEMENT_3D('',#2887,#2888,#2889);
#2887 = CARTESIAN_POINT('',(42.,42.,0.));
#2888 = DIRECTION('',(0.,0.,1.));
#2889 = DIRECTION('',(1.,0.,0.));
#2890 = PCURVE('',#32,#2891);
#2891 = DEFINITIONAL_REPRESENTATION('',(#2892),#2896);
#2892 = CIRCLE('',#2893,1.1);
#2893 = AXIS2_PLACEMENT_2D('',#2894,#2895);
#2894 = CARTESIAN_POINT('',(42.,42.));
#2895 = DIRECTION('',(1.,0.));
#2896 = ( GEOMETRIC_REPRESENTATION_CONTEXT(2) 
PARAMETRIC_REPRESENTATION_CONTEXT() REPRESENTATION_CONTEXT('2D SPACE',''
  ) );
#2897 = PCURVE('',#2898,#2903);
#2898 = CYLINDRICAL_SURFACE('',#2899,1.1);
#2899 = AXIS2_PLACEMENT_3D('',#2900,#2901,#2902);
#2900 = CARTESIAN_POINT('',(42.,42.,2.5));
#2901 = DIRECTION('',(0.,0.,1.));
#2902 = DIRECTION('',(1.,0.,0.));
#2903 = DEFINITIONAL_REPRESENTATION('',(#2904),#2908);
#2904 = LINE('',#2905,#2906);
#2905 = CARTESIAN_POINT('',(0.,-2.5));
#2906 = VECTOR('',#2907,1.);
#2907 = DIRECTION('',(1.,0.));
#2908 = ( GEOMETRIC_REPRESENTATION_CONTEXT(2) 
PARAMETRIC_REPRESENTATION_CONTEXT() REPRESENTATION_CONTEXT('2D SPACE',''
  ) );
#2909 = ADVANCED_FACE('',(#2910),#44,.F.);
#2910 = FACE_BOUND('',#2911,.F.);
#2911 = EDGE_LOOP('',(#2912,#2913,#2936,#2964));
#2912 = ORIENTED_EDGE('',*,*,#21,.F.);
#2913 = ORIENTED_EDGE('',*,*,#2914,.T.);
#2914 = EDGE_CURVE('',#22,#2915,#2917,.T.);
#2915 = VERTEX_POINT('',#2916);
#2916 = CARTESIAN_POINT('',(-45.,-33.,2.5));
#2917 = SURFACE_CURVE('',#2918,(#2922,#2929),.PCURVE_S1.);
#2918 = LINE('',#2919,#2920);
#2919 = CARTESIAN_POINT('',(-45.,-33.,0.));
#2920 = VECTOR('',#2921,1.);
#2921 = DIRECTION('',(0.,0.,1.));
#2922 = PCURVE('',#44,#2923);
#2923 = DEFINITIONAL_REPRESENTATION('',(#2924),#2928);
#2924 = LINE('',#2925,#2926);
#2925 = CARTESIAN_POINT('',(3.,0.));
#2926 = VECTOR('',#2927,1.);
#2927 = DIRECTION('',(0.,-1.));
#2928 = ( GEOMETRIC_REPRESENTATION_CONTEXT(2) 
PARAMETRIC_REPRESENTATION_CONTEXT() REPRESENTATION_CONTEXT('2D SPACE',''
  ) );
#2929 = PCURVE('',#1658,#2930);
#2930 = DEFINITIONAL_REPRESENTATION('',(#2931),#2935);
#2931 = LINE('',#2932,#2933);
#2932 = CARTESIAN_POINT('',(-0.,0.));
#2933 = VECTOR('',#2934,1.);
#2934 = DIRECTION('',(-0.,1.));
#2935 = ( GEOMETRIC_REPRESENTATION_CONTEXT(2) 
PARAMETRIC_REPRESENTATION_CONTEXT() REPRESENTATION_CONTEXT('2D SPACE',''
  ) );
#2936 = ORIENTED_EDGE('',*,*,#2937,.T.);
#2937 = EDGE_CURVE('',#2915,#2938,#2940,.T.);
#2938 = VERTEX_POINT('',#2939);
#2939 = CARTESIAN_POINT('',(-45.,-42.,2.5));
#2940 = SURFACE_CURVE('',#2941,(#2945,#2952),.PCURVE_S1.);
#2941 = LINE('',#2942,#2943);
#2942 = CARTESIAN_POINT('',(-45.,-30.,2.5));
#2943 = VECTOR('',#2944,1.);
#2944 = DIRECTION('',(0.,-1.,0.));
#2945 = PCURVE('',#44,#2946);
#2946 = DEFINITIONAL_REPRESENTATION('',(#2947),#2951);
#2947 = LINE('',#2948,#2949);
#2948 = CARTESIAN_POINT('',(0.,-2.5));
#2949 = VECTOR('',#2950,1.);
#2950 = DIRECTION('',(1.,0.));
#2951 = ( GEOMETRIC_REPRESENTATION_CONTEXT(2) 
PARAMETRIC_REPRESENTATION_CONTEXT() REPRESENTATION_CONTEXT('2D SPACE',''
  ) );
#2952 = PCURVE('',#2953,#2958);
#2953 = PLANE('',#2954);
#2954 = AXIS2_PLACEMENT_3D('',#2955,#2956,#2957);
#2955 = CARTESIAN_POINT('',(-37.5,-37.5,2.5));
#2956 = DIRECTION('',(0.,0.,1.));
#2957 = DIRECTION('',(1.,0.,-0.));
#2958 = DEFINITIONAL_REPRESENTATION('',(#2959),#2963);
#2959 = LINE('',#2960,#2961);
#2960 = CARTESIAN_POINT('',(-7.5,7.5));
#2961 = VECTOR('',#2962,1.);
#2962 = DIRECTION('',(0.,-1.));
#2963 = ( GEOMETRIC_REPRESENTATION_CONTEXT(2) 
PARAMETRIC_REPRESENTATION_CONTEXT() REPRESENTATION_CONTEXT('2D SPACE',''
  ) );
#2964 = ORIENTED_EDGE('',*,*,#2965,.F.);
#2965 = EDGE_CURVE('',#24,#2938,#2966,.T.);
#2966 = SURFACE_CURVE('',#2967,(#2971,#2978),.PCURVE_S1.);
#2967 = LINE('',#2968,#2969);
#2968 = CARTESIAN_POINT('',(-45.,-42.,0.));
#2969 = VECTOR('',#2970,1.);
#2970 = DIRECTION('',(0.,0.,1.));
#2971 = PCURVE('',#44,#2972);
#2972 = DEFINITIONAL_REPRESENTATION('',(#2973),#2977);
#2973 = LINE('',#2974,#2975);
#2974 = CARTESIAN_POINT('',(12.,0.));
#2975 = VECTOR('',#2976,1.);
#2976 = DIRECTION('',(0.,-1.));
#2977 = ( GEOMETRIC_REPRESENTATION_CONTEXT(2) 
PARAMETRIC_REPRESENTATION_CONTEXT() REPRESENTATION_CONTEXT('2D SPACE',''
  ) );
#2978 = PCURVE('',#73,#2979);
#2979 = DEFINITIONAL_REPRESENTATION('',(#2980),#2984);
#2980 = LINE('',#2981,#2982);
#2981 = CARTESIAN_POINT('',(0.,0.));
#2982 = VECTOR('',#2983,1.);
#2983 = DIRECTION('',(0.,1.));
#2984 = ( GEOMETRIC_REPRESENTATION_CONTEXT(2) 
PARAMETRIC_REPRESENTATION_CONTEXT() REPRESENTATION_CONTEXT('2D SPACE',''
  ) );
#2985 = ADVANCED_FACE('',(#2986),#1658,.T.);
#2986 = FACE_BOUND('',#2987,.F.);
#2987 = EDGE_LOOP('',(#2988,#2989,#3012,#3038));
#2988 = ORIENTED_EDGE('',*,*,#1639,.T.);
#2989 = ORIENTED_EDGE('',*,*,#2990,.T.);
#2990 = EDGE_CURVE('',#1612,#2991,#2993,.T.);
#2991 = VERTEX_POINT('',#2992);
#2992 = CARTESIAN_POINT('',(-42.,-30.,2.5));
#2993 = SURFACE_CURVE('',#2994,(#2998,#3005),.PCURVE_S1.);
#2994 = LINE('',#2995,#2996);
#2995 = CARTESIAN_POINT('',(-42.,-30.,0.));
#2996 = VECTOR('',#2997,1.);
#2997 = DIRECTION('',(0.,0.,1.));
#2998 = PCURVE('',#1658,#2999);
#2999 = DEFINITIONAL_REPRESENTATION('',(#3000),#3004);
#3000 = LINE('',#3001,#3002);
#3001 = CARTESIAN_POINT('',(-1.570796326795,0.));
#3002 = VECTOR('',#3003,1.);
#3003 = DIRECTION('',(-0.,1.));
#3004 = ( GEOMETRIC_REPRESENTATION_CONTEXT(2) 
PARAMETRIC_REPRESENTATION_CONTEXT() REPRESENTATION_CONTEXT('2D SPACE',''
  ) );
#3005 = PCURVE('',#1627,#3006);
#3006 = DEFINITIONAL_REPRESENTATION('',(#3007),#3011);
#3007 = LINE('',#3008,#3009);
#3008 = CARTESIAN_POINT('',(12.,0.));
#3009 = VECTOR('',#3010,1.);
#3010 = DIRECTION('',(0.,-1.));
#3011 = ( GEOMETRIC_REPRESENTATION_CONTEXT(2) 
PARAMETRIC_REPRESENTATION_CONTEXT() REPRESENTATION_CONTEXT('2D SPACE',''
  ) );
#3012 = ORIENTED_EDGE('',*,*,#3013,.F.);
#3013 = EDGE_CURVE('',#2915,#2991,#3014,.T.);
#3014 = SURFACE_CURVE('',#3015,(#3020,#3027),.PCURVE_S1.);
#3015 = CIRCLE('',#3016,3.);
#3016 = AXIS2_PLACEMENT_3D('',#3017,#3018,#3019);
#3017 = CARTESIAN_POINT('',(-42.,-33.,2.5));
#3018 = DIRECTION('',(-0.,-0.,-1.));
#3019 = DIRECTION('',(0.,-1.,0.));
#3020 = PCURVE('',#1658,#3021);
#3021 = DEFINITIONAL_REPRESENTATION('',(#3022),#3026);
#3022 = LINE('',#3023,#3024);
#3023 = CARTESIAN_POINT('',(1.570796326795,2.5));
#3024 = VECTOR('',#3025,1.);
#3025 = DIRECTION('',(-1.,0.));
#3026 = ( GEOMETRIC_REPRESENTATION_CONTEXT(2) 
PARAMETRIC_REPRESENTATION_CONTEXT() REPRESENTATION_CONTEXT('2D SPACE',''
  ) );
#3027 = PCURVE('',#2953,#3028);
#3028 = DEFINITIONAL_REPRESENTATION('',(#3029),#3037);
#3029 = ( BOUNDED_CURVE() B_SPLINE_CURVE(2,(#3030,#3031,#3032,#3033,
#3034,#3035,#3036),.UNSPECIFIED.,.T.,.F.) B_SPLINE_CURVE_WITH_KNOTS((1,2
    ,2,2,2,1),(-2.094395102393,0.,2.094395102393,4.188790204786,
6.28318530718,8.377580409573),.UNSPECIFIED.) CURVE() 
GEOMETRIC_REPRESENTATION_ITEM() RATIONAL_B_SPLINE_CURVE((1.,0.5,1.,0.5,
1.,0.5,1.)) REPRESENTATION_ITEM('') );
#3030 = CARTESIAN_POINT('',(-4.5,1.5));
#3031 = CARTESIAN_POINT('',(-9.696152422707,1.5));
#3032 = CARTESIAN_POINT('',(-7.098076211353,6.));
#3033 = CARTESIAN_POINT('',(-4.5,10.5));
#3034 = CARTESIAN_POINT('',(-1.901923788647,6.));
#3035 = CARTESIAN_POINT('',(0.696152422707,1.5));
#3036 = CARTESIAN_POINT('',(-4.5,1.5));
#3037 = ( GEOMETRIC_REPRESENTATION_CONTEXT(2) 
PARAMETRIC_REPRESENTATION_CONTEXT() REPRESENTATION_CONTEXT('2D SPACE',''
  ) );
#3038 = ORIENTED_EDGE('',*,*,#2914,.F.);
#3039 = ADVANCED_FACE('',(#3040),#73,.T.);
#3040 = FACE_BOUND('',#3041,.T.);
#3041 = EDGE_LOOP('',(#3042,#3043,#3066,#3088));
#3042 = ORIENTED_EDGE('',*,*,#56,.T.);
#3043 = ORIENTED_EDGE('',*,*,#3044,.T.);
#3044 = EDGE_CURVE('',#57,#3045,#3047,.T.);
#3045 = VERTEX_POINT('',#3046);
#3046 = CARTESIAN_POINT('',(-42.,-45.,2.5));
#3047 = SURFACE_CURVE('',#3048,(#3052,#3059),.PCURVE_S1.);
#3048 = LINE('',#3049,#3050);
#3049 = CARTESIAN_POINT('',(-42.,-45.,0.));
#3050 = VECTOR('',#3051,1.);
#3051 = DIRECTION('',(0.,0.,1.));
#3052 = PCURVE('',#73,#3053);
#3053 = DEFINITIONAL_REPRESENTATION('',(#3054),#3058);
#3054 = LINE('',#3055,#3056);
#3055 = CARTESIAN_POINT('',(1.570796326795,0.));
#3056 = VECTOR('',#3057,1.);
#3057 = DIRECTION('',(0.,1.));
#3058 = ( GEOMETRIC_REPRESENTATION_CONTEXT(2) 
PARAMETRIC_REPRESENTATION_CONTEXT() REPRESENTATION_CONTEXT('2D SPACE',''
  ) );
#3059 = PCURVE('',#101,#3060);
#3060 = DEFINITIONAL_REPRESENTATION('',(#3061),#3065);
#3061 = LINE('',#3062,#3063);
#3062 = CARTESIAN_POINT('',(3.,0.));
#3063 = VECTOR('',#3064,1.);
#3064 = DIRECTION('',(0.,-1.));
#3065 = ( GEOMETRIC_REPRESENTATION_CONTEXT(2) 
PARAMETRIC_REPRESENTATION_CONTEXT() REPRESENTATION_CONTEXT('2D SPACE',''
  ) );
#3066 = ORIENTED_EDGE('',*,*,#3067,.F.);
#3067 = EDGE_CURVE('',#2938,#3045,#3068,.T.);
#3068 = SURFACE_CURVE('',#3069,(#3074,#3081),.PCURVE_S1.);
#3069 = CIRCLE('',#3070,3.);
#3070 = AXIS2_PLACEMENT_3D('',#3071,#3072,#3073);
#3071 = CARTESIAN_POINT('',(-42.,-42.,2.5));
#3072 = DIRECTION('',(0.,0.,1.));
#3073 = DIRECTION('',(0.,-1.,0.));
#3074 = PCURVE('',#73,#3075);
#3075 = DEFINITIONAL_REPRESENTATION('',(#3076),#3080);
#3076 = LINE('',#3077,#3078);
#3077 = CARTESIAN_POINT('',(-4.712388980385,2.5));
#3078 = VECTOR('',#3079,1.);
#3079 = DIRECTION('',(1.,0.));
#3080 = ( GEOMETRIC_REPRESENTATION_CONTEXT(2) 
PARAMETRIC_REPRESENTATION_CONTEXT() REPRESENTATION_CONTEXT('2D SPACE',''
  ) );
#3081 = PCURVE('',#2953,#3082);
#3082 = DEFINITIONAL_REPRESENTATION('',(#3083),#3087);
#3083 = CIRCLE('',#3084,3.);
#3084 = AXIS2_PLACEMENT_2D('',#3085,#3086);
#3085 = CARTESIAN_POINT('',(-4.5,-4.5));
#3086 = DIRECTION('',(0.,-1.));
#3087 = ( GEOMETRIC_REPRESENTATION_CONTEXT(2) 
PARAMETRIC_REPRESENTATION_CONTEXT() REPRESENTATION_CONTEXT('2D SPACE',''
  ) );
#3088 = ORIENTED_EDGE('',*,*,#2965,.F.);
#3089 = ADVANCED_FACE('',(#3090),#1627,.F.);
#3090 = FACE_BOUND('',#3091,.F.);
#3091 = EDGE_LOOP('',(#3092,#3093,#3116,#3137));
#3092 = ORIENTED_EDGE('',*,*,#1611,.F.);
#3093 = ORIENTED_EDGE('',*,*,#3094,.F.);
#3094 = EDGE_CURVE('',#3095,#1583,#3097,.T.);
#3095 = VERTEX_POINT('',#3096);
#3096 = CARTESIAN_POINT('',(-39.02081528017,-30.,2.5));
#3097 = SURFACE_CURVE('',#3098,(#3102,#3109),.PCURVE_S1.);
#3098 = LINE('',#3099,#3100);
#3099 = CARTESIAN_POINT('',(-39.02081528017,-30.,2.5));
#3100 = VECTOR('',#3101,1.);
#3101 = DIRECTION('',(0.,0.,-1.));
#3102 = PCURVE('',#1627,#3103);
#3103 = DEFINITIONAL_REPRESENTATION('',(#3104),#3108);
#3104 = LINE('',#3105,#3106);
#3105 = CARTESIAN_POINT('',(9.020815280171,-2.5));
#3106 = VECTOR('',#3107,1.);
#3107 = DIRECTION('',(0.,1.));
#3108 = ( GEOMETRIC_REPRESENTATION_CONTEXT(2) 
PARAMETRIC_REPRESENTATION_CONTEXT() REPRESENTATION_CONTEXT('2D SPACE',''
  ) );
#3109 = PCURVE('',#1599,#3110);
#3110 = DEFINITIONAL_REPRESENTATION('',(#3111),#3115);
#3111 = LINE('',#3112,#3113);
#3112 = CARTESIAN_POINT('',(-0.,0.));
#3113 = VECTOR('',#3114,1.);
#3114 = DIRECTION('',(-0.,1.));
#3115 = ( GEOMETRIC_REPRESENTATION_CONTEXT(2) 
PARAMETRIC_REPRESENTATION_CONTEXT() REPRESENTATION_CONTEXT('2D SPACE',''
  ) );
#3116 = ORIENTED_EDGE('',*,*,#3117,.T.);
#3117 = EDGE_CURVE('',#3095,#2991,#3118,.T.);
#3118 = SURFACE_CURVE('',#3119,(#3123,#3130),.PCURVE_S1.);
#3119 = LINE('',#3120,#3121);
#3120 = CARTESIAN_POINT('',(-30.,-30.,2.5));
#3121 = VECTOR('',#3122,1.);
#3122 = DIRECTION('',(-1.,0.,0.));
#3123 = PCURVE('',#1627,#3124);
#3124 = DEFINITIONAL_REPRESENTATION('',(#3125),#3129);
#3125 = LINE('',#3126,#3127);
#3126 = CARTESIAN_POINT('',(0.,-2.5));
#3127 = VECTOR('',#3128,1.);
#3128 = DIRECTION('',(1.,0.));
#3129 = ( GEOMETRIC_REPRESENTATION_CONTEXT(2) 
PARAMETRIC_REPRESENTATION_CONTEXT() REPRESENTATION_CONTEXT('2D SPACE',''
  ) );
#3130 = PCURVE('',#2953,#3131);
#3131 = DEFINITIONAL_REPRESENTATION('',(#3132),#3136);
#3132 = LINE('',#3133,#3134);
#3133 = CARTESIAN_POINT('',(7.5,7.5));
#3134 = VECTOR('',#3135,1.);
#3135 = DIRECTION('',(-1.,0.));
#3136 = ( GEOMETRIC_REPRESENTATION_CONTEXT(2) 
PARAMETRIC_REPRESENTATION_CONTEXT() REPRESENTATION_CONTEXT('2D SPACE',''
  ) );
#3137 = ORIENTED_EDGE('',*,*,#2990,.F.);
#3138 = ADVANCED_FACE('',(#3139),#101,.F.);
#3139 = FACE_BOUND('',#3140,.F.);
#3140 = EDGE_LOOP('',(#3141,#3142,#3143,#3166));
#3141 = ORIENTED_EDGE('',*,*,#85,.F.);
#3142 = ORIENTED_EDGE('',*,*,#3044,.T.);
#3143 = ORIENTED_EDGE('',*,*,#3144,.T.);
#3144 = EDGE_CURVE('',#3045,#3145,#3147,.T.);
#3145 = VERTEX_POINT('',#3146);
#3146 = CARTESIAN_POINT('',(-33.,-45.,2.5));
#3147 = SURFACE_CURVE('',#3148,(#3152,#3159),.PCURVE_S1.);
#3148 = LINE('',#3149,#3150);
#3149 = CARTESIAN_POINT('',(-45.,-45.,2.5));
#3150 = VECTOR('',#3151,1.);
#3151 = DIRECTION('',(1.,0.,0.));
#3152 = PCURVE('',#101,#3153);
#3153 = DEFINITIONAL_REPRESENTATION('',(#3154),#3158);
#3154 = LINE('',#3155,#3156);
#3155 = CARTESIAN_POINT('',(0.,-2.5));
#3156 = VECTOR('',#3157,1.);
#3157 = DIRECTION('',(1.,0.));
#3158 = ( GEOMETRIC_REPRESENTATION_CONTEXT(2) 
PARAMETRIC_REPRESENTATION_CONTEXT() REPRESENTATION_CONTEXT('2D SPACE',''
  ) );
#3159 = PCURVE('',#2953,#3160);
#3160 = DEFINITIONAL_REPRESENTATION('',(#3161),#3165);
#3161 = LINE('',#3162,#3163);
#3162 = CARTESIAN_POINT('',(-7.5,-7.5));
#3163 = VECTOR('',#3164,1.);
#3164 = DIRECTION('',(1.,0.));
#3165 = ( GEOMETRIC_REPRESENTATION_CONTEXT(2) 
PARAMETRIC_REPRESENTATION_CONTEXT() REPRESENTATION_CONTEXT('2D SPACE',''
  ) );
#3166 = ORIENTED_EDGE('',*,*,#3167,.F.);
#3167 = EDGE_CURVE('',#86,#3145,#3168,.T.);
#3168 = SURFACE_CURVE('',#3169,(#3173,#3180),.PCURVE_S1.);
#3169 = LINE('',#3170,#3171);
#3170 = CARTESIAN_POINT('',(-33.,-45.,0.));
#3171 = VECTOR('',#3172,1.);
#3172 = DIRECTION('',(0.,0.,1.));
#3173 = PCURVE('',#101,#3174);
#3174 = DEFINITIONAL_REPRESENTATION('',(#3175),#3179);
#3175 = LINE('',#3176,#3177);
#3176 = CARTESIAN_POINT('',(12.,0.));
#3177 = VECTOR('',#3178,1.);
#3178 = DIRECTION('',(0.,-1.));
#3179 = ( GEOMETRIC_REPRESENTATION_CONTEXT(2) 
PARAMETRIC_REPRESENTATION_CONTEXT() REPRESENTATION_CONTEXT('2D SPACE',''
  ) );
#3180 = PCURVE('',#134,#3181);
#3181 = DEFINITIONAL_REPRESENTATION('',(#3182),#3186);
#3182 = LINE('',#3183,#3184);
#3183 = CARTESIAN_POINT('',(-1.570796326795,0.));
#3184 = VECTOR('',#3185,1.);
#3185 = DIRECTION('',(-0.,1.));
#3186 = ( GEOMETRIC_REPRESENTATION_CONTEXT(2) 
PARAMETRIC_REPRESENTATION_CONTEXT() REPRESENTATION_CONTEXT('2D SPACE',''
  ) );
#3187 = ADVANCED_FACE('',(#3188),#1599,.F.);
#3188 = FACE_BOUND('',#3189,.T.);
#3189 = EDGE_LOOP('',(#3190,#3214,#3235,#3236));
#3190 = ORIENTED_EDGE('',*,*,#3191,.T.);
#3191 = EDGE_CURVE('',#3095,#3192,#3194,.T.);
#3192 = VERTEX_POINT('',#3193);
#3193 = CARTESIAN_POINT('',(-36.89949493661,-29.12132034356,2.5));
#3194 = SURFACE_CURVE('',#3195,(#3200,#3207),.PCURVE_S1.);
#3195 = CIRCLE('',#3196,3.);
#3196 = AXIS2_PLACEMENT_3D('',#3197,#3198,#3199);
#3197 = CARTESIAN_POINT('',(-39.02081528017,-27.,2.5));
#3198 = DIRECTION('',(0.,-0.,1.));
#3199 = DIRECTION('',(0.,1.,0.));
#3200 = PCURVE('',#1599,#3201);
#3201 = DEFINITIONAL_REPRESENTATION('',(#3202),#3206);
#3202 = LINE('',#3203,#3204);
#3203 = CARTESIAN_POINT('',(3.14159265359,-0.));
#3204 = VECTOR('',#3205,1.);
#3205 = DIRECTION('',(-1.,0.));
#3206 = ( GEOMETRIC_REPRESENTATION_CONTEXT(2) 
PARAMETRIC_REPRESENTATION_CONTEXT() REPRESENTATION_CONTEXT('2D SPACE',''
  ) );
#3207 = PCURVE('',#2953,#3208);
#3208 = DEFINITIONAL_REPRESENTATION('',(#3209),#3213);
#3209 = CIRCLE('',#3210,3.);
#3210 = AXIS2_PLACEMENT_2D('',#3211,#3212);
#3211 = CARTESIAN_POINT('',(-1.520815280171,10.5));
#3212 = DIRECTION('',(0.,1.));
#3213 = ( GEOMETRIC_REPRESENTATION_CONTEXT(2) 
PARAMETRIC_REPRESENTATION_CONTEXT() REPRESENTATION_CONTEXT('2D SPACE',''
  ) );
#3214 = ORIENTED_EDGE('',*,*,#3215,.T.);
#3215 = EDGE_CURVE('',#3192,#1555,#3216,.T.);
#3216 = SURFACE_CURVE('',#3217,(#3221,#3228),.PCURVE_S1.);
#3217 = LINE('',#3218,#3219);
#3218 = CARTESIAN_POINT('',(-36.89949493661,-29.12132034356,2.5));
#3219 = VECTOR('',#3220,1.);
#3220 = DIRECTION('',(0.,0.,-1.));
#3221 = PCURVE('',#1599,#3222);
#3222 = DEFINITIONAL_REPRESENTATION('',(#3223),#3227);
#3223 = LINE('',#3224,#3225);
#3224 = CARTESIAN_POINT('',(-0.785398163397,0.));
#3225 = VECTOR('',#3226,1.);
#3226 = DIRECTION('',(-0.,1.));
#3227 = ( GEOMETRIC_REPRESENTATION_CONTEXT(2) 
PARAMETRIC_REPRESENTATION_CONTEXT() REPRESENTATION_CONTEXT('2D SPACE',''
  ) );
#3228 = PCURVE('',#1570,#3229);
#3229 = DEFINITIONAL_REPRESENTATION('',(#3230),#3234);
#3230 = LINE('',#3231,#3232);
#3231 = CARTESIAN_POINT('',(46.683766184074,-2.5));
#3232 = VECTOR('',#3233,1.);
#3233 = DIRECTION('',(-0.,1.));
#3234 = ( GEOMETRIC_REPRESENTATION_CONTEXT(2) 
PARAMETRIC_REPRESENTATION_CONTEXT() REPRESENTATION_CONTEXT('2D SPACE',''
  ) );
#3235 = ORIENTED_EDGE('',*,*,#1582,.F.);
#3236 = ORIENTED_EDGE('',*,*,#3094,.F.);
#3237 = ADVANCED_FACE('',(#3238),#134,.T.);
#3238 = FACE_BOUND('',#3239,.F.);
#3239 = EDGE_LOOP('',(#3240,#3241,#3242,#3270));
#3240 = ORIENTED_EDGE('',*,*,#113,.T.);
#3241 = ORIENTED_EDGE('',*,*,#3167,.T.);
#3242 = ORIENTED_EDGE('',*,*,#3243,.F.);
#3243 = EDGE_CURVE('',#3244,#3145,#3246,.T.);
#3244 = VERTEX_POINT('',#3245);
#3245 = CARTESIAN_POINT('',(-30.,-42.,2.5));
#3246 = SURFACE_CURVE('',#3247,(#3252,#3259),.PCURVE_S1.);
#3247 = CIRCLE('',#3248,3.);
#3248 = AXIS2_PLACEMENT_3D('',#3249,#3250,#3251);
#3249 = CARTESIAN_POINT('',(-33.,-42.,2.5));
#3250 = DIRECTION('',(-0.,-0.,-1.));
#3251 = DIRECTION('',(0.,-1.,0.));
#3252 = PCURVE('',#134,#3253);
#3253 = DEFINITIONAL_REPRESENTATION('',(#3254),#3258);
#3254 = LINE('',#3255,#3256);
#3255 = CARTESIAN_POINT('',(4.712388980385,2.5));
#3256 = VECTOR('',#3257,1.);
#3257 = DIRECTION('',(-1.,0.));
#3258 = ( GEOMETRIC_REPRESENTATION_CONTEXT(2) 
PARAMETRIC_REPRESENTATION_CONTEXT() REPRESENTATION_CONTEXT('2D SPACE',''
  ) );
#3259 = PCURVE('',#2953,#3260);
#3260 = DEFINITIONAL_REPRESENTATION('',(#3261),#3269);
#3261 = ( BOUNDED_CURVE() B_SPLINE_CURVE(2,(#3262,#3263,#3264,#3265,
#3266,#3267,#3268),.UNSPECIFIED.,.T.,.F.) B_SPLINE_CURVE_WITH_KNOTS((1,2
    ,2,2,2,1),(-2.094395102393,0.,2.094395102393,4.188790204786,
6.28318530718,8.377580409573),.UNSPECIFIED.) CURVE() 
GEOMETRIC_REPRESENTATION_ITEM() RATIONAL_B_SPLINE_CURVE((1.,0.5,1.,0.5,
1.,0.5,1.)) REPRESENTATION_ITEM('') );
#3262 = CARTESIAN_POINT('',(4.5,-7.5));
#3263 = CARTESIAN_POINT('',(-0.696152422707,-7.5));
#3264 = CARTESIAN_POINT('',(1.901923788647,-3.));
#3265 = CARTESIAN_POINT('',(4.5,1.5));
#3266 = CARTESIAN_POINT('',(7.098076211353,-3.));
#3267 = CARTESIAN_POINT('',(9.696152422707,-7.5));
#3268 = CARTESIAN_POINT('',(4.5,-7.5));
#3269 = ( GEOMETRIC_REPRESENTATION_CONTEXT(2) 
PARAMETRIC_REPRESENTATION_CONTEXT() REPRESENTATION_CONTEXT('2D SPACE',''
  ) );
#3270 = ORIENTED_EDGE('',*,*,#3271,.F.);
#3271 = EDGE_CURVE('',#114,#3244,#3272,.T.);
#3272 = SURFACE_CURVE('',#3273,(#3277,#3284),.PCURVE_S1.);
#3273 = LINE('',#3274,#3275);
#3274 = CARTESIAN_POINT('',(-30.,-42.,0.));
#3275 = VECTOR('',#3276,1.);
#3276 = DIRECTION('',(0.,0.,1.));
#3277 = PCURVE('',#134,#3278);
#3278 = DEFINITIONAL_REPRESENTATION('',(#3279),#3283);
#3279 = LINE('',#3280,#3281);
#3280 = CARTESIAN_POINT('',(-0.,0.));
#3281 = VECTOR('',#3282,1.);
#3282 = DIRECTION('',(-0.,1.));
#3283 = ( GEOMETRIC_REPRESENTATION_CONTEXT(2) 
PARAMETRIC_REPRESENTATION_CONTEXT() REPRESENTATION_CONTEXT('2D SPACE',''
  ) );
#3284 = PCURVE('',#162,#3285);
#3285 = DEFINITIONAL_REPRESENTATION('',(#3286),#3290);
#3286 = LINE('',#3287,#3288);
#3287 = CARTESIAN_POINT('',(3.,0.));
#3288 = VECTOR('',#3289,1.);
#3289 = DIRECTION('',(0.,-1.));
#3290 = ( GEOMETRIC_REPRESENTATION_CONTEXT(2) 
PARAMETRIC_REPRESENTATION_CONTEXT() REPRESENTATION_CONTEXT('2D SPACE',''
  ) );
#3291 = ADVANCED_FACE('',(#3292),#1570,.F.);
#3292 = FACE_BOUND('',#3293,.F.);
#3293 = EDGE_LOOP('',(#3294,#3295,#3318,#3339));
#3294 = ORIENTED_EDGE('',*,*,#1554,.F.);
#3295 = ORIENTED_EDGE('',*,*,#3296,.F.);
#3296 = EDGE_CURVE('',#3297,#1526,#3299,.T.);
#3297 = VERTEX_POINT('',#3298);
#3298 = CARTESIAN_POINT('',(-23.87867965644,-16.10050506338,2.5));
#3299 = SURFACE_CURVE('',#3300,(#3304,#3311),.PCURVE_S1.);
#3300 = LINE('',#3301,#3302);
#3301 = CARTESIAN_POINT('',(-23.87867965644,-16.10050506338,2.5));
#3302 = VECTOR('',#3303,1.);
#3303 = DIRECTION('',(0.,-0.,-1.));
#3304 = PCURVE('',#1570,#3305);
#3305 = DEFINITIONAL_REPRESENTATION('',(#3306),#3310);
#3306 = LINE('',#3307,#3308);
#3307 = CARTESIAN_POINT('',(28.2695526217,-2.5));
#3308 = VECTOR('',#3309,1.);
#3309 = DIRECTION('',(0.,1.));
#3310 = ( GEOMETRIC_REPRESENTATION_CONTEXT(2) 
PARAMETRIC_REPRESENTATION_CONTEXT() REPRESENTATION_CONTEXT('2D SPACE',''
  ) );
#3311 = PCURVE('',#1542,#3312);
#3312 = DEFINITIONAL_REPRESENTATION('',(#3313),#3317);
#3313 = LINE('',#3314,#3315);
#3314 = CARTESIAN_POINT('',(-0.,0.));
#3315 = VECTOR('',#3316,1.);
#3316 = DIRECTION('',(-0.,1.));
#3317 = ( GEOMETRIC_REPRESENTATION_CONTEXT(2) 
PARAMETRIC_REPRESENTATION_CONTEXT() REPRESENTATION_CONTEXT('2D SPACE',''
  ) );
#3318 = ORIENTED_EDGE('',*,*,#3319,.T.);
#3319 = EDGE_CURVE('',#3297,#3192,#3320,.T.);
#3320 = SURFACE_CURVE('',#3321,(#3325,#3332),.PCURVE_S1.);
#3321 = LINE('',#3322,#3323);
#3322 = CARTESIAN_POINT('',(-3.889087296526,3.889087296526,2.5));
#3323 = VECTOR('',#3324,1.);
#3324 = DIRECTION('',(-0.707106781187,-0.707106781187,0.));
#3325 = PCURVE('',#1570,#3326);
#3326 = DEFINITIONAL_REPRESENTATION('',(#3327),#3331);
#3327 = LINE('',#3328,#3329);
#3328 = CARTESIAN_POINT('',(0.,-2.5));
#3329 = VECTOR('',#3330,1.);
#3330 = DIRECTION('',(1.,0.));
#3331 = ( GEOMETRIC_REPRESENTATION_CONTEXT(2) 
PARAMETRIC_REPRESENTATION_CONTEXT() REPRESENTATION_CONTEXT('2D SPACE',''
  ) );
#3332 = PCURVE('',#2953,#3333);
#3333 = DEFINITIONAL_REPRESENTATION('',(#3334),#3338);
#3334 = LINE('',#3335,#3336);
#3335 = CARTESIAN_POINT('',(33.610912703474,41.389087296526));
#3336 = VECTOR('',#3337,1.);
#3337 = DIRECTION('',(-0.707106781187,-0.707106781187));
#3338 = ( GEOMETRIC_REPRESENTATION_CONTEXT(2) 
PARAMETRIC_REPRESENTATION_CONTEXT() REPRESENTATION_CONTEXT('2D SPACE',''
  ) );
#3339 = ORIENTED_EDGE('',*,*,#3215,.T.);
#3340 = ADVANCED_FACE('',(#3341),#162,.F.);
#3341 = FACE_BOUND('',#3342,.F.);
#3342 = EDGE_LOOP('',(#3343,#3344,#3345,#3368));
#3343 = ORIENTED_EDGE('',*,*,#146,.F.);
#3344 = ORIENTED_EDGE('',*,*,#3271,.T.);
#3345 = ORIENTED_EDGE('',*,*,#3346,.T.);
#3346 = EDGE_CURVE('',#3244,#3347,#3349,.T.);
#3347 = VERTEX_POINT('',#3348);
#3348 = CARTESIAN_POINT('',(-30.,-39.02081528017,2.5));
#3349 = SURFACE_CURVE('',#3350,(#3354,#3361),.PCURVE_S1.);
#3350 = LINE('',#3351,#3352);
#3351 = CARTESIAN_POINT('',(-30.,-45.,2.5));
#3352 = VECTOR('',#3353,1.);
#3353 = DIRECTION('',(0.,1.,0.));
#3354 = PCURVE('',#162,#3355);
#3355 = DEFINITIONAL_REPRESENTATION('',(#3356),#3360);
#3356 = LINE('',#3357,#3358);
#3357 = CARTESIAN_POINT('',(0.,-2.5));
#3358 = VECTOR('',#3359,1.);
#3359 = DIRECTION('',(1.,0.));
#3360 = ( GEOMETRIC_REPRESENTATION_CONTEXT(2) 
PARAMETRIC_REPRESENTATION_CONTEXT() REPRESENTATION_CONTEXT('2D SPACE',''
  ) );
#3361 = PCURVE('',#2953,#3362);
#3362 = DEFINITIONAL_REPRESENTATION('',(#3363),#3367);
#3363 = LINE('',#3364,#3365);
#3364 = CARTESIAN_POINT('',(7.5,-7.5));
#3365 = VECTOR('',#3366,1.);
#3366 = DIRECTION('',(0.,1.));
#3367 = ( GEOMETRIC_REPRESENTATION_CONTEXT(2) 
PARAMETRIC_REPRESENTATION_CONTEXT() REPRESENTATION_CONTEXT('2D SPACE',''
  ) );
#3368 = ORIENTED_EDGE('',*,*,#3369,.F.);
#3369 = EDGE_CURVE('',#147,#3347,#3370,.T.);
#3370 = SURFACE_CURVE('',#3371,(#3375,#3382),.PCURVE_S1.);
#3371 = LINE('',#3372,#3373);
#3372 = CARTESIAN_POINT('',(-30.,-39.02081528017,0.));
#3373 = VECTOR('',#3374,1.);
#3374 = DIRECTION('',(0.,0.,1.));
#3375 = PCURVE('',#162,#3376);
#3376 = DEFINITIONAL_REPRESENTATION('',(#3377),#3381);
#3377 = LINE('',#3378,#3379);
#3378 = CARTESIAN_POINT('',(5.979184719829,0.));
#3379 = VECTOR('',#3380,1.);
#3380 = DIRECTION('',(0.,-1.));
#3381 = ( GEOMETRIC_REPRESENTATION_CONTEXT(2) 
PARAMETRIC_REPRESENTATION_CONTEXT() REPRESENTATION_CONTEXT('2D SPACE',''
  ) );
#3382 = PCURVE('',#195,#3383);
#3383 = DEFINITIONAL_REPRESENTATION('',(#3384),#3388);
#3384 = LINE('',#3385,#3386);
#3385 = CARTESIAN_POINT('',(-0.,0.));
#3386 = VECTOR('',#3387,1.);
#3387 = DIRECTION('',(-0.,1.));
#3388 = ( GEOMETRIC_REPRESENTATION_CONTEXT(2) 
PARAMETRIC_REPRESENTATION_CONTEXT() REPRESENTATION_CONTEXT('2D SPACE',''
  ) );
#3389 = ADVANCED_FACE('',(#3390),#1542,.F.);
#3390 = FACE_BOUND('',#3391,.T.);
#3391 = EDGE_LOOP('',(#3392,#3416,#3437,#3438));
#3392 = ORIENTED_EDGE('',*,*,#3393,.T.);
#3393 = EDGE_CURVE('',#3297,#3394,#3396,.T.);
#3394 = VERTEX_POINT('',#3395);
#3395 = CARTESIAN_POINT('',(-23.,-13.97918471982,2.5));
#3396 = SURFACE_CURVE('',#3397,(#3402,#3409),.PCURVE_S1.);
#3397 = CIRCLE('',#3398,3.);
#3398 = AXIS2_PLACEMENT_3D('',#3399,#3400,#3401);
#3399 = CARTESIAN_POINT('',(-26.,-13.97918471982,2.5));
#3400 = DIRECTION('',(-0.,0.,1.));
#3401 = DIRECTION('',(0.,1.,0.));
#3402 = PCURVE('',#1542,#3403);
#3403 = DEFINITIONAL_REPRESENTATION('',(#3404),#3408);
#3404 = LINE('',#3405,#3406);
#3405 = CARTESIAN_POINT('',(3.926990816987,-0.));
#3406 = VECTOR('',#3407,1.);
#3407 = DIRECTION('',(-1.,0.));
#3408 = ( GEOMETRIC_REPRESENTATION_CONTEXT(2) 
PARAMETRIC_REPRESENTATION_CONTEXT() REPRESENTATION_CONTEXT('2D SPACE',''
  ) );
#3409 = PCURVE('',#2953,#3410);
#3410 = DEFINITIONAL_REPRESENTATION('',(#3411),#3415);
#3411 = CIRCLE('',#3412,3.);
#3412 = AXIS2_PLACEMENT_2D('',#3413,#3414);
#3413 = CARTESIAN_POINT('',(11.5,23.520815280171));
#3414 = DIRECTION('',(0.,1.));
#3415 = ( GEOMETRIC_REPRESENTATION_CONTEXT(2) 
PARAMETRIC_REPRESENTATION_CONTEXT() REPRESENTATION_CONTEXT('2D SPACE',''
  ) );
#3416 = ORIENTED_EDGE('',*,*,#3417,.T.);
#3417 = EDGE_CURVE('',#3394,#1498,#3418,.T.);
#3418 = SURFACE_CURVE('',#3419,(#3423,#3430),.PCURVE_S1.);
#3419 = LINE('',#3420,#3421);
#3420 = CARTESIAN_POINT('',(-23.,-13.97918471982,2.5));
#3421 = VECTOR('',#3422,1.);
#3422 = DIRECTION('',(0.,-0.,-1.));
#3423 = PCURVE('',#1542,#3424);
#3424 = DEFINITIONAL_REPRESENTATION('',(#3425),#3429);
#3425 = LINE('',#3426,#3427);
#3426 = CARTESIAN_POINT('',(-0.785398163397,0.));
#3427 = VECTOR('',#3428,1.);
#3428 = DIRECTION('',(-0.,1.));
#3429 = ( GEOMETRIC_REPRESENTATION_CONTEXT(2) 
PARAMETRIC_REPRESENTATION_CONTEXT() REPRESENTATION_CONTEXT('2D SPACE',''
  ) );
#3430 = PCURVE('',#1513,#3431);
#3431 = DEFINITIONAL_REPRESENTATION('',(#3432),#3436);
#3432 = LINE('',#3433,#3434);
#3433 = CARTESIAN_POINT('',(36.979184719829,-2.5));
#3434 = VECTOR('',#3435,1.);
#3435 = DIRECTION('',(0.,1.));
#3436 = ( GEOMETRIC_REPRESENTATION_CONTEXT(2) 
PARAMETRIC_REPRESENTATION_CONTEXT() REPRESENTATION_CONTEXT('2D SPACE',''
  ) );
#3437 = ORIENTED_EDGE('',*,*,#1525,.F.);
#3438 = ORIENTED_EDGE('',*,*,#3296,.F.);
#3439 = ADVANCED_FACE('',(#3440),#195,.F.);
#3440 = FACE_BOUND('',#3441,.T.);
#3441 = EDGE_LOOP('',(#3442,#3443,#3466,#3492));
#3442 = ORIENTED_EDGE('',*,*,#174,.T.);
#3443 = ORIENTED_EDGE('',*,*,#3444,.T.);
#3444 = EDGE_CURVE('',#175,#3445,#3447,.T.);
#3445 = VERTEX_POINT('',#3446);
#3446 = CARTESIAN_POINT('',(-29.12132034356,-36.89949493661,2.5));
#3447 = SURFACE_CURVE('',#3448,(#3452,#3459),.PCURVE_S1.);
#3448 = LINE('',#3449,#3450);
#3449 = CARTESIAN_POINT('',(-29.12132034356,-36.89949493661,0.));
#3450 = VECTOR('',#3451,1.);
#3451 = DIRECTION('',(0.,0.,1.));
#3452 = PCURVE('',#195,#3453);
#3453 = DEFINITIONAL_REPRESENTATION('',(#3454),#3458);
#3454 = LINE('',#3455,#3456);
#3455 = CARTESIAN_POINT('',(-0.785398163397,0.));
#3456 = VECTOR('',#3457,1.);
#3457 = DIRECTION('',(-0.,1.));
#3458 = ( GEOMETRIC_REPRESENTATION_CONTEXT(2) 
PARAMETRIC_REPRESENTATION_CONTEXT() REPRESENTATION_CONTEXT('2D SPACE',''
  ) );
#3459 = PCURVE('',#223,#3460);
#3460 = DEFINITIONAL_REPRESENTATION('',(#3461),#3465);
#3461 = LINE('',#3462,#3463);
#3462 = CARTESIAN_POINT('',(6.349242404918,0.));
#3463 = VECTOR('',#3464,1.);
#3464 = DIRECTION('',(0.,-1.));
#3465 = ( GEOMETRIC_REPRESENTATION_CONTEXT(2) 
PARAMETRIC_REPRESENTATION_CONTEXT() REPRESENTATION_CONTEXT('2D SPACE',''
  ) );
#3466 = ORIENTED_EDGE('',*,*,#3467,.F.);
#3467 = EDGE_CURVE('',#3347,#3445,#3468,.T.);
#3468 = SURFACE_CURVE('',#3469,(#3474,#3481),.PCURVE_S1.);
#3469 = CIRCLE('',#3470,3.);
#3470 = AXIS2_PLACEMENT_3D('',#3471,#3472,#3473);
#3471 = CARTESIAN_POINT('',(-27.,-39.02081528017,2.5));
#3472 = DIRECTION('',(-0.,-0.,-1.));
#3473 = DIRECTION('',(0.,-1.,0.));
#3474 = PCURVE('',#195,#3475);
#3475 = DEFINITIONAL_REPRESENTATION('',(#3476),#3480);
#3476 = LINE('',#3477,#3478);
#3477 = CARTESIAN_POINT('',(1.570796326795,2.5));
#3478 = VECTOR('',#3479,1.);
#3479 = DIRECTION('',(-1.,0.));
#3480 = ( GEOMETRIC_REPRESENTATION_CONTEXT(2) 
PARAMETRIC_REPRESENTATION_CONTEXT() REPRESENTATION_CONTEXT('2D SPACE',''
  ) );
#3481 = PCURVE('',#2953,#3482);
#3482 = DEFINITIONAL_REPRESENTATION('',(#3483),#3491);
#3483 = ( BOUNDED_CURVE() B_SPLINE_CURVE(2,(#3484,#3485,#3486,#3487,
#3488,#3489,#3490),.UNSPECIFIED.,.T.,.F.) B_SPLINE_CURVE_WITH_KNOTS((1,2
    ,2,2,2,1),(-2.094395102393,0.,2.094395102393,4.188790204786,
6.28318530718,8.377580409573),.UNSPECIFIED.) CURVE() 
GEOMETRIC_REPRESENTATION_ITEM() RATIONAL_B_SPLINE_CURVE((1.,0.5,1.,0.5,
1.,0.5,1.)) REPRESENTATION_ITEM('') );
#3484 = CARTESIAN_POINT('',(10.5,-4.520815280171));
#3485 = CARTESIAN_POINT('',(5.303847577293,-4.520815280171));
#3486 = CARTESIAN_POINT('',(7.901923788647,-2.081528017131E-02));
#3487 = CARTESIAN_POINT('',(10.5,4.479184719829));
#3488 = CARTESIAN_POINT('',(13.098076211353,-2.081528017131E-02));
#3489 = CARTESIAN_POINT('',(15.696152422707,-4.520815280171));
#3490 = CARTESIAN_POINT('',(10.5,-4.520815280171));
#3491 = ( GEOMETRIC_REPRESENTATION_CONTEXT(2) 
PARAMETRIC_REPRESENTATION_CONTEXT() REPRESENTATION_CONTEXT('2D SPACE',''
  ) );
#3492 = ORIENTED_EDGE('',*,*,#3369,.F.);
#3493 = ADVANCED_FACE('',(#3494),#1513,.F.);
#3494 = FACE_BOUND('',#3495,.F.);
#3495 = EDGE_LOOP('',(#3496,#3497,#3520,#3541));
#3496 = ORIENTED_EDGE('',*,*,#1497,.F.);
#3497 = ORIENTED_EDGE('',*,*,#3498,.T.);
#3498 = EDGE_CURVE('',#1469,#3499,#3501,.T.);
#3499 = VERTEX_POINT('',#3500);
#3500 = CARTESIAN_POINT('',(-23.,13.979184719829,2.5));
#3501 = SURFACE_CURVE('',#3502,(#3506,#3513),.PCURVE_S1.);
#3502 = LINE('',#3503,#3504);
#3503 = CARTESIAN_POINT('',(-23.,13.979184719829,0.));
#3504 = VECTOR('',#3505,1.);
#3505 = DIRECTION('',(0.,0.,1.));
#3506 = PCURVE('',#1513,#3507);
#3507 = DEFINITIONAL_REPRESENTATION('',(#3508),#3512);
#3508 = LINE('',#3509,#3510);
#3509 = CARTESIAN_POINT('',(9.020815280171,0.));
#3510 = VECTOR('',#3511,1.);
#3511 = DIRECTION('',(0.,-1.));
#3512 = ( GEOMETRIC_REPRESENTATION_CONTEXT(2) 
PARAMETRIC_REPRESENTATION_CONTEXT() REPRESENTATION_CONTEXT('2D SPACE',''
  ) );
#3513 = PCURVE('',#1485,#3514);
#3514 = DEFINITIONAL_REPRESENTATION('',(#3515),#3519);
#3515 = LINE('',#3516,#3517);
#3516 = CARTESIAN_POINT('',(0.,0.));
#3517 = VECTOR('',#3518,1.);
#3518 = DIRECTION('',(0.,1.));
#3519 = ( GEOMETRIC_REPRESENTATION_CONTEXT(2) 
PARAMETRIC_REPRESENTATION_CONTEXT() REPRESENTATION_CONTEXT('2D SPACE',''
  ) );
#3520 = ORIENTED_EDGE('',*,*,#3521,.T.);
#3521 = EDGE_CURVE('',#3499,#3394,#3522,.T.);
#3522 = SURFACE_CURVE('',#3523,(#3527,#3534),.PCURVE_S1.);
#3523 = LINE('',#3524,#3525);
#3524 = CARTESIAN_POINT('',(-23.,23.,2.5));
#3525 = VECTOR('',#3526,1.);
#3526 = DIRECTION('',(0.,-1.,0.));
#3527 = PCURVE('',#1513,#3528);
#3528 = DEFINITIONAL_REPRESENTATION('',(#3529),#3533);
#3529 = LINE('',#3530,#3531);
#3530 = CARTESIAN_POINT('',(0.,-2.5));
#3531 = VECTOR('',#3532,1.);
#3532 = DIRECTION('',(1.,0.));
#3533 = ( GEOMETRIC_REPRESENTATION_CONTEXT(2) 
PARAMETRIC_REPRESENTATION_CONTEXT() REPRESENTATION_CONTEXT('2D SPACE',''
  ) );
#3534 = PCURVE('',#2953,#3535);
#3535 = DEFINITIONAL_REPRESENTATION('',(#3536),#3540);
#3536 = LINE('',#3537,#3538);
#3537 = CARTESIAN_POINT('',(14.5,60.5));
#3538 = VECTOR('',#3539,1.);
#3539 = DIRECTION('',(0.,-1.));
#3540 = ( GEOMETRIC_REPRESENTATION_CONTEXT(2) 
PARAMETRIC_REPRESENTATION_CONTEXT() REPRESENTATION_CONTEXT('2D SPACE',''
  ) );
#3541 = ORIENTED_EDGE('',*,*,#3417,.T.);
#3542 = ADVANCED_FACE('',(#3543),#223,.F.);
#3543 = FACE_BOUND('',#3544,.F.);
#3544 = EDGE_LOOP('',(#3545,#3546,#3547,#3570));
#3545 = ORIENTED_EDGE('',*,*,#207,.F.);
#3546 = ORIENTED_EDGE('',*,*,#3444,.T.);
#3547 = ORIENTED_EDGE('',*,*,#3548,.T.);
#3548 = EDGE_CURVE('',#3445,#3549,#3551,.T.);
#3549 = VERTEX_POINT('',#3550);
#3550 = CARTESIAN_POINT('',(-16.10050506338,-23.87867965644,2.5));
#3551 = SURFACE_CURVE('',#3552,(#3556,#3563),.PCURVE_S1.);
#3552 = LINE('',#3553,#3554);
#3553 = CARTESIAN_POINT('',(-33.61091270347,-41.38908729652,2.5));
#3554 = VECTOR('',#3555,1.);
#3555 = DIRECTION('',(0.707106781187,0.707106781187,0.));
#3556 = PCURVE('',#223,#3557);
#3557 = DEFINITIONAL_REPRESENTATION('',(#3558),#3562);
#3558 = LINE('',#3559,#3560);
#3559 = CARTESIAN_POINT('',(0.,-2.5));
#3560 = VECTOR('',#3561,1.);
#3561 = DIRECTION('',(1.,0.));
#3562 = ( GEOMETRIC_REPRESENTATION_CONTEXT(2) 
PARAMETRIC_REPRESENTATION_CONTEXT() REPRESENTATION_CONTEXT('2D SPACE',''
  ) );
#3563 = PCURVE('',#2953,#3564);
#3564 = DEFINITIONAL_REPRESENTATION('',(#3565),#3569);
#3565 = LINE('',#3566,#3567);
#3566 = CARTESIAN_POINT('',(3.889087296526,-3.889087296526));
#3567 = VECTOR('',#3568,1.);
#3568 = DIRECTION('',(0.707106781187,0.707106781187));
#3569 = ( GEOMETRIC_REPRESENTATION_CONTEXT(2) 
PARAMETRIC_REPRESENTATION_CONTEXT() REPRESENTATION_CONTEXT('2D SPACE',''
  ) );
#3570 = ORIENTED_EDGE('',*,*,#3571,.F.);
#3571 = EDGE_CURVE('',#208,#3549,#3572,.T.);
#3572 = SURFACE_CURVE('',#3573,(#3577,#3584),.PCURVE_S1.);
#3573 = LINE('',#3574,#3575);
#3574 = CARTESIAN_POINT('',(-16.10050506338,-23.87867965644,0.));
#3575 = VECTOR('',#3576,1.);
#3576 = DIRECTION('',(0.,-0.,1.));
#3577 = PCURVE('',#223,#3578);
#3578 = DEFINITIONAL_REPRESENTATION('',(#3579),#3583);
#3579 = LINE('',#3580,#3581);
#3580 = CARTESIAN_POINT('',(24.763455967291,0.));
#3581 = VECTOR('',#3582,1.);
#3582 = DIRECTION('',(0.,-1.));
#3583 = ( GEOMETRIC_REPRESENTATION_CONTEXT(2) 
PARAMETRIC_REPRESENTATION_CONTEXT() REPRESENTATION_CONTEXT('2D SPACE',''
  ) );
#3584 = PCURVE('',#252,#3585);
#3585 = DEFINITIONAL_REPRESENTATION('',(#3586),#3590);
#3586 = LINE('',#3587,#3588);
#3587 = CARTESIAN_POINT('',(0.785398163397,0.));
#3588 = VECTOR('',#3589,1.);
#3589 = DIRECTION('',(0.,1.));
#3590 = ( GEOMETRIC_REPRESENTATION_CONTEXT(2) 
PARAMETRIC_REPRESENTATION_CONTEXT() REPRESENTATION_CONTEXT('2D SPACE',''
  ) );
#3591 = ADVANCED_FACE('',(#3592),#1485,.F.);
#3592 = FACE_BOUND('',#3593,.F.);
#3593 = EDGE_LOOP('',(#3594,#3595,#3618,#3640));
#3594 = ORIENTED_EDGE('',*,*,#1468,.T.);
#3595 = ORIENTED_EDGE('',*,*,#3596,.T.);
#3596 = EDGE_CURVE('',#1441,#3597,#3599,.T.);
#3597 = VERTEX_POINT('',#3598);
#3598 = CARTESIAN_POINT('',(-23.87867965644,16.100505063388,2.5));
#3599 = SURFACE_CURVE('',#3600,(#3604,#3611),.PCURVE_S1.);
#3600 = LINE('',#3601,#3602);
#3601 = CARTESIAN_POINT('',(-23.87867965644,16.100505063388,0.));
#3602 = VECTOR('',#3603,1.);
#3603 = DIRECTION('',(0.,0.,1.));
#3604 = PCURVE('',#1485,#3605);
#3605 = DEFINITIONAL_REPRESENTATION('',(#3606),#3610);
#3606 = LINE('',#3607,#3608);
#3607 = CARTESIAN_POINT('',(0.785398163397,0.));
#3608 = VECTOR('',#3609,1.);
#3609 = DIRECTION('',(0.,1.));
#3610 = ( GEOMETRIC_REPRESENTATION_CONTEXT(2) 
PARAMETRIC_REPRESENTATION_CONTEXT() REPRESENTATION_CONTEXT('2D SPACE',''
  ) );
#3611 = PCURVE('',#1456,#3612);
#3612 = DEFINITIONAL_REPRESENTATION('',(#3613),#3617);
#3613 = LINE('',#3614,#3615);
#3614 = CARTESIAN_POINT('',(24.763455967291,0.));
#3615 = VECTOR('',#3616,1.);
#3616 = DIRECTION('',(0.,-1.));
#3617 = ( GEOMETRIC_REPRESENTATION_CONTEXT(2) 
PARAMETRIC_REPRESENTATION_CONTEXT() REPRESENTATION_CONTEXT('2D SPACE',''
  ) );
#3618 = ORIENTED_EDGE('',*,*,#3619,.F.);
#3619 = EDGE_CURVE('',#3499,#3597,#3620,.T.);
#3620 = SURFACE_CURVE('',#3621,(#3626,#3633),.PCURVE_S1.);
#3621 = CIRCLE('',#3622,3.);
#3622 = AXIS2_PLACEMENT_3D('',#3623,#3624,#3625);
#3623 = CARTESIAN_POINT('',(-26.,13.979184719829,2.5));
#3624 = DIRECTION('',(0.,0.,1.));
#3625 = DIRECTION('',(0.,-1.,0.));
#3626 = PCURVE('',#1485,#3627);
#3627 = DEFINITIONAL_REPRESENTATION('',(#3628),#3632);
#3628 = LINE('',#3629,#3630);
#3629 = CARTESIAN_POINT('',(-1.570796326795,2.5));
#3630 = VECTOR('',#3631,1.);
#3631 = DIRECTION('',(1.,0.));
#3632 = ( GEOMETRIC_REPRESENTATION_CONTEXT(2) 
PARAMETRIC_REPRESENTATION_CONTEXT() REPRESENTATION_CONTEXT('2D SPACE',''
  ) );
#3633 = PCURVE('',#2953,#3634);
#3634 = DEFINITIONAL_REPRESENTATION('',(#3635),#3639);
#3635 = CIRCLE('',#3636,3.);
#3636 = AXIS2_PLACEMENT_2D('',#3637,#3638);
#3637 = CARTESIAN_POINT('',(11.5,51.479184719829));
#3638 = DIRECTION('',(0.,-1.));
#3639 = ( GEOMETRIC_REPRESENTATION_CONTEXT(2) 
PARAMETRIC_REPRESENTATION_CONTEXT() REPRESENTATION_CONTEXT('2D SPACE',''
  ) );
#3640 = ORIENTED_EDGE('',*,*,#3498,.F.);
#3641 = ADVANCED_FACE('',(#3642),#252,.F.);
#3642 = FACE_BOUND('',#3643,.F.);
#3643 = EDGE_LOOP('',(#3644,#3645,#3646,#3670));
#3644 = ORIENTED_EDGE('',*,*,#235,.T.);
#3645 = ORIENTED_EDGE('',*,*,#3571,.T.);
#3646 = ORIENTED_EDGE('',*,*,#3647,.F.);
#3647 = EDGE_CURVE('',#3648,#3549,#3650,.T.);
#3648 = VERTEX_POINT('',#3649);
#3649 = CARTESIAN_POINT('',(-13.97918471982,-23.,2.5));
#3650 = SURFACE_CURVE('',#3651,(#3656,#3663),.PCURVE_S1.);
#3651 = CIRCLE('',#3652,3.);
#3652 = AXIS2_PLACEMENT_3D('',#3653,#3654,#3655);
#3653 = CARTESIAN_POINT('',(-13.97918471982,-26.,2.5));
#3654 = DIRECTION('',(0.,-0.,1.));
#3655 = DIRECTION('',(0.,-1.,-0.));
#3656 = PCURVE('',#252,#3657);
#3657 = DEFINITIONAL_REPRESENTATION('',(#3658),#3662);
#3658 = LINE('',#3659,#3660);
#3659 = CARTESIAN_POINT('',(-3.14159265359,2.5));
#3660 = VECTOR('',#3661,1.);
#3661 = DIRECTION('',(1.,0.));
#3662 = ( GEOMETRIC_REPRESENTATION_CONTEXT(2) 
PARAMETRIC_REPRESENTATION_CONTEXT() REPRESENTATION_CONTEXT('2D SPACE',''
  ) );
#3663 = PCURVE('',#2953,#3664);
#3664 = DEFINITIONAL_REPRESENTATION('',(#3665),#3669);
#3665 = CIRCLE('',#3666,3.);
#3666 = AXIS2_PLACEMENT_2D('',#3667,#3668);
#3667 = CARTESIAN_POINT('',(23.520815280171,11.5));
#3668 = DIRECTION('',(0.,-1.));
#3669 = ( GEOMETRIC_REPRESENTATION_CONTEXT(2) 
PARAMETRIC_REPRESENTATION_CONTEXT() REPRESENTATION_CONTEXT('2D SPACE',''
  ) );
#3670 = ORIENTED_EDGE('',*,*,#3671,.F.);
#3671 = EDGE_CURVE('',#236,#3648,#3672,.T.);
#3672 = SURFACE_CURVE('',#3673,(#3677,#3684),.PCURVE_S1.);
#3673 = LINE('',#3674,#3675);
#3674 = CARTESIAN_POINT('',(-13.97918471982,-23.,0.));
#3675 = VECTOR('',#3676,1.);
#3676 = DIRECTION('',(0.,-0.,1.));
#3677 = PCURVE('',#252,#3678);
#3678 = DEFINITIONAL_REPRESENTATION('',(#3679),#3683);
#3679 = LINE('',#3680,#3681);
#3680 = CARTESIAN_POINT('',(0.,0.));
#3681 = VECTOR('',#3682,1.);
#3682 = DIRECTION('',(0.,1.));
#3683 = ( GEOMETRIC_REPRESENTATION_CONTEXT(2) 
PARAMETRIC_REPRESENTATION_CONTEXT() REPRESENTATION_CONTEXT('2D SPACE',''
  ) );
#3684 = PCURVE('',#280,#3685);
#3685 = DEFINITIONAL_REPRESENTATION('',(#3686),#3690);
#3686 = LINE('',#3687,#3688);
#3687 = CARTESIAN_POINT('',(9.020815280171,0.));
#3688 = VECTOR('',#3689,1.);
#3689 = DIRECTION('',(0.,-1.));
#3690 = ( GEOMETRIC_REPRESENTATION_CONTEXT(2) 
PARAMETRIC_REPRESENTATION_CONTEXT() REPRESENTATION_CONTEXT('2D SPACE',''
  ) );
#3691 = ADVANCED_FACE('',(#3692),#1456,.F.);
#3692 = FACE_BOUND('',#3693,.F.);
#3693 = EDGE_LOOP('',(#3694,#3695,#3718,#3739));
#3694 = ORIENTED_EDGE('',*,*,#1440,.F.);
#3695 = ORIENTED_EDGE('',*,*,#3696,.T.);
#3696 = EDGE_CURVE('',#1412,#3697,#3699,.T.);
#3697 = VERTEX_POINT('',#3698);
#3698 = CARTESIAN_POINT('',(-36.89949493661,29.12132034356,2.5));
#3699 = SURFACE_CURVE('',#3700,(#3704,#3711),.PCURVE_S1.);
#3700 = LINE('',#3701,#3702);
#3701 = CARTESIAN_POINT('',(-36.89949493661,29.12132034356,0.));
#3702 = VECTOR('',#3703,1.);
#3703 = DIRECTION('',(0.,-0.,1.));
#3704 = PCURVE('',#1456,#3705);
#3705 = DEFINITIONAL_REPRESENTATION('',(#3706),#3710);
#3706 = LINE('',#3707,#3708);
#3707 = CARTESIAN_POINT('',(6.349242404918,0.));
#3708 = VECTOR('',#3709,1.);
#3709 = DIRECTION('',(0.,-1.));
#3710 = ( GEOMETRIC_REPRESENTATION_CONTEXT(2) 
PARAMETRIC_REPRESENTATION_CONTEXT() REPRESENTATION_CONTEXT('2D SPACE',''
  ) );
#3711 = PCURVE('',#1428,#3712);
#3712 = DEFINITIONAL_REPRESENTATION('',(#3713),#3717);
#3713 = LINE('',#3714,#3715);
#3714 = CARTESIAN_POINT('',(0.,0.));
#3715 = VECTOR('',#3716,1.);
#3716 = DIRECTION('',(0.,1.));
#3717 = ( GEOMETRIC_REPRESENTATION_CONTEXT(2) 
PARAMETRIC_REPRESENTATION_CONTEXT() REPRESENTATION_CONTEXT('2D SPACE',''
  ) );
#3718 = ORIENTED_EDGE('',*,*,#3719,.T.);
#3719 = EDGE_CURVE('',#3697,#3597,#3720,.T.);
#3720 = SURFACE_CURVE('',#3721,(#3725,#3732),.PCURVE_S1.);
#3721 = LINE('',#3722,#3723);
#3722 = CARTESIAN_POINT('',(-41.38908729652,33.610912703474,2.5));
#3723 = VECTOR('',#3724,1.);
#3724 = DIRECTION('',(0.707106781187,-0.707106781187,0.));
#3725 = PCURVE('',#1456,#3726);
#3726 = DEFINITIONAL_REPRESENTATION('',(#3727),#3731);
#3727 = LINE('',#3728,#3729);
#3728 = CARTESIAN_POINT('',(0.,-2.5));
#3729 = VECTOR('',#3730,1.);
#3730 = DIRECTION('',(1.,0.));
#3731 = ( GEOMETRIC_REPRESENTATION_CONTEXT(2) 
PARAMETRIC_REPRESENTATION_CONTEXT() REPRESENTATION_CONTEXT('2D SPACE',''
  ) );
#3732 = PCURVE('',#2953,#3733);
#3733 = DEFINITIONAL_REPRESENTATION('',(#3734),#3738);
#3734 = LINE('',#3735,#3736);
#3735 = CARTESIAN_POINT('',(-3.889087296526,71.110912703474));
#3736 = VECTOR('',#3737,1.);
#3737 = DIRECTION('',(0.707106781187,-0.707106781187));
#3738 = ( GEOMETRIC_REPRESENTATION_CONTEXT(2) 
PARAMETRIC_REPRESENTATION_CONTEXT() REPRESENTATION_CONTEXT('2D SPACE',''
  ) );
#3739 = ORIENTED_EDGE('',*,*,#3596,.F.);
#3740 = ADVANCED_FACE('',(#3741),#280,.F.);
#3741 = FACE_BOUND('',#3742,.F.);
#3742 = EDGE_LOOP('',(#3743,#3744,#3745,#3768));
#3743 = ORIENTED_EDGE('',*,*,#264,.F.);
#3744 = ORIENTED_EDGE('',*,*,#3671,.T.);
#3745 = ORIENTED_EDGE('',*,*,#3746,.T.);
#3746 = EDGE_CURVE('',#3648,#3747,#3749,.T.);
#3747 = VERTEX_POINT('',#3748);
#3748 = CARTESIAN_POINT('',(13.979184719829,-23.,2.5));
#3749 = SURFACE_CURVE('',#3750,(#3754,#3761),.PCURVE_S1.);
#3750 = LINE('',#3751,#3752);
#3751 = CARTESIAN_POINT('',(-23.,-23.,2.5));
#3752 = VECTOR('',#3753,1.);
#3753 = DIRECTION('',(1.,0.,0.));
#3754 = PCURVE('',#280,#3755);
#3755 = DEFINITIONAL_REPRESENTATION('',(#3756),#3760);
#3756 = LINE('',#3757,#3758);
#3757 = CARTESIAN_POINT('',(0.,-2.5));
#3758 = VECTOR('',#3759,1.);
#3759 = DIRECTION('',(1.,0.));
#3760 = ( GEOMETRIC_REPRESENTATION_CONTEXT(2) 
PARAMETRIC_REPRESENTATION_CONTEXT() REPRESENTATION_CONTEXT('2D SPACE',''
  ) );
#3761 = PCURVE('',#2953,#3762);
#3762 = DEFINITIONAL_REPRESENTATION('',(#3763),#3767);
#3763 = LINE('',#3764,#3765);
#3764 = CARTESIAN_POINT('',(14.5,14.5));
#3765 = VECTOR('',#3766,1.);
#3766 = DIRECTION('',(1.,0.));
#3767 = ( GEOMETRIC_REPRESENTATION_CONTEXT(2) 
PARAMETRIC_REPRESENTATION_CONTEXT() REPRESENTATION_CONTEXT('2D SPACE',''
  ) );
#3768 = ORIENTED_EDGE('',*,*,#3769,.T.);
#3769 = EDGE_CURVE('',#3747,#265,#3770,.T.);
#3770 = SURFACE_CURVE('',#3771,(#3775,#3782),.PCURVE_S1.);
#3771 = LINE('',#3772,#3773);
#3772 = CARTESIAN_POINT('',(13.979184719829,-23.,2.5));
#3773 = VECTOR('',#3774,1.);
#3774 = DIRECTION('',(-0.,0.,-1.));
#3775 = PCURVE('',#280,#3776);
#3776 = DEFINITIONAL_REPRESENTATION('',(#3777),#3781);
#3777 = LINE('',#3778,#3779);
#3778 = CARTESIAN_POINT('',(36.979184719829,-2.5));
#3779 = VECTOR('',#3780,1.);
#3780 = DIRECTION('',(0.,1.));
#3781 = ( GEOMETRIC_REPRESENTATION_CONTEXT(2) 
PARAMETRIC_REPRESENTATION_CONTEXT() REPRESENTATION_CONTEXT('2D SPACE',''
  ) );
#3782 = PCURVE('',#309,#3783);
#3783 = DEFINITIONAL_REPRESENTATION('',(#3784),#3788);
#3784 = LINE('',#3785,#3786);
#3785 = CARTESIAN_POINT('',(-0.785398163397,0.));
#3786 = VECTOR('',#3787,1.);
#3787 = DIRECTION('',(-0.,1.));
#3788 = ( GEOMETRIC_REPRESENTATION_CONTEXT(2) 
PARAMETRIC_REPRESENTATION_CONTEXT() REPRESENTATION_CONTEXT('2D SPACE',''
  ) );
#3789 = ADVANCED_FACE('',(#3790),#1428,.F.);
#3790 = FACE_BOUND('',#3791,.F.);
#3791 = EDGE_LOOP('',(#3792,#3793,#3816,#3838));
#3792 = ORIENTED_EDGE('',*,*,#1411,.T.);
#3793 = ORIENTED_EDGE('',*,*,#3794,.T.);
#3794 = EDGE_CURVE('',#1384,#3795,#3797,.T.);
#3795 = VERTEX_POINT('',#3796);
#3796 = CARTESIAN_POINT('',(-39.02081528017,30.,2.5));
#3797 = SURFACE_CURVE('',#3798,(#3802,#3809),.PCURVE_S1.);
#3798 = LINE('',#3799,#3800);
#3799 = CARTESIAN_POINT('',(-39.02081528017,30.,0.));
#3800 = VECTOR('',#3801,1.);
#3801 = DIRECTION('',(0.,-0.,1.));
#3802 = PCURVE('',#1428,#3803);
#3803 = DEFINITIONAL_REPRESENTATION('',(#3804),#3808);
#3804 = LINE('',#3805,#3806);
#3805 = CARTESIAN_POINT('',(0.785398163397,0.));
#3806 = VECTOR('',#3807,1.);
#3807 = DIRECTION('',(0.,1.));
#3808 = ( GEOMETRIC_REPRESENTATION_CONTEXT(2) 
PARAMETRIC_REPRESENTATION_CONTEXT() REPRESENTATION_CONTEXT('2D SPACE',''
  ) );
#3809 = PCURVE('',#1399,#3810);
#3810 = DEFINITIONAL_REPRESENTATION('',(#3811),#3815);
#3811 = LINE('',#3812,#3813);
#3812 = CARTESIAN_POINT('',(5.979184719829,0.));
#3813 = VECTOR('',#3814,1.);
#3814 = DIRECTION('',(0.,-1.));
#3815 = ( GEOMETRIC_REPRESENTATION_CONTEXT(2) 
PARAMETRIC_REPRESENTATION_CONTEXT() REPRESENTATION_CONTEXT('2D SPACE',''
  ) );
#3816 = ORIENTED_EDGE('',*,*,#3817,.F.);
#3817 = EDGE_CURVE('',#3697,#3795,#3818,.T.);
#3818 = SURFACE_CURVE('',#3819,(#3824,#3831),.PCURVE_S1.);
#3819 = CIRCLE('',#3820,3.);
#3820 = AXIS2_PLACEMENT_3D('',#3821,#3822,#3823);
#3821 = CARTESIAN_POINT('',(-39.02081528017,27.,2.5));
#3822 = DIRECTION('',(0.,-0.,1.));
#3823 = DIRECTION('',(0.,-1.,-0.));
#3824 = PCURVE('',#1428,#3825);
#3825 = DEFINITIONAL_REPRESENTATION('',(#3826),#3830);
#3826 = LINE('',#3827,#3828);
#3827 = CARTESIAN_POINT('',(-2.356194490192,2.5));
#3828 = VECTOR('',#3829,1.);
#3829 = DIRECTION('',(1.,0.));
#3830 = ( GEOMETRIC_REPRESENTATION_CONTEXT(2) 
PARAMETRIC_REPRESENTATION_CONTEXT() REPRESENTATION_CONTEXT('2D SPACE',''
  ) );
#3831 = PCURVE('',#2953,#3832);
#3832 = DEFINITIONAL_REPRESENTATION('',(#3833),#3837);
#3833 = CIRCLE('',#3834,3.);
#3834 = AXIS2_PLACEMENT_2D('',#3835,#3836);
#3835 = CARTESIAN_POINT('',(-1.520815280171,64.5));
#3836 = DIRECTION('',(0.,-1.));
#3837 = ( GEOMETRIC_REPRESENTATION_CONTEXT(2) 
PARAMETRIC_REPRESENTATION_CONTEXT() REPRESENTATION_CONTEXT('2D SPACE',''
  ) );
#3838 = ORIENTED_EDGE('',*,*,#3696,.F.);
#3839 = ADVANCED_FACE('',(#3840),#309,.F.);
#3840 = FACE_BOUND('',#3841,.T.);
#3841 = EDGE_LOOP('',(#3842,#3866,#3867,#3868));
#3842 = ORIENTED_EDGE('',*,*,#3843,.T.);
#3843 = EDGE_CURVE('',#3844,#3747,#3846,.T.);
#3844 = VERTEX_POINT('',#3845);
#3845 = CARTESIAN_POINT('',(16.100505063388,-23.87867965644,2.5));
#3846 = SURFACE_CURVE('',#3847,(#3852,#3859),.PCURVE_S1.);
#3847 = CIRCLE('',#3848,3.);
#3848 = AXIS2_PLACEMENT_3D('',#3849,#3850,#3851);
#3849 = CARTESIAN_POINT('',(13.979184719829,-26.,2.5));
#3850 = DIRECTION('',(0.,-0.,1.));
#3851 = DIRECTION('',(0.,1.,0.));
#3852 = PCURVE('',#309,#3853);
#3853 = DEFINITIONAL_REPRESENTATION('',(#3854),#3858);
#3854 = LINE('',#3855,#3856);
#3855 = CARTESIAN_POINT('',(5.497787143782,-0.));
#3856 = VECTOR('',#3857,1.);
#3857 = DIRECTION('',(-1.,0.));
#3858 = ( GEOMETRIC_REPRESENTATION_CONTEXT(2) 
PARAMETRIC_REPRESENTATION_CONTEXT() REPRESENTATION_CONTEXT('2D SPACE',''
  ) );
#3859 = PCURVE('',#2953,#3860);
#3860 = DEFINITIONAL_REPRESENTATION('',(#3861),#3865);
#3861 = CIRCLE('',#3862,3.);
#3862 = AXIS2_PLACEMENT_2D('',#3863,#3864);
#3863 = CARTESIAN_POINT('',(51.479184719829,11.5));
#3864 = DIRECTION('',(0.,1.));
#3865 = ( GEOMETRIC_REPRESENTATION_CONTEXT(2) 
PARAMETRIC_REPRESENTATION_CONTEXT() REPRESENTATION_CONTEXT('2D SPACE',''
  ) );
#3866 = ORIENTED_EDGE('',*,*,#3769,.T.);
#3867 = ORIENTED_EDGE('',*,*,#292,.F.);
#3868 = ORIENTED_EDGE('',*,*,#3869,.F.);
#3869 = EDGE_CURVE('',#3844,#293,#3870,.T.);
#3870 = SURFACE_CURVE('',#3871,(#3875,#3882),.PCURVE_S1.);
#3871 = LINE('',#3872,#3873);
#3872 = CARTESIAN_POINT('',(16.100505063388,-23.87867965644,2.5));
#3873 = VECTOR('',#3874,1.);
#3874 = DIRECTION('',(-0.,0.,-1.));
#3875 = PCURVE('',#309,#3876);
#3876 = DEFINITIONAL_REPRESENTATION('',(#3877),#3881);
#3877 = LINE('',#3878,#3879);
#3878 = CARTESIAN_POINT('',(-0.,0.));
#3879 = VECTOR('',#3880,1.);
#3880 = DIRECTION('',(-0.,1.));
#3881 = ( GEOMETRIC_REPRESENTATION_CONTEXT(2) 
PARAMETRIC_REPRESENTATION_CONTEXT() REPRESENTATION_CONTEXT('2D SPACE',''
  ) );
#3882 = PCURVE('',#337,#3883);
#3883 = DEFINITIONAL_REPRESENTATION('',(#3884),#3888);
#3884 = LINE('',#3885,#3886);
#3885 = CARTESIAN_POINT('',(28.2695526217,-2.5));
#3886 = VECTOR('',#3887,1.);
#3887 = DIRECTION('',(-0.,1.));
#3888 = ( GEOMETRIC_REPRESENTATION_CONTEXT(2) 
PARAMETRIC_REPRESENTATION_CONTEXT() REPRESENTATION_CONTEXT('2D SPACE',''
  ) );
#3889 = ADVANCED_FACE('',(#3890),#1399,.F.);
#3890 = FACE_BOUND('',#3891,.F.);
#3891 = EDGE_LOOP('',(#3892,#3893,#3916,#3937));
#3892 = ORIENTED_EDGE('',*,*,#1383,.F.);
#3893 = ORIENTED_EDGE('',*,*,#3894,.T.);
#3894 = EDGE_CURVE('',#1351,#3895,#3897,.T.);
#3895 = VERTEX_POINT('',#3896);
#3896 = CARTESIAN_POINT('',(-42.,30.,2.5));
#3897 = SURFACE_CURVE('',#3898,(#3902,#3909),.PCURVE_S1.);
#3898 = LINE('',#3899,#3900);
#3899 = CARTESIAN_POINT('',(-42.,30.,0.));
#3900 = VECTOR('',#3901,1.);
#3901 = DIRECTION('',(0.,0.,1.));
#3902 = PCURVE('',#1399,#3903);
#3903 = DEFINITIONAL_REPRESENTATION('',(#3904),#3908);
#3904 = LINE('',#3905,#3906);
#3905 = CARTESIAN_POINT('',(3.,0.));
#3906 = VECTOR('',#3907,1.);
#3907 = DIRECTION('',(0.,-1.));
#3908 = ( GEOMETRIC_REPRESENTATION_CONTEXT(2) 
PARAMETRIC_REPRESENTATION_CONTEXT() REPRESENTATION_CONTEXT('2D SPACE',''
  ) );
#3909 = PCURVE('',#1371,#3910);
#3910 = DEFINITIONAL_REPRESENTATION('',(#3911),#3915);
#3911 = LINE('',#3912,#3913);
#3912 = CARTESIAN_POINT('',(-0.,0.));
#3913 = VECTOR('',#3914,1.);
#3914 = DIRECTION('',(-0.,1.));
#3915 = ( GEOMETRIC_REPRESENTATION_CONTEXT(2) 
PARAMETRIC_REPRESENTATION_CONTEXT() REPRESENTATION_CONTEXT('2D SPACE',''
  ) );
#3916 = ORIENTED_EDGE('',*,*,#3917,.T.);
#3917 = EDGE_CURVE('',#3895,#3795,#3918,.T.);
#3918 = SURFACE_CURVE('',#3919,(#3923,#3930),.PCURVE_S1.);
#3919 = LINE('',#3920,#3921);
#3920 = CARTESIAN_POINT('',(-45.,30.,2.5));
#3921 = VECTOR('',#3922,1.);
#3922 = DIRECTION('',(1.,0.,0.));
#3923 = PCURVE('',#1399,#3924);
#3924 = DEFINITIONAL_REPRESENTATION('',(#3925),#3929);
#3925 = LINE('',#3926,#3927);
#3926 = CARTESIAN_POINT('',(0.,-2.5));
#3927 = VECTOR('',#3928,1.);
#3928 = DIRECTION('',(1.,0.));
#3929 = ( GEOMETRIC_REPRESENTATION_CONTEXT(2) 
PARAMETRIC_REPRESENTATION_CONTEXT() REPRESENTATION_CONTEXT('2D SPACE',''
  ) );
#3930 = PCURVE('',#2953,#3931);
#3931 = DEFINITIONAL_REPRESENTATION('',(#3932),#3936);
#3932 = LINE('',#3933,#3934);
#3933 = CARTESIAN_POINT('',(-7.5,67.5));
#3934 = VECTOR('',#3935,1.);
#3935 = DIRECTION('',(1.,0.));
#3936 = ( GEOMETRIC_REPRESENTATION_CONTEXT(2) 
PARAMETRIC_REPRESENTATION_CONTEXT() REPRESENTATION_CONTEXT('2D SPACE',''
  ) );
#3937 = ORIENTED_EDGE('',*,*,#3794,.F.);
#3938 = ADVANCED_FACE('',(#3939),#337,.F.);
#3939 = FACE_BOUND('',#3940,.F.);
#3940 = EDGE_LOOP('',(#3941,#3942,#3943,#3966));
#3941 = ORIENTED_EDGE('',*,*,#321,.F.);
#3942 = ORIENTED_EDGE('',*,*,#3869,.F.);
#3943 = ORIENTED_EDGE('',*,*,#3944,.T.);
#3944 = EDGE_CURVE('',#3844,#3945,#3947,.T.);
#3945 = VERTEX_POINT('',#3946);
#3946 = CARTESIAN_POINT('',(29.12132034356,-36.89949493661,2.5));
#3947 = SURFACE_CURVE('',#3948,(#3952,#3959),.PCURVE_S1.);
#3948 = LINE('',#3949,#3950);
#3949 = CARTESIAN_POINT('',(-3.889087296526,-3.889087296526,2.5));
#3950 = VECTOR('',#3951,1.);
#3951 = DIRECTION('',(0.707106781187,-0.707106781187,0.));
#3952 = PCURVE('',#337,#3953);
#3953 = DEFINITIONAL_REPRESENTATION('',(#3954),#3958);
#3954 = LINE('',#3955,#3956);
#3955 = CARTESIAN_POINT('',(0.,-2.5));
#3956 = VECTOR('',#3957,1.);
#3957 = DIRECTION('',(1.,0.));
#3958 = ( GEOMETRIC_REPRESENTATION_CONTEXT(2) 
PARAMETRIC_REPRESENTATION_CONTEXT() REPRESENTATION_CONTEXT('2D SPACE',''
  ) );
#3959 = PCURVE('',#2953,#3960);
#3960 = DEFINITIONAL_REPRESENTATION('',(#3961),#3965);
#3961 = LINE('',#3962,#3963);
#3962 = CARTESIAN_POINT('',(33.610912703474,33.610912703474));
#3963 = VECTOR('',#3964,1.);
#3964 = DIRECTION('',(0.707106781187,-0.707106781187));
#3965 = ( GEOMETRIC_REPRESENTATION_CONTEXT(2) 
PARAMETRIC_REPRESENTATION_CONTEXT() REPRESENTATION_CONTEXT('2D SPACE',''
  ) );
#3966 = ORIENTED_EDGE('',*,*,#3967,.T.);
#3967 = EDGE_CURVE('',#3945,#322,#3968,.T.);
#3968 = SURFACE_CURVE('',#3969,(#3973,#3980),.PCURVE_S1.);
#3969 = LINE('',#3970,#3971);
#3970 = CARTESIAN_POINT('',(29.12132034356,-36.89949493661,2.5));
#3971 = VECTOR('',#3972,1.);
#3972 = DIRECTION('',(0.,0.,-1.));
#3973 = PCURVE('',#337,#3974);
#3974 = DEFINITIONAL_REPRESENTATION('',(#3975),#3979);
#3975 = LINE('',#3976,#3977);
#3976 = CARTESIAN_POINT('',(46.683766184074,-2.5));
#3977 = VECTOR('',#3978,1.);
#3978 = DIRECTION('',(0.,1.));
#3979 = ( GEOMETRIC_REPRESENTATION_CONTEXT(2) 
PARAMETRIC_REPRESENTATION_CONTEXT() REPRESENTATION_CONTEXT('2D SPACE',''
  ) );
#3980 = PCURVE('',#366,#3981);
#3981 = DEFINITIONAL_REPRESENTATION('',(#3982),#3986);
#3982 = LINE('',#3983,#3984);
#3983 = CARTESIAN_POINT('',(-0.785398163397,0.));
#3984 = VECTOR('',#3985,1.);
#3985 = DIRECTION('',(-0.,1.));
#3986 = ( GEOMETRIC_REPRESENTATION_CONTEXT(2) 
PARAMETRIC_REPRESENTATION_CONTEXT() REPRESENTATION_CONTEXT('2D SPACE',''
  ) );
#3987 = ADVANCED_FACE('',(#3988),#1371,.T.);
#3988 = FACE_BOUND('',#3989,.F.);
#3989 = EDGE_LOOP('',(#3990,#3991,#4014,#4040));
#3990 = ORIENTED_EDGE('',*,*,#1350,.T.);
#3991 = ORIENTED_EDGE('',*,*,#3992,.T.);
#3992 = EDGE_CURVE('',#1323,#3993,#3995,.T.);
#3993 = VERTEX_POINT('',#3994);
#3994 = CARTESIAN_POINT('',(-45.,33.,2.5));
#3995 = SURFACE_CURVE('',#3996,(#4000,#4007),.PCURVE_S1.);
#3996 = LINE('',#3997,#3998);
#3997 = CARTESIAN_POINT('',(-45.,33.,0.));
#3998 = VECTOR('',#3999,1.);
#3999 = DIRECTION('',(0.,0.,1.));
#4000 = PCURVE('',#1371,#4001);
#4001 = DEFINITIONAL_REPRESENTATION('',(#4002),#4006);
#4002 = LINE('',#4003,#4004);
#4003 = CARTESIAN_POINT('',(-1.570796326795,0.));
#4004 = VECTOR('',#4005,1.);
#4005 = DIRECTION('',(-0.,1.));
#4006 = ( GEOMETRIC_REPRESENTATION_CONTEXT(2) 
PARAMETRIC_REPRESENTATION_CONTEXT() REPRESENTATION_CONTEXT('2D SPACE',''
  ) );
#4007 = PCURVE('',#1338,#4008);
#4008 = DEFINITIONAL_REPRESENTATION('',(#4009),#4013);
#4009 = LINE('',#4010,#4011);
#4010 = CARTESIAN_POINT('',(12.,0.));
#4011 = VECTOR('',#4012,1.);
#4012 = DIRECTION('',(0.,-1.));
#4013 = ( GEOMETRIC_REPRESENTATION_CONTEXT(2) 
PARAMETRIC_REPRESENTATION_CONTEXT() REPRESENTATION_CONTEXT('2D SPACE',''
  ) );
#4014 = ORIENTED_EDGE('',*,*,#4015,.F.);
#4015 = EDGE_CURVE('',#3895,#3993,#4016,.T.);
#4016 = SURFACE_CURVE('',#4017,(#4022,#4029),.PCURVE_S1.);
#4017 = CIRCLE('',#4018,3.);
#4018 = AXIS2_PLACEMENT_3D('',#4019,#4020,#4021);
#4019 = CARTESIAN_POINT('',(-42.,33.,2.5));
#4020 = DIRECTION('',(-0.,-0.,-1.));
#4021 = DIRECTION('',(0.,-1.,0.));
#4022 = PCURVE('',#1371,#4023);
#4023 = DEFINITIONAL_REPRESENTATION('',(#4024),#4028);
#4024 = LINE('',#4025,#4026);
#4025 = CARTESIAN_POINT('',(-0.,2.5));
#4026 = VECTOR('',#4027,1.);
#4027 = DIRECTION('',(-1.,0.));
#4028 = ( GEOMETRIC_REPRESENTATION_CONTEXT(2) 
PARAMETRIC_REPRESENTATION_CONTEXT() REPRESENTATION_CONTEXT('2D SPACE',''
  ) );
#4029 = PCURVE('',#2953,#4030);
#4030 = DEFINITIONAL_REPRESENTATION('',(#4031),#4039);
#4031 = ( BOUNDED_CURVE() B_SPLINE_CURVE(2,(#4032,#4033,#4034,#4035,
#4036,#4037,#4038),.UNSPECIFIED.,.T.,.F.) B_SPLINE_CURVE_WITH_KNOTS((1,2
    ,2,2,2,1),(-2.094395102393,0.,2.094395102393,4.188790204786,
6.28318530718,8.377580409573),.UNSPECIFIED.) CURVE() 
GEOMETRIC_REPRESENTATION_ITEM() RATIONAL_B_SPLINE_CURVE((1.,0.5,1.,0.5,
1.,0.5,1.)) REPRESENTATION_ITEM('') );
#4032 = CARTESIAN_POINT('',(-4.5,67.5));
#4033 = CARTESIAN_POINT('',(-9.696152422707,67.5));
#4034 = CARTESIAN_POINT('',(-7.098076211353,72.));
#4035 = CARTESIAN_POINT('',(-4.5,76.5));
#4036 = CARTESIAN_POINT('',(-1.901923788647,72.));
#4037 = CARTESIAN_POINT('',(0.696152422707,67.5));
#4038 = CARTESIAN_POINT('',(-4.5,67.5));
#4039 = ( GEOMETRIC_REPRESENTATION_CONTEXT(2) 
PARAMETRIC_REPRESENTATION_CONTEXT() REPRESENTATION_CONTEXT('2D SPACE',''
  ) );
#4040 = ORIENTED_EDGE('',*,*,#3894,.F.);
#4041 = ADVANCED_FACE('',(#4042),#366,.F.);
#4042 = FACE_BOUND('',#4043,.T.);
#4043 = EDGE_LOOP('',(#4044,#4068,#4069,#4070));
#4044 = ORIENTED_EDGE('',*,*,#4045,.T.);
#4045 = EDGE_CURVE('',#4046,#3945,#4048,.T.);
#4046 = VERTEX_POINT('',#4047);
#4047 = CARTESIAN_POINT('',(30.,-39.02081528017,2.5));
#4048 = SURFACE_CURVE('',#4049,(#4054,#4061),.PCURVE_S1.);
#4049 = CIRCLE('',#4050,3.);
#4050 = AXIS2_PLACEMENT_3D('',#4051,#4052,#4053);
#4051 = CARTESIAN_POINT('',(27.,-39.02081528017,2.5));
#4052 = DIRECTION('',(0.,-0.,1.));
#4053 = DIRECTION('',(0.,1.,0.));
#4054 = PCURVE('',#366,#4055);
#4055 = DEFINITIONAL_REPRESENTATION('',(#4056),#4060);
#4056 = LINE('',#4057,#4058);
#4057 = CARTESIAN_POINT('',(4.712388980385,-0.));
#4058 = VECTOR('',#4059,1.);
#4059 = DIRECTION('',(-1.,0.));
#4060 = ( GEOMETRIC_REPRESENTATION_CONTEXT(2) 
PARAMETRIC_REPRESENTATION_CONTEXT() REPRESENTATION_CONTEXT('2D SPACE',''
  ) );
#4061 = PCURVE('',#2953,#4062);
#4062 = DEFINITIONAL_REPRESENTATION('',(#4063),#4067);
#4063 = CIRCLE('',#4064,3.);
#4064 = AXIS2_PLACEMENT_2D('',#4065,#4066);
#4065 = CARTESIAN_POINT('',(64.5,-1.520815280171));
#4066 = DIRECTION('',(0.,1.));
#4067 = ( GEOMETRIC_REPRESENTATION_CONTEXT(2) 
PARAMETRIC_REPRESENTATION_CONTEXT() REPRESENTATION_CONTEXT('2D SPACE',''
  ) );
#4068 = ORIENTED_EDGE('',*,*,#3967,.T.);
#4069 = ORIENTED_EDGE('',*,*,#349,.F.);
#4070 = ORIENTED_EDGE('',*,*,#4071,.F.);
#4071 = EDGE_CURVE('',#4046,#350,#4072,.T.);
#4072 = SURFACE_CURVE('',#4073,(#4077,#4084),.PCURVE_S1.);
#4073 = LINE('',#4074,#4075);
#4074 = CARTESIAN_POINT('',(30.,-39.02081528017,2.5));
#4075 = VECTOR('',#4076,1.);
#4076 = DIRECTION('',(0.,0.,-1.));
#4077 = PCURVE('',#366,#4078);
#4078 = DEFINITIONAL_REPRESENTATION('',(#4079),#4083);
#4079 = LINE('',#4080,#4081);
#4080 = CARTESIAN_POINT('',(-0.,0.));
#4081 = VECTOR('',#4082,1.);
#4082 = DIRECTION('',(-0.,1.));
#4083 = ( GEOMETRIC_REPRESENTATION_CONTEXT(2) 
PARAMETRIC_REPRESENTATION_CONTEXT() REPRESENTATION_CONTEXT('2D SPACE',''
  ) );
#4084 = PCURVE('',#394,#4085);
#4085 = DEFINITIONAL_REPRESENTATION('',(#4086),#4090);
#4086 = LINE('',#4087,#4088);
#4087 = CARTESIAN_POINT('',(9.020815280171,-2.5));
#4088 = VECTOR('',#4089,1.);
#4089 = DIRECTION('',(0.,1.));
#4090 = ( GEOMETRIC_REPRESENTATION_CONTEXT(2) 
PARAMETRIC_REPRESENTATION_CONTEXT() REPRESENTATION_CONTEXT('2D SPACE',''
  ) );
#4091 = ADVANCED_FACE('',(#4092),#1338,.F.);
#4092 = FACE_BOUND('',#4093,.F.);
#4093 = EDGE_LOOP('',(#4094,#4095,#4118,#4139));
#4094 = ORIENTED_EDGE('',*,*,#1322,.F.);
#4095 = ORIENTED_EDGE('',*,*,#4096,.T.);
#4096 = EDGE_CURVE('',#1290,#4097,#4099,.T.);
#4097 = VERTEX_POINT('',#4098);
#4098 = CARTESIAN_POINT('',(-45.,42.,2.5));
#4099 = SURFACE_CURVE('',#4100,(#4104,#4111),.PCURVE_S1.);
#4100 = LINE('',#4101,#4102);
#4101 = CARTESIAN_POINT('',(-45.,42.,0.));
#4102 = VECTOR('',#4103,1.);
#4103 = DIRECTION('',(0.,0.,1.));
#4104 = PCURVE('',#1338,#4105);
#4105 = DEFINITIONAL_REPRESENTATION('',(#4106),#4110);
#4106 = LINE('',#4107,#4108);
#4107 = CARTESIAN_POINT('',(3.,0.));
#4108 = VECTOR('',#4109,1.);
#4109 = DIRECTION('',(0.,-1.));
#4110 = ( GEOMETRIC_REPRESENTATION_CONTEXT(2) 
PARAMETRIC_REPRESENTATION_CONTEXT() REPRESENTATION_CONTEXT('2D SPACE',''
  ) );
#4111 = PCURVE('',#1310,#4112);
#4112 = DEFINITIONAL_REPRESENTATION('',(#4113),#4117);
#4113 = LINE('',#4114,#4115);
#4114 = CARTESIAN_POINT('',(-0.,0.));
#4115 = VECTOR('',#4116,1.);
#4116 = DIRECTION('',(-0.,1.));
#4117 = ( GEOMETRIC_REPRESENTATION_CONTEXT(2) 
PARAMETRIC_REPRESENTATION_CONTEXT() REPRESENTATION_CONTEXT('2D SPACE',''
  ) );
#4118 = ORIENTED_EDGE('',*,*,#4119,.T.);
#4119 = EDGE_CURVE('',#4097,#3993,#4120,.T.);
#4120 = SURFACE_CURVE('',#4121,(#4125,#4132),.PCURVE_S1.);
#4121 = LINE('',#4122,#4123);
#4122 = CARTESIAN_POINT('',(-45.,45.,2.5));
#4123 = VECTOR('',#4124,1.);
#4124 = DIRECTION('',(0.,-1.,0.));
#4125 = PCURVE('',#1338,#4126);
#4126 = DEFINITIONAL_REPRESENTATION('',(#4127),#4131);
#4127 = LINE('',#4128,#4129);
#4128 = CARTESIAN_POINT('',(0.,-2.5));
#4129 = VECTOR('',#4130,1.);
#4130 = DIRECTION('',(1.,0.));
#4131 = ( GEOMETRIC_REPRESENTATION_CONTEXT(2) 
PARAMETRIC_REPRESENTATION_CONTEXT() REPRESENTATION_CONTEXT('2D SPACE',''
  ) );
#4132 = PCURVE('',#2953,#4133);
#4133 = DEFINITIONAL_REPRESENTATION('',(#4134),#4138);
#4134 = LINE('',#4135,#4136);
#4135 = CARTESIAN_POINT('',(-7.5,82.5));
#4136 = VECTOR('',#4137,1.);
#4137 = DIRECTION('',(0.,-1.));
#4138 = ( GEOMETRIC_REPRESENTATION_CONTEXT(2) 
PARAMETRIC_REPRESENTATION_CONTEXT() REPRESENTATION_CONTEXT('2D SPACE',''
  ) );
#4139 = ORIENTED_EDGE('',*,*,#3992,.F.);
#4140 = ADVANCED_FACE('',(#4141),#394,.F.);
#4141 = FACE_BOUND('',#4142,.F.);
#4142 = EDGE_LOOP('',(#4143,#4144,#4145,#4168));
#4143 = ORIENTED_EDGE('',*,*,#378,.F.);
#4144 = ORIENTED_EDGE('',*,*,#4071,.F.);
#4145 = ORIENTED_EDGE('',*,*,#4146,.T.);
#4146 = EDGE_CURVE('',#4046,#4147,#4149,.T.);
#4147 = VERTEX_POINT('',#4148);
#4148 = CARTESIAN_POINT('',(30.,-42.,2.5));
#4149 = SURFACE_CURVE('',#4150,(#4154,#4161),.PCURVE_S1.);
#4150 = LINE('',#4151,#4152);
#4151 = CARTESIAN_POINT('',(30.,-30.,2.5));
#4152 = VECTOR('',#4153,1.);
#4153 = DIRECTION('',(0.,-1.,0.));
#4154 = PCURVE('',#394,#4155);
#4155 = DEFINITIONAL_REPRESENTATION('',(#4156),#4160);
#4156 = LINE('',#4157,#4158);
#4157 = CARTESIAN_POINT('',(0.,-2.5));
#4158 = VECTOR('',#4159,1.);
#4159 = DIRECTION('',(1.,0.));
#4160 = ( GEOMETRIC_REPRESENTATION_CONTEXT(2) 
PARAMETRIC_REPRESENTATION_CONTEXT() REPRESENTATION_CONTEXT('2D SPACE',''
  ) );
#4161 = PCURVE('',#2953,#4162);
#4162 = DEFINITIONAL_REPRESENTATION('',(#4163),#4167);
#4163 = LINE('',#4164,#4165);
#4164 = CARTESIAN_POINT('',(67.5,7.5));
#4165 = VECTOR('',#4166,1.);
#4166 = DIRECTION('',(0.,-1.));
#4167 = ( GEOMETRIC_REPRESENTATION_CONTEXT(2) 
PARAMETRIC_REPRESENTATION_CONTEXT() REPRESENTATION_CONTEXT('2D SPACE',''
  ) );
#4168 = ORIENTED_EDGE('',*,*,#4169,.F.);
#4169 = EDGE_CURVE('',#379,#4147,#4170,.T.);
#4170 = SURFACE_CURVE('',#4171,(#4175,#4182),.PCURVE_S1.);
#4171 = LINE('',#4172,#4173);
#4172 = CARTESIAN_POINT('',(30.,-42.,0.));
#4173 = VECTOR('',#4174,1.);
#4174 = DIRECTION('',(0.,0.,1.));
#4175 = PCURVE('',#394,#4176);
#4176 = DEFINITIONAL_REPRESENTATION('',(#4177),#4181);
#4177 = LINE('',#4178,#4179);
#4178 = CARTESIAN_POINT('',(12.,0.));
#4179 = VECTOR('',#4180,1.);
#4180 = DIRECTION('',(0.,-1.));
#4181 = ( GEOMETRIC_REPRESENTATION_CONTEXT(2) 
PARAMETRIC_REPRESENTATION_CONTEXT() REPRESENTATION_CONTEXT('2D SPACE',''
  ) );
#4182 = PCURVE('',#427,#4183);
#4183 = DEFINITIONAL_REPRESENTATION('',(#4184),#4188);
#4184 = LINE('',#4185,#4186);
#4185 = CARTESIAN_POINT('',(-1.570796326795,0.));
#4186 = VECTOR('',#4187,1.);
#4187 = DIRECTION('',(-0.,1.));
#4188 = ( GEOMETRIC_REPRESENTATION_CONTEXT(2) 
PARAMETRIC_REPRESENTATION_CONTEXT() REPRESENTATION_CONTEXT('2D SPACE',''
  ) );
#4189 = ADVANCED_FACE('',(#4190),#1310,.T.);
#4190 = FACE_BOUND('',#4191,.F.);
#4191 = EDGE_LOOP('',(#4192,#4193,#4216,#4242));
#4192 = ORIENTED_EDGE('',*,*,#1289,.T.);
#4193 = ORIENTED_EDGE('',*,*,#4194,.T.);
#4194 = EDGE_CURVE('',#1262,#4195,#4197,.T.);
#4195 = VERTEX_POINT('',#4196);
#4196 = CARTESIAN_POINT('',(-42.,45.,2.5));
#4197 = SURFACE_CURVE('',#4198,(#4202,#4209),.PCURVE_S1.);
#4198 = LINE('',#4199,#4200);
#4199 = CARTESIAN_POINT('',(-42.,45.,0.));
#4200 = VECTOR('',#4201,1.);
#4201 = DIRECTION('',(0.,0.,1.));
#4202 = PCURVE('',#1310,#4203);
#4203 = DEFINITIONAL_REPRESENTATION('',(#4204),#4208);
#4204 = LINE('',#4205,#4206);
#4205 = CARTESIAN_POINT('',(-1.570796326795,0.));
#4206 = VECTOR('',#4207,1.);
#4207 = DIRECTION('',(-0.,1.));
#4208 = ( GEOMETRIC_REPRESENTATION_CONTEXT(2) 
PARAMETRIC_REPRESENTATION_CONTEXT() REPRESENTATION_CONTEXT('2D SPACE',''
  ) );
#4209 = PCURVE('',#1277,#4210);
#4210 = DEFINITIONAL_REPRESENTATION('',(#4211),#4215);
#4211 = LINE('',#4212,#4213);
#4212 = CARTESIAN_POINT('',(12.,0.));
#4213 = VECTOR('',#4214,1.);
#4214 = DIRECTION('',(0.,-1.));
#4215 = ( GEOMETRIC_REPRESENTATION_CONTEXT(2) 
PARAMETRIC_REPRESENTATION_CONTEXT() REPRESENTATION_CONTEXT('2D SPACE',''
  ) );
#4216 = ORIENTED_EDGE('',*,*,#4217,.F.);
#4217 = EDGE_CURVE('',#4097,#4195,#4218,.T.);
#4218 = SURFACE_CURVE('',#4219,(#4224,#4231),.PCURVE_S1.);
#4219 = CIRCLE('',#4220,3.);
#4220 = AXIS2_PLACEMENT_3D('',#4221,#4222,#4223);
#4221 = CARTESIAN_POINT('',(-42.,42.,2.5));
#4222 = DIRECTION('',(-0.,-0.,-1.));
#4223 = DIRECTION('',(0.,-1.,0.));
#4224 = PCURVE('',#1310,#4225);
#4225 = DEFINITIONAL_REPRESENTATION('',(#4226),#4230);
#4226 = LINE('',#4227,#4228);
#4227 = CARTESIAN_POINT('',(1.570796326795,2.5));
#4228 = VECTOR('',#4229,1.);
#4229 = DIRECTION('',(-1.,0.));
#4230 = ( GEOMETRIC_REPRESENTATION_CONTEXT(2) 
PARAMETRIC_REPRESENTATION_CONTEXT() REPRESENTATION_CONTEXT('2D SPACE',''
  ) );
#4231 = PCURVE('',#2953,#4232);
#4232 = DEFINITIONAL_REPRESENTATION('',(#4233),#4241);
#4233 = ( BOUNDED_CURVE() B_SPLINE_CURVE(2,(#4234,#4235,#4236,#4237,
#4238,#4239,#4240),.UNSPECIFIED.,.T.,.F.) B_SPLINE_CURVE_WITH_KNOTS((1,2
    ,2,2,2,1),(-2.094395102393,0.,2.094395102393,4.188790204786,
6.28318530718,8.377580409573),.UNSPECIFIED.) CURVE() 
GEOMETRIC_REPRESENTATION_ITEM() RATIONAL_B_SPLINE_CURVE((1.,0.5,1.,0.5,
1.,0.5,1.)) REPRESENTATION_ITEM('') );
#4234 = CARTESIAN_POINT('',(-4.5,76.5));
#4235 = CARTESIAN_POINT('',(-9.696152422707,76.5));
#4236 = CARTESIAN_POINT('',(-7.098076211353,81.));
#4237 = CARTESIAN_POINT('',(-4.5,85.5));
#4238 = CARTESIAN_POINT('',(-1.901923788647,81.));
#4239 = CARTESIAN_POINT('',(0.696152422707,76.5));
#4240 = CARTESIAN_POINT('',(-4.5,76.5));
#4241 = ( GEOMETRIC_REPRESENTATION_CONTEXT(2) 
PARAMETRIC_REPRESENTATION_CONTEXT() REPRESENTATION_CONTEXT('2D SPACE',''
  ) );
#4242 = ORIENTED_EDGE('',*,*,#4096,.F.);
#4243 = ADVANCED_FACE('',(#4244),#427,.T.);
#4244 = FACE_BOUND('',#4245,.F.);
#4245 = EDGE_LOOP('',(#4246,#4247,#4248,#4276));
#4246 = ORIENTED_EDGE('',*,*,#406,.T.);
#4247 = ORIENTED_EDGE('',*,*,#4169,.T.);
#4248 = ORIENTED_EDGE('',*,*,#4249,.F.);
#4249 = EDGE_CURVE('',#4250,#4147,#4252,.T.);
#4250 = VERTEX_POINT('',#4251);
#4251 = CARTESIAN_POINT('',(33.,-45.,2.5));
#4252 = SURFACE_CURVE('',#4253,(#4258,#4265),.PCURVE_S1.);
#4253 = CIRCLE('',#4254,3.);
#4254 = AXIS2_PLACEMENT_3D('',#4255,#4256,#4257);
#4255 = CARTESIAN_POINT('',(33.,-42.,2.5));
#4256 = DIRECTION('',(-0.,-0.,-1.));
#4257 = DIRECTION('',(0.,-1.,0.));
#4258 = PCURVE('',#427,#4259);
#4259 = DEFINITIONAL_REPRESENTATION('',(#4260),#4264);
#4260 = LINE('',#4261,#4262);
#4261 = CARTESIAN_POINT('',(-0.,2.5));
#4262 = VECTOR('',#4263,1.);
#4263 = DIRECTION('',(-1.,0.));
#4264 = ( GEOMETRIC_REPRESENTATION_CONTEXT(2) 
PARAMETRIC_REPRESENTATION_CONTEXT() REPRESENTATION_CONTEXT('2D SPACE',''
  ) );
#4265 = PCURVE('',#2953,#4266);
#4266 = DEFINITIONAL_REPRESENTATION('',(#4267),#4275);
#4267 = ( BOUNDED_CURVE() B_SPLINE_CURVE(2,(#4268,#4269,#4270,#4271,
#4272,#4273,#4274),.UNSPECIFIED.,.T.,.F.) B_SPLINE_CURVE_WITH_KNOTS((1,2
    ,2,2,2,1),(-2.094395102393,0.,2.094395102393,4.188790204786,
6.28318530718,8.377580409573),.UNSPECIFIED.) CURVE() 
GEOMETRIC_REPRESENTATION_ITEM() RATIONAL_B_SPLINE_CURVE((1.,0.5,1.,0.5,
1.,0.5,1.)) REPRESENTATION_ITEM('') );
#4268 = CARTESIAN_POINT('',(70.5,-7.5));
#4269 = CARTESIAN_POINT('',(65.303847577293,-7.5));
#4270 = CARTESIAN_POINT('',(67.901923788647,-3.));
#4271 = CARTESIAN_POINT('',(70.5,1.5));
#4272 = CARTESIAN_POINT('',(73.098076211353,-3.));
#4273 = CARTESIAN_POINT('',(75.696152422707,-7.5));
#4274 = CARTESIAN_POINT('',(70.5,-7.5));
#4275 = ( GEOMETRIC_REPRESENTATION_CONTEXT(2) 
PARAMETRIC_REPRESENTATION_CONTEXT() REPRESENTATION_CONTEXT('2D SPACE',''
  ) );
#4276 = ORIENTED_EDGE('',*,*,#4277,.F.);
#4277 = EDGE_CURVE('',#407,#4250,#4278,.T.);
#4278 = SURFACE_CURVE('',#4279,(#4283,#4290),.PCURVE_S1.);
#4279 = LINE('',#4280,#4281);
#4280 = CARTESIAN_POINT('',(33.,-45.,0.));
#4281 = VECTOR('',#4282,1.);
#4282 = DIRECTION('',(0.,0.,1.));
#4283 = PCURVE('',#427,#4284);
#4284 = DEFINITIONAL_REPRESENTATION('',(#4285),#4289);
#4285 = LINE('',#4286,#4287);
#4286 = CARTESIAN_POINT('',(-0.,0.));
#4287 = VECTOR('',#4288,1.);
#4288 = DIRECTION('',(-0.,1.));
#4289 = ( GEOMETRIC_REPRESENTATION_CONTEXT(2) 
PARAMETRIC_REPRESENTATION_CONTEXT() REPRESENTATION_CONTEXT('2D SPACE',''
  ) );
#4290 = PCURVE('',#455,#4291);
#4291 = DEFINITIONAL_REPRESENTATION('',(#4292),#4296);
#4292 = LINE('',#4293,#4294);
#4293 = CARTESIAN_POINT('',(3.,0.));
#4294 = VECTOR('',#4295,1.);
#4295 = DIRECTION('',(0.,-1.));
#4296 = ( GEOMETRIC_REPRESENTATION_CONTEXT(2) 
PARAMETRIC_REPRESENTATION_CONTEXT() REPRESENTATION_CONTEXT('2D SPACE',''
  ) );
#4297 = ADVANCED_FACE('',(#4298),#1277,.F.);
#4298 = FACE_BOUND('',#4299,.F.);
#4299 = EDGE_LOOP('',(#4300,#4301,#4324,#4345));
#4300 = ORIENTED_EDGE('',*,*,#1261,.F.);
#4301 = ORIENTED_EDGE('',*,*,#4302,.T.);
#4302 = EDGE_CURVE('',#1229,#4303,#4305,.T.);
#4303 = VERTEX_POINT('',#4304);
#4304 = CARTESIAN_POINT('',(-33.,45.,2.5));
#4305 = SURFACE_CURVE('',#4306,(#4310,#4317),.PCURVE_S1.);
#4306 = LINE('',#4307,#4308);
#4307 = CARTESIAN_POINT('',(-33.,45.,0.));
#4308 = VECTOR('',#4309,1.);
#4309 = DIRECTION('',(0.,0.,1.));
#4310 = PCURVE('',#1277,#4311);
#4311 = DEFINITIONAL_REPRESENTATION('',(#4312),#4316);
#4312 = LINE('',#4313,#4314);
#4313 = CARTESIAN_POINT('',(3.,0.));
#4314 = VECTOR('',#4315,1.);
#4315 = DIRECTION('',(0.,-1.));
#4316 = ( GEOMETRIC_REPRESENTATION_CONTEXT(2) 
PARAMETRIC_REPRESENTATION_CONTEXT() REPRESENTATION_CONTEXT('2D SPACE',''
  ) );
#4317 = PCURVE('',#1249,#4318);
#4318 = DEFINITIONAL_REPRESENTATION('',(#4319),#4323);
#4319 = LINE('',#4320,#4321);
#4320 = CARTESIAN_POINT('',(-0.,0.));
#4321 = VECTOR('',#4322,1.);
#4322 = DIRECTION('',(-0.,1.));
#4323 = ( GEOMETRIC_REPRESENTATION_CONTEXT(2) 
PARAMETRIC_REPRESENTATION_CONTEXT() REPRESENTATION_CONTEXT('2D SPACE',''
  ) );
#4324 = ORIENTED_EDGE('',*,*,#4325,.T.);
#4325 = EDGE_CURVE('',#4303,#4195,#4326,.T.);
#4326 = SURFACE_CURVE('',#4327,(#4331,#4338),.PCURVE_S1.);
#4327 = LINE('',#4328,#4329);
#4328 = CARTESIAN_POINT('',(-30.,45.,2.5));
#4329 = VECTOR('',#4330,1.);
#4330 = DIRECTION('',(-1.,0.,0.));
#4331 = PCURVE('',#1277,#4332);
#4332 = DEFINITIONAL_REPRESENTATION('',(#4333),#4337);
#4333 = LINE('',#4334,#4335);
#4334 = CARTESIAN_POINT('',(0.,-2.5));
#4335 = VECTOR('',#4336,1.);
#4336 = DIRECTION('',(1.,0.));
#4337 = ( GEOMETRIC_REPRESENTATION_CONTEXT(2) 
PARAMETRIC_REPRESENTATION_CONTEXT() REPRESENTATION_CONTEXT('2D SPACE',''
  ) );
#4338 = PCURVE('',#2953,#4339);
#4339 = DEFINITIONAL_REPRESENTATION('',(#4340),#4344);
#4340 = LINE('',#4341,#4342);
#4341 = CARTESIAN_POINT('',(7.5,82.5));
#4342 = VECTOR('',#4343,1.);
#4343 = DIRECTION('',(-1.,0.));
#4344 = ( GEOMETRIC_REPRESENTATION_CONTEXT(2) 
PARAMETRIC_REPRESENTATION_CONTEXT() REPRESENTATION_CONTEXT('2D SPACE',''
  ) );
#4345 = ORIENTED_EDGE('',*,*,#4194,.F.);
#4346 = ADVANCED_FACE('',(#4347),#455,.F.);
#4347 = FACE_BOUND('',#4348,.F.);
#4348 = EDGE_LOOP('',(#4349,#4350,#4351,#4374));
#4349 = ORIENTED_EDGE('',*,*,#439,.F.);
#4350 = ORIENTED_EDGE('',*,*,#4277,.T.);
#4351 = ORIENTED_EDGE('',*,*,#4352,.T.);
#4352 = EDGE_CURVE('',#4250,#4353,#4355,.T.);
#4353 = VERTEX_POINT('',#4354);
#4354 = CARTESIAN_POINT('',(42.,-45.,2.5));
#4355 = SURFACE_CURVE('',#4356,(#4360,#4367),.PCURVE_S1.);
#4356 = LINE('',#4357,#4358);
#4357 = CARTESIAN_POINT('',(30.,-45.,2.5));
#4358 = VECTOR('',#4359,1.);
#4359 = DIRECTION('',(1.,0.,0.));
#4360 = PCURVE('',#455,#4361);
#4361 = DEFINITIONAL_REPRESENTATION('',(#4362),#4366);
#4362 = LINE('',#4363,#4364);
#4363 = CARTESIAN_POINT('',(0.,-2.5));
#4364 = VECTOR('',#4365,1.);
#4365 = DIRECTION('',(1.,0.));
#4366 = ( GEOMETRIC_REPRESENTATION_CONTEXT(2) 
PARAMETRIC_REPRESENTATION_CONTEXT() REPRESENTATION_CONTEXT('2D SPACE',''
  ) );
#4367 = PCURVE('',#2953,#4368);
#4368 = DEFINITIONAL_REPRESENTATION('',(#4369),#4373);
#4369 = LINE('',#4370,#4371);
#4370 = CARTESIAN_POINT('',(67.5,-7.5));
#4371 = VECTOR('',#4372,1.);
#4372 = DIRECTION('',(1.,0.));
#4373 = ( GEOMETRIC_REPRESENTATION_CONTEXT(2) 
PARAMETRIC_REPRESENTATION_CONTEXT() REPRESENTATION_CONTEXT('2D SPACE',''
  ) );
#4374 = ORIENTED_EDGE('',*,*,#4375,.F.);
#4375 = EDGE_CURVE('',#440,#4353,#4376,.T.);
#4376 = SURFACE_CURVE('',#4377,(#4381,#4388),.PCURVE_S1.);
#4377 = LINE('',#4378,#4379);
#4378 = CARTESIAN_POINT('',(42.,-45.,0.));
#4379 = VECTOR('',#4380,1.);
#4380 = DIRECTION('',(0.,0.,1.));
#4381 = PCURVE('',#455,#4382);
#4382 = DEFINITIONAL_REPRESENTATION('',(#4383),#4387);
#4383 = LINE('',#4384,#4385);
#4384 = CARTESIAN_POINT('',(12.,0.));
#4385 = VECTOR('',#4386,1.);
#4386 = DIRECTION('',(0.,-1.));
#4387 = ( GEOMETRIC_REPRESENTATION_CONTEXT(2) 
PARAMETRIC_REPRESENTATION_CONTEXT() REPRESENTATION_CONTEXT('2D SPACE',''
  ) );
#4388 = PCURVE('',#488,#4389);
#4389 = DEFINITIONAL_REPRESENTATION('',(#4390),#4394);
#4390 = LINE('',#4391,#4392);
#4391 = CARTESIAN_POINT('',(-1.570796326795,0.));
#4392 = VECTOR('',#4393,1.);
#4393 = DIRECTION('',(-0.,1.));
#4394 = ( GEOMETRIC_REPRESENTATION_CONTEXT(2) 
PARAMETRIC_REPRESENTATION_CONTEXT() REPRESENTATION_CONTEXT('2D SPACE',''
  ) );
#4395 = ADVANCED_FACE('',(#4396),#1249,.T.);
#4396 = FACE_BOUND('',#4397,.F.);
#4397 = EDGE_LOOP('',(#4398,#4399,#4422,#4448));
#4398 = ORIENTED_EDGE('',*,*,#1228,.T.);
#4399 = ORIENTED_EDGE('',*,*,#4400,.T.);
#4400 = EDGE_CURVE('',#1201,#4401,#4403,.T.);
#4401 = VERTEX_POINT('',#4402);
#4402 = CARTESIAN_POINT('',(-30.,42.,2.5));
#4403 = SURFACE_CURVE('',#4404,(#4408,#4415),.PCURVE_S1.);
#4404 = LINE('',#4405,#4406);
#4405 = CARTESIAN_POINT('',(-30.,42.,0.));
#4406 = VECTOR('',#4407,1.);
#4407 = DIRECTION('',(0.,0.,1.));
#4408 = PCURVE('',#1249,#4409);
#4409 = DEFINITIONAL_REPRESENTATION('',(#4410),#4414);
#4410 = LINE('',#4411,#4412);
#4411 = CARTESIAN_POINT('',(-1.570796326795,0.));
#4412 = VECTOR('',#4413,1.);
#4413 = DIRECTION('',(-0.,1.));
#4414 = ( GEOMETRIC_REPRESENTATION_CONTEXT(2) 
PARAMETRIC_REPRESENTATION_CONTEXT() REPRESENTATION_CONTEXT('2D SPACE',''
  ) );
#4415 = PCURVE('',#1216,#4416);
#4416 = DEFINITIONAL_REPRESENTATION('',(#4417),#4421);
#4417 = LINE('',#4418,#4419);
#4418 = CARTESIAN_POINT('',(12.,0.));
#4419 = VECTOR('',#4420,1.);
#4420 = DIRECTION('',(0.,-1.));
#4421 = ( GEOMETRIC_REPRESENTATION_CONTEXT(2) 
PARAMETRIC_REPRESENTATION_CONTEXT() REPRESENTATION_CONTEXT('2D SPACE',''
  ) );
#4422 = ORIENTED_EDGE('',*,*,#4423,.F.);
#4423 = EDGE_CURVE('',#4303,#4401,#4424,.T.);
#4424 = SURFACE_CURVE('',#4425,(#4430,#4437),.PCURVE_S1.);
#4425 = CIRCLE('',#4426,3.);
#4426 = AXIS2_PLACEMENT_3D('',#4427,#4428,#4429);
#4427 = CARTESIAN_POINT('',(-33.,42.,2.5));
#4428 = DIRECTION('',(-0.,-0.,-1.));
#4429 = DIRECTION('',(0.,-1.,0.));
#4430 = PCURVE('',#1249,#4431);
#4431 = DEFINITIONAL_REPRESENTATION('',(#4432),#4436);
#4432 = LINE('',#4433,#4434);
#4433 = CARTESIAN_POINT('',(3.14159265359,2.5));
#4434 = VECTOR('',#4435,1.);
#4435 = DIRECTION('',(-1.,0.));
#4436 = ( GEOMETRIC_REPRESENTATION_CONTEXT(2) 
PARAMETRIC_REPRESENTATION_CONTEXT() REPRESENTATION_CONTEXT('2D SPACE',''
  ) );
#4437 = PCURVE('',#2953,#4438);
#4438 = DEFINITIONAL_REPRESENTATION('',(#4439),#4447);
#4439 = ( BOUNDED_CURVE() B_SPLINE_CURVE(2,(#4440,#4441,#4442,#4443,
#4444,#4445,#4446),.UNSPECIFIED.,.T.,.F.) B_SPLINE_CURVE_WITH_KNOTS((1,2
    ,2,2,2,1),(-2.094395102393,0.,2.094395102393,4.188790204786,
6.28318530718,8.377580409573),.UNSPECIFIED.) CURVE() 
GEOMETRIC_REPRESENTATION_ITEM() RATIONAL_B_SPLINE_CURVE((1.,0.5,1.,0.5,
1.,0.5,1.)) REPRESENTATION_ITEM('') );
#4440 = CARTESIAN_POINT('',(4.5,76.5));
#4441 = CARTESIAN_POINT('',(-0.696152422707,76.5));
#4442 = CARTESIAN_POINT('',(1.901923788647,81.));
#4443 = CARTESIAN_POINT('',(4.5,85.5));
#4444 = CARTESIAN_POINT('',(7.098076211353,81.));
#4445 = CARTESIAN_POINT('',(9.696152422707,76.5));
#4446 = CARTESIAN_POINT('',(4.5,76.5));
#4447 = ( GEOMETRIC_REPRESENTATION_CONTEXT(2) 
PARAMETRIC_REPRESENTATION_CONTEXT() REPRESENTATION_CONTEXT('2D SPACE',''
  ) );
#4448 = ORIENTED_EDGE('',*,*,#4302,.F.);
#4449 = ADVANCED_FACE('',(#4450),#488,.T.);
#4450 = FACE_BOUND('',#4451,.F.);
#4451 = EDGE_LOOP('',(#4452,#4453,#4454,#4482));
#4452 = ORIENTED_EDGE('',*,*,#467,.T.);
#4453 = ORIENTED_EDGE('',*,*,#4375,.T.);
#4454 = ORIENTED_EDGE('',*,*,#4455,.F.);
#4455 = EDGE_CURVE('',#4456,#4353,#4458,.T.);
#4456 = VERTEX_POINT('',#4457);
#4457 = CARTESIAN_POINT('',(45.,-42.,2.5));
#4458 = SURFACE_CURVE('',#4459,(#4464,#4471),.PCURVE_S1.);
#4459 = CIRCLE('',#4460,3.);
#4460 = AXIS2_PLACEMENT_3D('',#4461,#4462,#4463);
#4461 = CARTESIAN_POINT('',(42.,-42.,2.5));
#4462 = DIRECTION('',(-0.,-0.,-1.));
#4463 = DIRECTION('',(0.,-1.,0.));
#4464 = PCURVE('',#488,#4465);
#4465 = DEFINITIONAL_REPRESENTATION('',(#4466),#4470);
#4466 = LINE('',#4467,#4468);
#4467 = CARTESIAN_POINT('',(4.712388980385,2.5));
#4468 = VECTOR('',#4469,1.);
#4469 = DIRECTION('',(-1.,0.));
#4470 = ( GEOMETRIC_REPRESENTATION_CONTEXT(2) 
PARAMETRIC_REPRESENTATION_CONTEXT() REPRESENTATION_CONTEXT('2D SPACE',''
  ) );
#4471 = PCURVE('',#2953,#4472);
#4472 = DEFINITIONAL_REPRESENTATION('',(#4473),#4481);
#4473 = ( BOUNDED_CURVE() B_SPLINE_CURVE(2,(#4474,#4475,#4476,#4477,
#4478,#4479,#4480),.UNSPECIFIED.,.T.,.F.) B_SPLINE_CURVE_WITH_KNOTS((1,2
    ,2,2,2,1),(-2.094395102393,0.,2.094395102393,4.188790204786,
6.28318530718,8.377580409573),.UNSPECIFIED.) CURVE() 
GEOMETRIC_REPRESENTATION_ITEM() RATIONAL_B_SPLINE_CURVE((1.,0.5,1.,0.5,
1.,0.5,1.)) REPRESENTATION_ITEM('') );
#4474 = CARTESIAN_POINT('',(79.5,-7.5));
#4475 = CARTESIAN_POINT('',(74.303847577293,-7.5));
#4476 = CARTESIAN_POINT('',(76.901923788647,-3.));
#4477 = CARTESIAN_POINT('',(79.5,1.5));
#4478 = CARTESIAN_POINT('',(82.098076211353,-3.));
#4479 = CARTESIAN_POINT('',(84.696152422707,-7.5));
#4480 = CARTESIAN_POINT('',(79.5,-7.5));
#4481 = ( GEOMETRIC_REPRESENTATION_CONTEXT(2) 
PARAMETRIC_REPRESENTATION_CONTEXT() REPRESENTATION_CONTEXT('2D SPACE',''
  ) );
#4482 = ORIENTED_EDGE('',*,*,#4483,.F.);
#4483 = EDGE_CURVE('',#468,#4456,#4484,.T.);
#4484 = SURFACE_CURVE('',#4485,(#4489,#4496),.PCURVE_S1.);
#4485 = LINE('',#4486,#4487);
#4486 = CARTESIAN_POINT('',(45.,-42.,0.));
#4487 = VECTOR('',#4488,1.);
#4488 = DIRECTION('',(0.,0.,1.));
#4489 = PCURVE('',#488,#4490);
#4490 = DEFINITIONAL_REPRESENTATION('',(#4491),#4495);
#4491 = LINE('',#4492,#4493);
#4492 = CARTESIAN_POINT('',(-0.,0.));
#4493 = VECTOR('',#4494,1.);
#4494 = DIRECTION('',(-0.,1.));
#4495 = ( GEOMETRIC_REPRESENTATION_CONTEXT(2) 
PARAMETRIC_REPRESENTATION_CONTEXT() REPRESENTATION_CONTEXT('2D SPACE',''
  ) );
#4496 = PCURVE('',#516,#4497);
#4497 = DEFINITIONAL_REPRESENTATION('',(#4498),#4502);
#4498 = LINE('',#4499,#4500);
#4499 = CARTESIAN_POINT('',(3.,0.));
#4500 = VECTOR('',#4501,1.);
#4501 = DIRECTION('',(0.,-1.));
#4502 = ( GEOMETRIC_REPRESENTATION_CONTEXT(2) 
PARAMETRIC_REPRESENTATION_CONTEXT() REPRESENTATION_CONTEXT('2D SPACE',''
  ) );
#4503 = ADVANCED_FACE('',(#4504),#1216,.F.);
#4504 = FACE_BOUND('',#4505,.F.);
#4505 = EDGE_LOOP('',(#4506,#4507,#4530,#4551));
#4506 = ORIENTED_EDGE('',*,*,#1200,.F.);
#4507 = ORIENTED_EDGE('',*,*,#4508,.F.);
#4508 = EDGE_CURVE('',#4509,#1172,#4511,.T.);
#4509 = VERTEX_POINT('',#4510);
#4510 = CARTESIAN_POINT('',(-30.,39.020815280171,2.5));
#4511 = SURFACE_CURVE('',#4512,(#4516,#4523),.PCURVE_S1.);
#4512 = LINE('',#4513,#4514);
#4513 = CARTESIAN_POINT('',(-30.,39.020815280171,2.5));
#4514 = VECTOR('',#4515,1.);
#4515 = DIRECTION('',(-0.,0.,-1.));
#4516 = PCURVE('',#1216,#4517);
#4517 = DEFINITIONAL_REPRESENTATION('',(#4518),#4522);
#4518 = LINE('',#4519,#4520);
#4519 = CARTESIAN_POINT('',(9.020815280171,-2.5));
#4520 = VECTOR('',#4521,1.);
#4521 = DIRECTION('',(0.,1.));
#4522 = ( GEOMETRIC_REPRESENTATION_CONTEXT(2) 
PARAMETRIC_REPRESENTATION_CONTEXT() REPRESENTATION_CONTEXT('2D SPACE',''
  ) );
#4523 = PCURVE('',#1188,#4524);
#4524 = DEFINITIONAL_REPRESENTATION('',(#4525),#4529);
#4525 = LINE('',#4526,#4527);
#4526 = CARTESIAN_POINT('',(-0.,0.));
#4527 = VECTOR('',#4528,1.);
#4528 = DIRECTION('',(-0.,1.));
#4529 = ( GEOMETRIC_REPRESENTATION_CONTEXT(2) 
PARAMETRIC_REPRESENTATION_CONTEXT() REPRESENTATION_CONTEXT('2D SPACE',''
  ) );
#4530 = ORIENTED_EDGE('',*,*,#4531,.T.);
#4531 = EDGE_CURVE('',#4509,#4401,#4532,.T.);
#4532 = SURFACE_CURVE('',#4533,(#4537,#4544),.PCURVE_S1.);
#4533 = LINE('',#4534,#4535);
#4534 = CARTESIAN_POINT('',(-30.,30.,2.5));
#4535 = VECTOR('',#4536,1.);
#4536 = DIRECTION('',(0.,1.,0.));
#4537 = PCURVE('',#1216,#4538);
#4538 = DEFINITIONAL_REPRESENTATION('',(#4539),#4543);
#4539 = LINE('',#4540,#4541);
#4540 = CARTESIAN_POINT('',(0.,-2.5));
#4541 = VECTOR('',#4542,1.);
#4542 = DIRECTION('',(1.,0.));
#4543 = ( GEOMETRIC_REPRESENTATION_CONTEXT(2) 
PARAMETRIC_REPRESENTATION_CONTEXT() REPRESENTATION_CONTEXT('2D SPACE',''
  ) );
#4544 = PCURVE('',#2953,#4545);
#4545 = DEFINITIONAL_REPRESENTATION('',(#4546),#4550);
#4546 = LINE('',#4547,#4548);
#4547 = CARTESIAN_POINT('',(7.5,67.5));
#4548 = VECTOR('',#4549,1.);
#4549 = DIRECTION('',(0.,1.));
#4550 = ( GEOMETRIC_REPRESENTATION_CONTEXT(2) 
PARAMETRIC_REPRESENTATION_CONTEXT() REPRESENTATION_CONTEXT('2D SPACE',''
  ) );
#4551 = ORIENTED_EDGE('',*,*,#4400,.F.);
#4552 = ADVANCED_FACE('',(#4553),#516,.F.);
#4553 = FACE_BOUND('',#4554,.F.);
#4554 = EDGE_LOOP('',(#4555,#4556,#4557,#4580));
#4555 = ORIENTED_EDGE('',*,*,#500,.F.);
#4556 = ORIENTED_EDGE('',*,*,#4483,.T.);
#4557 = ORIENTED_EDGE('',*,*,#4558,.T.);
#4558 = EDGE_CURVE('',#4456,#4559,#4561,.T.);
#4559 = VERTEX_POINT('',#4560);
#4560 = CARTESIAN_POINT('',(45.,-33.,2.5));
#4561 = SURFACE_CURVE('',#4562,(#4566,#4573),.PCURVE_S1.);
#4562 = LINE('',#4563,#4564);
#4563 = CARTESIAN_POINT('',(45.,-45.,2.5));
#4564 = VECTOR('',#4565,1.);
#4565 = DIRECTION('',(0.,1.,0.));
#4566 = PCURVE('',#516,#4567);
#4567 = DEFINITIONAL_REPRESENTATION('',(#4568),#4572);
#4568 = LINE('',#4569,#4570);
#4569 = CARTESIAN_POINT('',(0.,-2.5));
#4570 = VECTOR('',#4571,1.);
#4571 = DIRECTION('',(1.,0.));
#4572 = ( GEOMETRIC_REPRESENTATION_CONTEXT(2) 
PARAMETRIC_REPRESENTATION_CONTEXT() REPRESENTATION_CONTEXT('2D SPACE',''
  ) );
#4573 = PCURVE('',#2953,#4574);
#4574 = DEFINITIONAL_REPRESENTATION('',(#4575),#4579);
#4575 = LINE('',#4576,#4577);
#4576 = CARTESIAN_POINT('',(82.5,-7.5));
#4577 = VECTOR('',#4578,1.);
#4578 = DIRECTION('',(0.,1.));
#4579 = ( GEOMETRIC_REPRESENTATION_CONTEXT(2) 
PARAMETRIC_REPRESENTATION_CONTEXT() REPRESENTATION_CONTEXT('2D SPACE',''
  ) );
#4580 = ORIENTED_EDGE('',*,*,#4581,.F.);
#4581 = EDGE_CURVE('',#501,#4559,#4582,.T.);
#4582 = SURFACE_CURVE('',#4583,(#4587,#4594),.PCURVE_S1.);
#4583 = LINE('',#4584,#4585);
#4584 = CARTESIAN_POINT('',(45.,-33.,0.));
#4585 = VECTOR('',#4586,1.);
#4586 = DIRECTION('',(0.,0.,1.));
#4587 = PCURVE('',#516,#4588);
#4588 = DEFINITIONAL_REPRESENTATION('',(#4589),#4593);
#4589 = LINE('',#4590,#4591);
#4590 = CARTESIAN_POINT('',(12.,0.));
#4591 = VECTOR('',#4592,1.);
#4592 = DIRECTION('',(0.,-1.));
#4593 = ( GEOMETRIC_REPRESENTATION_CONTEXT(2) 
PARAMETRIC_REPRESENTATION_CONTEXT() REPRESENTATION_CONTEXT('2D SPACE',''
  ) );
#4594 = PCURVE('',#549,#4595);
#4595 = DEFINITIONAL_REPRESENTATION('',(#4596),#4600);
#4596 = LINE('',#4597,#4598);
#4597 = CARTESIAN_POINT('',(-1.570796326795,0.));
#4598 = VECTOR('',#4599,1.);
#4599 = DIRECTION('',(-0.,1.));
#4600 = ( GEOMETRIC_REPRESENTATION_CONTEXT(2) 
PARAMETRIC_REPRESENTATION_CONTEXT() REPRESENTATION_CONTEXT('2D SPACE',''
  ) );
#4601 = ADVANCED_FACE('',(#4602),#1188,.F.);
#4602 = FACE_BOUND('',#4603,.T.);
#4603 = EDGE_LOOP('',(#4604,#4628,#4649,#4650));
#4604 = ORIENTED_EDGE('',*,*,#4605,.T.);
#4605 = EDGE_CURVE('',#4509,#4606,#4608,.T.);
#4606 = VERTEX_POINT('',#4607);
#4607 = CARTESIAN_POINT('',(-29.12132034356,36.899494936612,2.5));
#4608 = SURFACE_CURVE('',#4609,(#4614,#4621),.PCURVE_S1.);
#4609 = CIRCLE('',#4610,3.);
#4610 = AXIS2_PLACEMENT_3D('',#4611,#4612,#4613);
#4611 = CARTESIAN_POINT('',(-27.,39.020815280171,2.5));
#4612 = DIRECTION('',(0.,-0.,1.));
#4613 = DIRECTION('',(0.,1.,0.));
#4614 = PCURVE('',#1188,#4615);
#4615 = DEFINITIONAL_REPRESENTATION('',(#4616),#4620);
#4616 = LINE('',#4617,#4618);
#4617 = CARTESIAN_POINT('',(1.570796326795,-0.));
#4618 = VECTOR('',#4619,1.);
#4619 = DIRECTION('',(-1.,0.));
#4620 = ( GEOMETRIC_REPRESENTATION_CONTEXT(2) 
PARAMETRIC_REPRESENTATION_CONTEXT() REPRESENTATION_CONTEXT('2D SPACE',''
  ) );
#4621 = PCURVE('',#2953,#4622);
#4622 = DEFINITIONAL_REPRESENTATION('',(#4623),#4627);
#4623 = CIRCLE('',#4624,3.);
#4624 = AXIS2_PLACEMENT_2D('',#4625,#4626);
#4625 = CARTESIAN_POINT('',(10.5,76.520815280171));
#4626 = DIRECTION('',(0.,1.));
#4627 = ( GEOMETRIC_REPRESENTATION_CONTEXT(2) 
PARAMETRIC_REPRESENTATION_CONTEXT() REPRESENTATION_CONTEXT('2D SPACE',''
  ) );
#4628 = ORIENTED_EDGE('',*,*,#4629,.T.);
#4629 = EDGE_CURVE('',#4606,#1144,#4630,.T.);
#4630 = SURFACE_CURVE('',#4631,(#4635,#4642),.PCURVE_S1.);
#4631 = LINE('',#4632,#4633);
#4632 = CARTESIAN_POINT('',(-29.12132034356,36.899494936612,2.5));
#4633 = VECTOR('',#4634,1.);
#4634 = DIRECTION('',(-0.,0.,-1.));
#4635 = PCURVE('',#1188,#4636);
#4636 = DEFINITIONAL_REPRESENTATION('',(#4637),#4641);
#4637 = LINE('',#4638,#4639);
#4638 = CARTESIAN_POINT('',(-0.785398163397,0.));
#4639 = VECTOR('',#4640,1.);
#4640 = DIRECTION('',(-0.,1.));
#4641 = ( GEOMETRIC_REPRESENTATION_CONTEXT(2) 
PARAMETRIC_REPRESENTATION_CONTEXT() REPRESENTATION_CONTEXT('2D SPACE',''
  ) );
#4642 = PCURVE('',#1159,#4643);
#4643 = DEFINITIONAL_REPRESENTATION('',(#4644),#4648);
#4644 = LINE('',#4645,#4646);
#4645 = CARTESIAN_POINT('',(46.683766184074,-2.5));
#4646 = VECTOR('',#4647,1.);
#4647 = DIRECTION('',(0.,1.));
#4648 = ( GEOMETRIC_REPRESENTATION_CONTEXT(2) 
PARAMETRIC_REPRESENTATION_CONTEXT() REPRESENTATION_CONTEXT('2D SPACE',''
  ) );
#4649 = ORIENTED_EDGE('',*,*,#1171,.F.);
#4650 = ORIENTED_EDGE('',*,*,#4508,.F.);
#4651 = ADVANCED_FACE('',(#4652),#549,.T.);
#4652 = FACE_BOUND('',#4653,.F.);
#4653 = EDGE_LOOP('',(#4654,#4655,#4656,#4684));
#4654 = ORIENTED_EDGE('',*,*,#528,.T.);
#4655 = ORIENTED_EDGE('',*,*,#4581,.T.);
#4656 = ORIENTED_EDGE('',*,*,#4657,.F.);
#4657 = EDGE_CURVE('',#4658,#4559,#4660,.T.);
#4658 = VERTEX_POINT('',#4659);
#4659 = CARTESIAN_POINT('',(42.,-30.,2.5));
#4660 = SURFACE_CURVE('',#4661,(#4666,#4673),.PCURVE_S1.);
#4661 = CIRCLE('',#4662,3.);
#4662 = AXIS2_PLACEMENT_3D('',#4663,#4664,#4665);
#4663 = CARTESIAN_POINT('',(42.,-33.,2.5));
#4664 = DIRECTION('',(-0.,-0.,-1.));
#4665 = DIRECTION('',(0.,-1.,0.));
#4666 = PCURVE('',#549,#4667);
#4667 = DEFINITIONAL_REPRESENTATION('',(#4668),#4672);
#4668 = LINE('',#4669,#4670);
#4669 = CARTESIAN_POINT('',(3.14159265359,2.5));
#4670 = VECTOR('',#4671,1.);
#4671 = DIRECTION('',(-1.,0.));
#4672 = ( GEOMETRIC_REPRESENTATION_CONTEXT(2) 
PARAMETRIC_REPRESENTATION_CONTEXT() REPRESENTATION_CONTEXT('2D SPACE',''
  ) );
#4673 = PCURVE('',#2953,#4674);
#4674 = DEFINITIONAL_REPRESENTATION('',(#4675),#4683);
#4675 = ( BOUNDED_CURVE() B_SPLINE_CURVE(2,(#4676,#4677,#4678,#4679,
#4680,#4681,#4682),.UNSPECIFIED.,.T.,.F.) B_SPLINE_CURVE_WITH_KNOTS((1,2
    ,2,2,2,1),(-2.094395102393,0.,2.094395102393,4.188790204786,
6.28318530718,8.377580409573),.UNSPECIFIED.) CURVE() 
GEOMETRIC_REPRESENTATION_ITEM() RATIONAL_B_SPLINE_CURVE((1.,0.5,1.,0.5,
1.,0.5,1.)) REPRESENTATION_ITEM('') );
#4676 = CARTESIAN_POINT('',(79.5,1.5));
#4677 = CARTESIAN_POINT('',(74.303847577293,1.5));
#4678 = CARTESIAN_POINT('',(76.901923788647,6.));
#4679 = CARTESIAN_POINT('',(79.5,10.5));
#4680 = CARTESIAN_POINT('',(82.098076211353,6.));
#4681 = CARTESIAN_POINT('',(84.696152422707,1.5));
#4682 = CARTESIAN_POINT('',(79.5,1.5));
#4683 = ( GEOMETRIC_REPRESENTATION_CONTEXT(2) 
PARAMETRIC_REPRESENTATION_CONTEXT() REPRESENTATION_CONTEXT('2D SPACE',''
  ) );
#4684 = ORIENTED_EDGE('',*,*,#4685,.F.);
#4685 = EDGE_CURVE('',#529,#4658,#4686,.T.);
#4686 = SURFACE_CURVE('',#4687,(#4691,#4698),.PCURVE_S1.);
#4687 = LINE('',#4688,#4689);
#4688 = CARTESIAN_POINT('',(42.,-30.,0.));
#4689 = VECTOR('',#4690,1.);
#4690 = DIRECTION('',(0.,0.,1.));
#4691 = PCURVE('',#549,#4692);
#4692 = DEFINITIONAL_REPRESENTATION('',(#4693),#4697);
#4693 = LINE('',#4694,#4695);
#4694 = CARTESIAN_POINT('',(-0.,0.));
#4695 = VECTOR('',#4696,1.);
#4696 = DIRECTION('',(-0.,1.));
#4697 = ( GEOMETRIC_REPRESENTATION_CONTEXT(2) 
PARAMETRIC_REPRESENTATION_CONTEXT() REPRESENTATION_CONTEXT('2D SPACE',''
  ) );
#4698 = PCURVE('',#577,#4699);
#4699 = DEFINITIONAL_REPRESENTATION('',(#4700),#4704);
#4700 = LINE('',#4701,#4702);
#4701 = CARTESIAN_POINT('',(3.,0.));
#4702 = VECTOR('',#4703,1.);
#4703 = DIRECTION('',(0.,-1.));
#4704 = ( GEOMETRIC_REPRESENTATION_CONTEXT(2) 
PARAMETRIC_REPRESENTATION_CONTEXT() REPRESENTATION_CONTEXT('2D SPACE',''
  ) );
#4705 = ADVANCED_FACE('',(#4706),#1159,.F.);
#4706 = FACE_BOUND('',#4707,.F.);
#4707 = EDGE_LOOP('',(#4708,#4709,#4732,#4753));
#4708 = ORIENTED_EDGE('',*,*,#1143,.F.);
#4709 = ORIENTED_EDGE('',*,*,#4710,.F.);
#4710 = EDGE_CURVE('',#4711,#1115,#4713,.T.);
#4711 = VERTEX_POINT('',#4712);
#4712 = CARTESIAN_POINT('',(-16.10050506338,23.87867965644,2.5));
#4713 = SURFACE_CURVE('',#4714,(#4718,#4725),.PCURVE_S1.);
#4714 = LINE('',#4715,#4716);
#4715 = CARTESIAN_POINT('',(-16.10050506338,23.87867965644,2.5));
#4716 = VECTOR('',#4717,1.);
#4717 = DIRECTION('',(0.,-0.,-1.));
#4718 = PCURVE('',#1159,#4719);
#4719 = DEFINITIONAL_REPRESENTATION('',(#4720),#4724);
#4720 = LINE('',#4721,#4722);
#4721 = CARTESIAN_POINT('',(28.2695526217,-2.5));
#4722 = VECTOR('',#4723,1.);
#4723 = DIRECTION('',(-0.,1.));
#4724 = ( GEOMETRIC_REPRESENTATION_CONTEXT(2) 
PARAMETRIC_REPRESENTATION_CONTEXT() REPRESENTATION_CONTEXT('2D SPACE',''
  ) );
#4725 = PCURVE('',#1131,#4726);
#4726 = DEFINITIONAL_REPRESENTATION('',(#4727),#4731);
#4727 = LINE('',#4728,#4729);
#4728 = CARTESIAN_POINT('',(-0.,0.));
#4729 = VECTOR('',#4730,1.);
#4730 = DIRECTION('',(-0.,1.));
#4731 = ( GEOMETRIC_REPRESENTATION_CONTEXT(2) 
PARAMETRIC_REPRESENTATION_CONTEXT() REPRESENTATION_CONTEXT('2D SPACE',''
  ) );
#4732 = ORIENTED_EDGE('',*,*,#4733,.T.);
#4733 = EDGE_CURVE('',#4711,#4606,#4734,.T.);
#4734 = SURFACE_CURVE('',#4735,(#4739,#4746),.PCURVE_S1.);
#4735 = LINE('',#4736,#4737);
#4736 = CARTESIAN_POINT('',(3.889087296526,3.889087296526,2.5));
#4737 = VECTOR('',#4738,1.);
#4738 = DIRECTION('',(-0.707106781187,0.707106781187,0.));
#4739 = PCURVE('',#1159,#4740);
#4740 = DEFINITIONAL_REPRESENTATION('',(#4741),#4745);
#4741 = LINE('',#4742,#4743);
#4742 = CARTESIAN_POINT('',(0.,-2.5));
#4743 = VECTOR('',#4744,1.);
#4744 = DIRECTION('',(1.,0.));
#4745 = ( GEOMETRIC_REPRESENTATION_CONTEXT(2) 
PARAMETRIC_REPRESENTATION_CONTEXT() REPRESENTATION_CONTEXT('2D SPACE',''
  ) );
#4746 = PCURVE('',#2953,#4747);
#4747 = DEFINITIONAL_REPRESENTATION('',(#4748),#4752);
#4748 = LINE('',#4749,#4750);
#4749 = CARTESIAN_POINT('',(41.389087296526,41.389087296526));
#4750 = VECTOR('',#4751,1.);
#4751 = DIRECTION('',(-0.707106781187,0.707106781187));
#4752 = ( GEOMETRIC_REPRESENTATION_CONTEXT(2) 
PARAMETRIC_REPRESENTATION_CONTEXT() REPRESENTATION_CONTEXT('2D SPACE',''
  ) );
#4753 = ORIENTED_EDGE('',*,*,#4629,.T.);
#4754 = ADVANCED_FACE('',(#4755),#577,.F.);
#4755 = FACE_BOUND('',#4756,.F.);
#4756 = EDGE_LOOP('',(#4757,#4758,#4759,#4782));
#4757 = ORIENTED_EDGE('',*,*,#561,.F.);
#4758 = ORIENTED_EDGE('',*,*,#4685,.T.);
#4759 = ORIENTED_EDGE('',*,*,#4760,.T.);
#4760 = EDGE_CURVE('',#4658,#4761,#4763,.T.);
#4761 = VERTEX_POINT('',#4762);
#4762 = CARTESIAN_POINT('',(39.020815280171,-30.,2.5));
#4763 = SURFACE_CURVE('',#4764,(#4768,#4775),.PCURVE_S1.);
#4764 = LINE('',#4765,#4766);
#4765 = CARTESIAN_POINT('',(45.,-30.,2.5));
#4766 = VECTOR('',#4767,1.);
#4767 = DIRECTION('',(-1.,0.,0.));
#4768 = PCURVE('',#577,#4769);
#4769 = DEFINITIONAL_REPRESENTATION('',(#4770),#4774);
#4770 = LINE('',#4771,#4772);
#4771 = CARTESIAN_POINT('',(0.,-2.5));
#4772 = VECTOR('',#4773,1.);
#4773 = DIRECTION('',(1.,0.));
#4774 = ( GEOMETRIC_REPRESENTATION_CONTEXT(2) 
PARAMETRIC_REPRESENTATION_CONTEXT() REPRESENTATION_CONTEXT('2D SPACE',''
  ) );
#4775 = PCURVE('',#2953,#4776);
#4776 = DEFINITIONAL_REPRESENTATION('',(#4777),#4781);
#4777 = LINE('',#4778,#4779);
#4778 = CARTESIAN_POINT('',(82.5,7.5));
#4779 = VECTOR('',#4780,1.);
#4780 = DIRECTION('',(-1.,0.));
#4781 = ( GEOMETRIC_REPRESENTATION_CONTEXT(2) 
PARAMETRIC_REPRESENTATION_CONTEXT() REPRESENTATION_CONTEXT('2D SPACE',''
  ) );
#4782 = ORIENTED_EDGE('',*,*,#4783,.F.);
#4783 = EDGE_CURVE('',#562,#4761,#4784,.T.);
#4784 = SURFACE_CURVE('',#4785,(#4789,#4796),.PCURVE_S1.);
#4785 = LINE('',#4786,#4787);
#4786 = CARTESIAN_POINT('',(39.020815280171,-30.,0.));
#4787 = VECTOR('',#4788,1.);
#4788 = DIRECTION('',(0.,0.,1.));
#4789 = PCURVE('',#577,#4790);
#4790 = DEFINITIONAL_REPRESENTATION('',(#4791),#4795);
#4791 = LINE('',#4792,#4793);
#4792 = CARTESIAN_POINT('',(5.979184719829,0.));
#4793 = VECTOR('',#4794,1.);
#4794 = DIRECTION('',(0.,-1.));
#4795 = ( GEOMETRIC_REPRESENTATION_CONTEXT(2) 
PARAMETRIC_REPRESENTATION_CONTEXT() REPRESENTATION_CONTEXT('2D SPACE',''
  ) );
#4796 = PCURVE('',#606,#4797);
#4797 = DEFINITIONAL_REPRESENTATION('',(#4798),#4802);
#4798 = LINE('',#4799,#4800);
#4799 = CARTESIAN_POINT('',(0.785398163397,0.));
#4800 = VECTOR('',#4801,1.);
#4801 = DIRECTION('',(0.,1.));
#4802 = ( GEOMETRIC_REPRESENTATION_CONTEXT(2) 
PARAMETRIC_REPRESENTATION_CONTEXT() REPRESENTATION_CONTEXT('2D SPACE',''
  ) );
#4803 = ADVANCED_FACE('',(#4804),#1131,.F.);
#4804 = FACE_BOUND('',#4805,.T.);
#4805 = EDGE_LOOP('',(#4806,#4830,#4851,#4852));
#4806 = ORIENTED_EDGE('',*,*,#4807,.T.);
#4807 = EDGE_CURVE('',#4711,#4808,#4810,.T.);
#4808 = VERTEX_POINT('',#4809);
#4809 = CARTESIAN_POINT('',(-13.97918471982,23.,2.5));
#4810 = SURFACE_CURVE('',#4811,(#4816,#4823),.PCURVE_S1.);
#4811 = CIRCLE('',#4812,3.);
#4812 = AXIS2_PLACEMENT_3D('',#4813,#4814,#4815);
#4813 = CARTESIAN_POINT('',(-13.97918471982,26.,2.5));
#4814 = DIRECTION('',(-0.,0.,1.));
#4815 = DIRECTION('',(0.,1.,0.));
#4816 = PCURVE('',#1131,#4817);
#4817 = DEFINITIONAL_REPRESENTATION('',(#4818),#4822);
#4818 = LINE('',#4819,#4820);
#4819 = CARTESIAN_POINT('',(2.356194490192,-0.));
#4820 = VECTOR('',#4821,1.);
#4821 = DIRECTION('',(-1.,0.));
#4822 = ( GEOMETRIC_REPRESENTATION_CONTEXT(2) 
PARAMETRIC_REPRESENTATION_CONTEXT() REPRESENTATION_CONTEXT('2D SPACE',''
  ) );
#4823 = PCURVE('',#2953,#4824);
#4824 = DEFINITIONAL_REPRESENTATION('',(#4825),#4829);
#4825 = CIRCLE('',#4826,3.);
#4826 = AXIS2_PLACEMENT_2D('',#4827,#4828);
#4827 = CARTESIAN_POINT('',(23.520815280171,63.5));
#4828 = DIRECTION('',(0.,1.));
#4829 = ( GEOMETRIC_REPRESENTATION_CONTEXT(2) 
PARAMETRIC_REPRESENTATION_CONTEXT() REPRESENTATION_CONTEXT('2D SPACE',''
  ) );
#4830 = ORIENTED_EDGE('',*,*,#4831,.T.);
#4831 = EDGE_CURVE('',#4808,#1087,#4832,.T.);
#4832 = SURFACE_CURVE('',#4833,(#4837,#4844),.PCURVE_S1.);
#4833 = LINE('',#4834,#4835);
#4834 = CARTESIAN_POINT('',(-13.97918471982,23.,2.5));
#4835 = VECTOR('',#4836,1.);
#4836 = DIRECTION('',(0.,-0.,-1.));
#4837 = PCURVE('',#1131,#4838);
#4838 = DEFINITIONAL_REPRESENTATION('',(#4839),#4843);
#4839 = LINE('',#4840,#4841);
#4840 = CARTESIAN_POINT('',(-0.785398163397,0.));
#4841 = VECTOR('',#4842,1.);
#4842 = DIRECTION('',(-0.,1.));
#4843 = ( GEOMETRIC_REPRESENTATION_CONTEXT(2) 
PARAMETRIC_REPRESENTATION_CONTEXT() REPRESENTATION_CONTEXT('2D SPACE',''
  ) );
#4844 = PCURVE('',#1102,#4845);
#4845 = DEFINITIONAL_REPRESENTATION('',(#4846),#4850);
#4846 = LINE('',#4847,#4848);
#4847 = CARTESIAN_POINT('',(36.979184719829,-2.5));
#4848 = VECTOR('',#4849,1.);
#4849 = DIRECTION('',(-0.,1.));
#4850 = ( GEOMETRIC_REPRESENTATION_CONTEXT(2) 
PARAMETRIC_REPRESENTATION_CONTEXT() REPRESENTATION_CONTEXT('2D SPACE',''
  ) );
#4851 = ORIENTED_EDGE('',*,*,#1114,.F.);
#4852 = ORIENTED_EDGE('',*,*,#4710,.F.);
#4853 = ADVANCED_FACE('',(#4854),#606,.F.);
#4854 = FACE_BOUND('',#4855,.F.);
#4855 = EDGE_LOOP('',(#4856,#4857,#4858,#4882));
#4856 = ORIENTED_EDGE('',*,*,#589,.T.);
#4857 = ORIENTED_EDGE('',*,*,#4783,.T.);
#4858 = ORIENTED_EDGE('',*,*,#4859,.F.);
#4859 = EDGE_CURVE('',#4860,#4761,#4862,.T.);
#4860 = VERTEX_POINT('',#4861);
#4861 = CARTESIAN_POINT('',(36.899494936612,-29.12132034356,2.5));
#4862 = SURFACE_CURVE('',#4863,(#4868,#4875),.PCURVE_S1.);
#4863 = CIRCLE('',#4864,3.);
#4864 = AXIS2_PLACEMENT_3D('',#4865,#4866,#4867);
#4865 = CARTESIAN_POINT('',(39.020815280171,-27.,2.5));
#4866 = DIRECTION('',(0.,0.,1.));
#4867 = DIRECTION('',(0.,-1.,0.));
#4868 = PCURVE('',#606,#4869);
#4869 = DEFINITIONAL_REPRESENTATION('',(#4870),#4874);
#4870 = LINE('',#4871,#4872);
#4871 = CARTESIAN_POINT('',(-5.497787143782,2.5));
#4872 = VECTOR('',#4873,1.);
#4873 = DIRECTION('',(1.,0.));
#4874 = ( GEOMETRIC_REPRESENTATION_CONTEXT(2) 
PARAMETRIC_REPRESENTATION_CONTEXT() REPRESENTATION_CONTEXT('2D SPACE',''
  ) );
#4875 = PCURVE('',#2953,#4876);
#4876 = DEFINITIONAL_REPRESENTATION('',(#4877),#4881);
#4877 = CIRCLE('',#4878,3.);
#4878 = AXIS2_PLACEMENT_2D('',#4879,#4880);
#4879 = CARTESIAN_POINT('',(76.520815280171,10.5));
#4880 = DIRECTION('',(0.,-1.));
#4881 = ( GEOMETRIC_REPRESENTATION_CONTEXT(2) 
PARAMETRIC_REPRESENTATION_CONTEXT() REPRESENTATION_CONTEXT('2D SPACE',''
  ) );
#4882 = ORIENTED_EDGE('',*,*,#4883,.F.);
#4883 = EDGE_CURVE('',#590,#4860,#4884,.T.);
#4884 = SURFACE_CURVE('',#4885,(#4889,#4896),.PCURVE_S1.);
#4885 = LINE('',#4886,#4887);
#4886 = CARTESIAN_POINT('',(36.899494936612,-29.12132034356,0.));
#4887 = VECTOR('',#4888,1.);
#4888 = DIRECTION('',(0.,0.,1.));
#4889 = PCURVE('',#606,#4890);
#4890 = DEFINITIONAL_REPRESENTATION('',(#4891),#4895);
#4891 = LINE('',#4892,#4893);
#4892 = CARTESIAN_POINT('',(0.,0.));
#4893 = VECTOR('',#4894,1.);
#4894 = DIRECTION('',(0.,1.));
#4895 = ( GEOMETRIC_REPRESENTATION_CONTEXT(2) 
PARAMETRIC_REPRESENTATION_CONTEXT() REPRESENTATION_CONTEXT('2D SPACE',''
  ) );
#4896 = PCURVE('',#634,#4897);
#4897 = DEFINITIONAL_REPRESENTATION('',(#4898),#4902);
#4898 = LINE('',#4899,#4900);
#4899 = CARTESIAN_POINT('',(6.349242404917,0.));
#4900 = VECTOR('',#4901,1.);
#4901 = DIRECTION('',(0.,-1.));
#4902 = ( GEOMETRIC_REPRESENTATION_CONTEXT(2) 
PARAMETRIC_REPRESENTATION_CONTEXT() REPRESENTATION_CONTEXT('2D SPACE',''
  ) );
#4903 = ADVANCED_FACE('',(#4904),#1102,.F.);
#4904 = FACE_BOUND('',#4905,.F.);
#4905 = EDGE_LOOP('',(#4906,#4907,#4930,#4951));
#4906 = ORIENTED_EDGE('',*,*,#1086,.F.);
#4907 = ORIENTED_EDGE('',*,*,#4908,.T.);
#4908 = EDGE_CURVE('',#1058,#4909,#4911,.T.);
#4909 = VERTEX_POINT('',#4910);
#4910 = CARTESIAN_POINT('',(13.979184719829,23.,2.5));
#4911 = SURFACE_CURVE('',#4912,(#4916,#4923),.PCURVE_S1.);
#4912 = LINE('',#4913,#4914);
#4913 = CARTESIAN_POINT('',(13.979184719829,23.,0.));
#4914 = VECTOR('',#4915,1.);
#4915 = DIRECTION('',(0.,0.,1.));
#4916 = PCURVE('',#1102,#4917);
#4917 = DEFINITIONAL_REPRESENTATION('',(#4918),#4922);
#4918 = LINE('',#4919,#4920);
#4919 = CARTESIAN_POINT('',(9.020815280171,0.));
#4920 = VECTOR('',#4921,1.);
#4921 = DIRECTION('',(0.,-1.));
#4922 = ( GEOMETRIC_REPRESENTATION_CONTEXT(2) 
PARAMETRIC_REPRESENTATION_CONTEXT() REPRESENTATION_CONTEXT('2D SPACE',''
  ) );
#4923 = PCURVE('',#1074,#4924);
#4924 = DEFINITIONAL_REPRESENTATION('',(#4925),#4929);
#4925 = LINE('',#4926,#4927);
#4926 = CARTESIAN_POINT('',(0.,0.));
#4927 = VECTOR('',#4928,1.);
#4928 = DIRECTION('',(0.,1.));
#4929 = ( GEOMETRIC_REPRESENTATION_CONTEXT(2) 
PARAMETRIC_REPRESENTATION_CONTEXT() REPRESENTATION_CONTEXT('2D SPACE',''
  ) );
#4930 = ORIENTED_EDGE('',*,*,#4931,.T.);
#4931 = EDGE_CURVE('',#4909,#4808,#4932,.T.);
#4932 = SURFACE_CURVE('',#4933,(#4937,#4944),.PCURVE_S1.);
#4933 = LINE('',#4934,#4935);
#4934 = CARTESIAN_POINT('',(23.,23.,2.5));
#4935 = VECTOR('',#4936,1.);
#4936 = DIRECTION('',(-1.,0.,0.));
#4937 = PCURVE('',#1102,#4938);
#4938 = DEFINITIONAL_REPRESENTATION('',(#4939),#4943);
#4939 = LINE('',#4940,#4941);
#4940 = CARTESIAN_POINT('',(0.,-2.5));
#4941 = VECTOR('',#4942,1.);
#4942 = DIRECTION('',(1.,0.));
#4943 = ( GEOMETRIC_REPRESENTATION_CONTEXT(2) 
PARAMETRIC_REPRESENTATION_CONTEXT() REPRESENTATION_CONTEXT('2D SPACE',''
  ) );
#4944 = PCURVE('',#2953,#4945);
#4945 = DEFINITIONAL_REPRESENTATION('',(#4946),#4950);
#4946 = LINE('',#4947,#4948);
#4947 = CARTESIAN_POINT('',(60.5,60.5));
#4948 = VECTOR('',#4949,1.);
#4949 = DIRECTION('',(-1.,0.));
#4950 = ( GEOMETRIC_REPRESENTATION_CONTEXT(2) 
PARAMETRIC_REPRESENTATION_CONTEXT() REPRESENTATION_CONTEXT('2D SPACE',''
  ) );
#4951 = ORIENTED_EDGE('',*,*,#4831,.T.);
#4952 = ADVANCED_FACE('',(#4953),#634,.F.);
#4953 = FACE_BOUND('',#4954,.F.);
#4954 = EDGE_LOOP('',(#4955,#4956,#4957,#4980));
#4955 = ORIENTED_EDGE('',*,*,#618,.F.);
#4956 = ORIENTED_EDGE('',*,*,#4883,.T.);
#4957 = ORIENTED_EDGE('',*,*,#4958,.T.);
#4958 = EDGE_CURVE('',#4860,#4959,#4961,.T.);
#4959 = VERTEX_POINT('',#4960);
#4960 = CARTESIAN_POINT('',(23.87867965644,-16.10050506338,2.5));
#4961 = SURFACE_CURVE('',#4962,(#4966,#4973),.PCURVE_S1.);
#4962 = LINE('',#4963,#4964);
#4963 = CARTESIAN_POINT('',(41.389087296526,-33.61091270347,2.5));
#4964 = VECTOR('',#4965,1.);
#4965 = DIRECTION('',(-0.707106781187,0.707106781187,0.));
#4966 = PCURVE('',#634,#4967);
#4967 = DEFINITIONAL_REPRESENTATION('',(#4968),#4972);
#4968 = LINE('',#4969,#4970);
#4969 = CARTESIAN_POINT('',(0.,-2.5));
#4970 = VECTOR('',#4971,1.);
#4971 = DIRECTION('',(1.,0.));
#4972 = ( GEOMETRIC_REPRESENTATION_CONTEXT(2) 
PARAMETRIC_REPRESENTATION_CONTEXT() REPRESENTATION_CONTEXT('2D SPACE',''
  ) );
#4973 = PCURVE('',#2953,#4974);
#4974 = DEFINITIONAL_REPRESENTATION('',(#4975),#4979);
#4975 = LINE('',#4976,#4977);
#4976 = CARTESIAN_POINT('',(78.889087296526,3.889087296526));
#4977 = VECTOR('',#4978,1.);
#4978 = DIRECTION('',(-0.707106781187,0.707106781187));
#4979 = ( GEOMETRIC_REPRESENTATION_CONTEXT(2) 
PARAMETRIC_REPRESENTATION_CONTEXT() REPRESENTATION_CONTEXT('2D SPACE',''
  ) );
#4980 = ORIENTED_EDGE('',*,*,#4981,.F.);
#4981 = EDGE_CURVE('',#619,#4959,#4982,.T.);
#4982 = SURFACE_CURVE('',#4983,(#4987,#4994),.PCURVE_S1.);
#4983 = LINE('',#4984,#4985);
#4984 = CARTESIAN_POINT('',(23.87867965644,-16.10050506338,0.));
#4985 = VECTOR('',#4986,1.);
#4986 = DIRECTION('',(0.,0.,1.));
#4987 = PCURVE('',#634,#4988);
#4988 = DEFINITIONAL_REPRESENTATION('',(#4989),#4993);
#4989 = LINE('',#4990,#4991);
#4990 = CARTESIAN_POINT('',(24.763455967291,0.));
#4991 = VECTOR('',#4992,1.);
#4992 = DIRECTION('',(0.,-1.));
#4993 = ( GEOMETRIC_REPRESENTATION_CONTEXT(2) 
PARAMETRIC_REPRESENTATION_CONTEXT() REPRESENTATION_CONTEXT('2D SPACE',''
  ) );
#4994 = PCURVE('',#663,#4995);
#4995 = DEFINITIONAL_REPRESENTATION('',(#4996),#5000);
#4996 = LINE('',#4997,#4998);
#4997 = CARTESIAN_POINT('',(0.785398163397,0.));
#4998 = VECTOR('',#4999,1.);
#4999 = DIRECTION('',(0.,1.));
#5000 = ( GEOMETRIC_REPRESENTATION_CONTEXT(2) 
PARAMETRIC_REPRESENTATION_CONTEXT() REPRESENTATION_CONTEXT('2D SPACE',''
  ) );
#5001 = ADVANCED_FACE('',(#5002),#1074,.F.);
#5002 = FACE_BOUND('',#5003,.F.);
#5003 = EDGE_LOOP('',(#5004,#5005,#5028,#5050));
#5004 = ORIENTED_EDGE('',*,*,#1057,.T.);
#5005 = ORIENTED_EDGE('',*,*,#5006,.T.);
#5006 = EDGE_CURVE('',#1030,#5007,#5009,.T.);
#5007 = VERTEX_POINT('',#5008);
#5008 = CARTESIAN_POINT('',(16.100505063388,23.87867965644,2.5));
#5009 = SURFACE_CURVE('',#5010,(#5014,#5021),.PCURVE_S1.);
#5010 = LINE('',#5011,#5012);
#5011 = CARTESIAN_POINT('',(16.100505063388,23.87867965644,0.));
#5012 = VECTOR('',#5013,1.);
#5013 = DIRECTION('',(0.,0.,1.));
#5014 = PCURVE('',#1074,#5015);
#5015 = DEFINITIONAL_REPRESENTATION('',(#5016),#5020);
#5016 = LINE('',#5017,#5018);
#5017 = CARTESIAN_POINT('',(0.785398163397,0.));
#5018 = VECTOR('',#5019,1.);
#5019 = DIRECTION('',(0.,1.));
#5020 = ( GEOMETRIC_REPRESENTATION_CONTEXT(2) 
PARAMETRIC_REPRESENTATION_CONTEXT() REPRESENTATION_CONTEXT('2D SPACE',''
  ) );
#5021 = PCURVE('',#1045,#5022);
#5022 = DEFINITIONAL_REPRESENTATION('',(#5023),#5027);
#5023 = LINE('',#5024,#5025);
#5024 = CARTESIAN_POINT('',(24.763455967291,0.));
#5025 = VECTOR('',#5026,1.);
#5026 = DIRECTION('',(0.,-1.));
#5027 = ( GEOMETRIC_REPRESENTATION_CONTEXT(2) 
PARAMETRIC_REPRESENTATION_CONTEXT() REPRESENTATION_CONTEXT('2D SPACE',''
  ) );
#5028 = ORIENTED_EDGE('',*,*,#5029,.F.);
#5029 = EDGE_CURVE('',#4909,#5007,#5030,.T.);
#5030 = SURFACE_CURVE('',#5031,(#5036,#5043),.PCURVE_S1.);
#5031 = CIRCLE('',#5032,3.);
#5032 = AXIS2_PLACEMENT_3D('',#5033,#5034,#5035);
#5033 = CARTESIAN_POINT('',(13.979184719829,26.,2.5));
#5034 = DIRECTION('',(0.,0.,1.));
#5035 = DIRECTION('',(0.,-1.,0.));
#5036 = PCURVE('',#1074,#5037);
#5037 = DEFINITIONAL_REPRESENTATION('',(#5038),#5042);
#5038 = LINE('',#5039,#5040);
#5039 = CARTESIAN_POINT('',(8.881784197001E-16,2.5));
#5040 = VECTOR('',#5041,1.);
#5041 = DIRECTION('',(1.,0.));
#5042 = ( GEOMETRIC_REPRESENTATION_CONTEXT(2) 
PARAMETRIC_REPRESENTATION_CONTEXT() REPRESENTATION_CONTEXT('2D SPACE',''
  ) );
#5043 = PCURVE('',#2953,#5044);
#5044 = DEFINITIONAL_REPRESENTATION('',(#5045),#5049);
#5045 = CIRCLE('',#5046,3.);
#5046 = AXIS2_PLACEMENT_2D('',#5047,#5048);
#5047 = CARTESIAN_POINT('',(51.479184719829,63.5));
#5048 = DIRECTION('',(0.,-1.));
#5049 = ( GEOMETRIC_REPRESENTATION_CONTEXT(2) 
PARAMETRIC_REPRESENTATION_CONTEXT() REPRESENTATION_CONTEXT('2D SPACE',''
  ) );
#5050 = ORIENTED_EDGE('',*,*,#4908,.F.);
#5051 = ADVANCED_FACE('',(#5052),#663,.F.);
#5052 = FACE_BOUND('',#5053,.F.);
#5053 = EDGE_LOOP('',(#5054,#5055,#5056,#5080));
#5054 = ORIENTED_EDGE('',*,*,#646,.T.);
#5055 = ORIENTED_EDGE('',*,*,#4981,.T.);
#5056 = ORIENTED_EDGE('',*,*,#5057,.F.);
#5057 = EDGE_CURVE('',#5058,#4959,#5060,.T.);
#5058 = VERTEX_POINT('',#5059);
#5059 = CARTESIAN_POINT('',(23.,-13.97918471982,2.5));
#5060 = SURFACE_CURVE('',#5061,(#5066,#5073),.PCURVE_S1.);
#5061 = CIRCLE('',#5062,3.);
#5062 = AXIS2_PLACEMENT_3D('',#5063,#5064,#5065);
#5063 = CARTESIAN_POINT('',(26.,-13.97918471982,2.5));
#5064 = DIRECTION('',(0.,0.,1.));
#5065 = DIRECTION('',(0.,-1.,0.));
#5066 = PCURVE('',#663,#5067);
#5067 = DEFINITIONAL_REPRESENTATION('',(#5068),#5072);
#5068 = LINE('',#5069,#5070);
#5069 = CARTESIAN_POINT('',(-4.712388980385,2.5));
#5070 = VECTOR('',#5071,1.);
#5071 = DIRECTION('',(1.,0.));
#5072 = ( GEOMETRIC_REPRESENTATION_CONTEXT(2) 
PARAMETRIC_REPRESENTATION_CONTEXT() REPRESENTATION_CONTEXT('2D SPACE',''
  ) );
#5073 = PCURVE('',#2953,#5074);
#5074 = DEFINITIONAL_REPRESENTATION('',(#5075),#5079);
#5075 = CIRCLE('',#5076,3.);
#5076 = AXIS2_PLACEMENT_2D('',#5077,#5078);
#5077 = CARTESIAN_POINT('',(63.5,23.520815280171));
#5078 = DIRECTION('',(0.,-1.));
#5079 = ( GEOMETRIC_REPRESENTATION_CONTEXT(2) 
PARAMETRIC_REPRESENTATION_CONTEXT() REPRESENTATION_CONTEXT('2D SPACE',''
  ) );
#5080 = ORIENTED_EDGE('',*,*,#5081,.F.);
#5081 = EDGE_CURVE('',#647,#5058,#5082,.T.);
#5082 = SURFACE_CURVE('',#5083,(#5087,#5094),.PCURVE_S1.);
#5083 = LINE('',#5084,#5085);
#5084 = CARTESIAN_POINT('',(23.,-13.97918471982,0.));
#5085 = VECTOR('',#5086,1.);
#5086 = DIRECTION('',(0.,0.,1.));
#5087 = PCURVE('',#663,#5088);
#5088 = DEFINITIONAL_REPRESENTATION('',(#5089),#5093);
#5089 = LINE('',#5090,#5091);
#5090 = CARTESIAN_POINT('',(0.,0.));
#5091 = VECTOR('',#5092,1.);
#5092 = DIRECTION('',(0.,1.));
#5093 = ( GEOMETRIC_REPRESENTATION_CONTEXT(2) 
PARAMETRIC_REPRESENTATION_CONTEXT() REPRESENTATION_CONTEXT('2D SPACE',''
  ) );
#5094 = PCURVE('',#691,#5095);
#5095 = DEFINITIONAL_REPRESENTATION('',(#5096),#5100);
#5096 = LINE('',#5097,#5098);
#5097 = CARTESIAN_POINT('',(9.020815280171,0.));
#5098 = VECTOR('',#5099,1.);
#5099 = DIRECTION('',(0.,-1.));
#5100 = ( GEOMETRIC_REPRESENTATION_CONTEXT(2) 
PARAMETRIC_REPRESENTATION_CONTEXT() REPRESENTATION_CONTEXT('2D SPACE',''
  ) );
#5101 = ADVANCED_FACE('',(#5102),#1045,.F.);
#5102 = FACE_BOUND('',#5103,.F.);
#5103 = EDGE_LOOP('',(#5104,#5105,#5128,#5149));
#5104 = ORIENTED_EDGE('',*,*,#1029,.F.);
#5105 = ORIENTED_EDGE('',*,*,#5106,.T.);
#5106 = EDGE_CURVE('',#1001,#5107,#5109,.T.);
#5107 = VERTEX_POINT('',#5108);
#5108 = CARTESIAN_POINT('',(29.12132034356,36.899494936612,2.5));
#5109 = SURFACE_CURVE('',#5110,(#5114,#5121),.PCURVE_S1.);
#5110 = LINE('',#5111,#5112);
#5111 = CARTESIAN_POINT('',(29.12132034356,36.899494936612,0.));
#5112 = VECTOR('',#5113,1.);
#5113 = DIRECTION('',(0.,0.,1.));
#5114 = PCURVE('',#1045,#5115);
#5115 = DEFINITIONAL_REPRESENTATION('',(#5116),#5120);
#5116 = LINE('',#5117,#5118);
#5117 = CARTESIAN_POINT('',(6.349242404918,0.));
#5118 = VECTOR('',#5119,1.);
#5119 = DIRECTION('',(0.,-1.));
#5120 = ( GEOMETRIC_REPRESENTATION_CONTEXT(2) 
PARAMETRIC_REPRESENTATION_CONTEXT() REPRESENTATION_CONTEXT('2D SPACE',''
  ) );
#5121 = PCURVE('',#1017,#5122);
#5122 = DEFINITIONAL_REPRESENTATION('',(#5123),#5127);
#5123 = LINE('',#5124,#5125);
#5124 = CARTESIAN_POINT('',(0.,0.));
#5125 = VECTOR('',#5126,1.);
#5126 = DIRECTION('',(0.,1.));
#5127 = ( GEOMETRIC_REPRESENTATION_CONTEXT(2) 
PARAMETRIC_REPRESENTATION_CONTEXT() REPRESENTATION_CONTEXT('2D SPACE',''
  ) );
#5128 = ORIENTED_EDGE('',*,*,#5129,.T.);
#5129 = EDGE_CURVE('',#5107,#5007,#5130,.T.);
#5130 = SURFACE_CURVE('',#5131,(#5135,#5142),.PCURVE_S1.);
#5131 = LINE('',#5132,#5133);
#5132 = CARTESIAN_POINT('',(33.610912703474,41.389087296526,2.5));
#5133 = VECTOR('',#5134,1.);
#5134 = DIRECTION('',(-0.707106781187,-0.707106781187,0.));
#5135 = PCURVE('',#1045,#5136);
#5136 = DEFINITIONAL_REPRESENTATION('',(#5137),#5141);
#5137 = LINE('',#5138,#5139);
#5138 = CARTESIAN_POINT('',(0.,-2.5));
#5139 = VECTOR('',#5140,1.);
#5140 = DIRECTION('',(1.,0.));
#5141 = ( GEOMETRIC_REPRESENTATION_CONTEXT(2) 
PARAMETRIC_REPRESENTATION_CONTEXT() REPRESENTATION_CONTEXT('2D SPACE',''
  ) );
#5142 = PCURVE('',#2953,#5143);
#5143 = DEFINITIONAL_REPRESENTATION('',(#5144),#5148);
#5144 = LINE('',#5145,#5146);
#5145 = CARTESIAN_POINT('',(71.110912703474,78.889087296526));
#5146 = VECTOR('',#5147,1.);
#5147 = DIRECTION('',(-0.707106781187,-0.707106781187));
#5148 = ( GEOMETRIC_REPRESENTATION_CONTEXT(2) 
PARAMETRIC_REPRESENTATION_CONTEXT() REPRESENTATION_CONTEXT('2D SPACE',''
  ) );
#5149 = ORIENTED_EDGE('',*,*,#5006,.F.);
#5150 = ADVANCED_FACE('',(#5151),#691,.F.);
#5151 = FACE_BOUND('',#5152,.F.);
#5152 = EDGE_LOOP('',(#5153,#5154,#5155,#5178));
#5153 = ORIENTED_EDGE('',*,*,#675,.F.);
#5154 = ORIENTED_EDGE('',*,*,#5081,.T.);
#5155 = ORIENTED_EDGE('',*,*,#5156,.T.);
#5156 = EDGE_CURVE('',#5058,#5157,#5159,.T.);
#5157 = VERTEX_POINT('',#5158);
#5158 = CARTESIAN_POINT('',(23.,13.979184719829,2.5));
#5159 = SURFACE_CURVE('',#5160,(#5164,#5171),.PCURVE_S1.);
#5160 = LINE('',#5161,#5162);
#5161 = CARTESIAN_POINT('',(23.,-23.,2.5));
#5162 = VECTOR('',#5163,1.);
#5163 = DIRECTION('',(0.,1.,0.));
#5164 = PCURVE('',#691,#5165);
#5165 = DEFINITIONAL_REPRESENTATION('',(#5166),#5170);
#5166 = LINE('',#5167,#5168);
#5167 = CARTESIAN_POINT('',(0.,-2.5));
#5168 = VECTOR('',#5169,1.);
#5169 = DIRECTION('',(1.,0.));
#5170 = ( GEOMETRIC_REPRESENTATION_CONTEXT(2) 
PARAMETRIC_REPRESENTATION_CONTEXT() REPRESENTATION_CONTEXT('2D SPACE',''
  ) );
#5171 = PCURVE('',#2953,#5172);
#5172 = DEFINITIONAL_REPRESENTATION('',(#5173),#5177);
#5173 = LINE('',#5174,#5175);
#5174 = CARTESIAN_POINT('',(60.5,14.5));
#5175 = VECTOR('',#5176,1.);
#5176 = DIRECTION('',(0.,1.));
#5177 = ( GEOMETRIC_REPRESENTATION_CONTEXT(2) 
PARAMETRIC_REPRESENTATION_CONTEXT() REPRESENTATION_CONTEXT('2D SPACE',''
  ) );
#5178 = ORIENTED_EDGE('',*,*,#5179,.T.);
#5179 = EDGE_CURVE('',#5157,#676,#5180,.T.);
#5180 = SURFACE_CURVE('',#5181,(#5185,#5192),.PCURVE_S1.);
#5181 = LINE('',#5182,#5183);
#5182 = CARTESIAN_POINT('',(23.,13.979184719829,2.5));
#5183 = VECTOR('',#5184,1.);
#5184 = DIRECTION('',(0.,0.,-1.));
#5185 = PCURVE('',#691,#5186);
#5186 = DEFINITIONAL_REPRESENTATION('',(#5187),#5191);
#5187 = LINE('',#5188,#5189);
#5188 = CARTESIAN_POINT('',(36.979184719829,-2.5));
#5189 = VECTOR('',#5190,1.);
#5190 = DIRECTION('',(0.,1.));
#5191 = ( GEOMETRIC_REPRESENTATION_CONTEXT(2) 
PARAMETRIC_REPRESENTATION_CONTEXT() REPRESENTATION_CONTEXT('2D SPACE',''
  ) );
#5192 = PCURVE('',#720,#5193);
#5193 = DEFINITIONAL_REPRESENTATION('',(#5194),#5198);
#5194 = LINE('',#5195,#5196);
#5195 = CARTESIAN_POINT('',(-0.785398163397,0.));
#5196 = VECTOR('',#5197,1.);
#5197 = DIRECTION('',(-0.,1.));
#5198 = ( GEOMETRIC_REPRESENTATION_CONTEXT(2) 
PARAMETRIC_REPRESENTATION_CONTEXT() REPRESENTATION_CONTEXT('2D SPACE',''
  ) );
#5199 = ADVANCED_FACE('',(#5200),#1017,.F.);
#5200 = FACE_BOUND('',#5201,.F.);
#5201 = EDGE_LOOP('',(#5202,#5203,#5226,#5248));
#5202 = ORIENTED_EDGE('',*,*,#1000,.T.);
#5203 = ORIENTED_EDGE('',*,*,#5204,.T.);
#5204 = EDGE_CURVE('',#973,#5205,#5207,.T.);
#5205 = VERTEX_POINT('',#5206);
#5206 = CARTESIAN_POINT('',(30.,39.020815280171,2.5));
#5207 = SURFACE_CURVE('',#5208,(#5212,#5219),.PCURVE_S1.);
#5208 = LINE('',#5209,#5210);
#5209 = CARTESIAN_POINT('',(30.,39.020815280171,0.));
#5210 = VECTOR('',#5211,1.);
#5211 = DIRECTION('',(0.,0.,1.));
#5212 = PCURVE('',#1017,#5213);
#5213 = DEFINITIONAL_REPRESENTATION('',(#5214),#5218);
#5214 = LINE('',#5215,#5216);
#5215 = CARTESIAN_POINT('',(0.785398163397,0.));
#5216 = VECTOR('',#5217,1.);
#5217 = DIRECTION('',(0.,1.));
#5218 = ( GEOMETRIC_REPRESENTATION_CONTEXT(2) 
PARAMETRIC_REPRESENTATION_CONTEXT() REPRESENTATION_CONTEXT('2D SPACE',''
  ) );
#5219 = PCURVE('',#988,#5220);
#5220 = DEFINITIONAL_REPRESENTATION('',(#5221),#5225);
#5221 = LINE('',#5222,#5223);
#5222 = CARTESIAN_POINT('',(5.979184719829,0.));
#5223 = VECTOR('',#5224,1.);
#5224 = DIRECTION('',(0.,-1.));
#5225 = ( GEOMETRIC_REPRESENTATION_CONTEXT(2) 
PARAMETRIC_REPRESENTATION_CONTEXT() REPRESENTATION_CONTEXT('2D SPACE',''
  ) );
#5226 = ORIENTED_EDGE('',*,*,#5227,.F.);
#5227 = EDGE_CURVE('',#5107,#5205,#5228,.T.);
#5228 = SURFACE_CURVE('',#5229,(#5234,#5241),.PCURVE_S1.);
#5229 = CIRCLE('',#5230,3.);
#5230 = AXIS2_PLACEMENT_3D('',#5231,#5232,#5233);
#5231 = CARTESIAN_POINT('',(27.,39.020815280171,2.5));
#5232 = DIRECTION('',(0.,0.,1.));
#5233 = DIRECTION('',(0.,-1.,0.));
#5234 = PCURVE('',#1017,#5235);
#5235 = DEFINITIONAL_REPRESENTATION('',(#5236),#5240);
#5236 = LINE('',#5237,#5238);
#5237 = CARTESIAN_POINT('',(-0.785398163397,2.5));
#5238 = VECTOR('',#5239,1.);
#5239 = DIRECTION('',(1.,0.));
#5240 = ( GEOMETRIC_REPRESENTATION_CONTEXT(2) 
PARAMETRIC_REPRESENTATION_CONTEXT() REPRESENTATION_CONTEXT('2D SPACE',''
  ) );
#5241 = PCURVE('',#2953,#5242);
#5242 = DEFINITIONAL_REPRESENTATION('',(#5243),#5247);
#5243 = CIRCLE('',#5244,3.);
#5244 = AXIS2_PLACEMENT_2D('',#5245,#5246);
#5245 = CARTESIAN_POINT('',(64.5,76.520815280171));
#5246 = DIRECTION('',(0.,-1.));
#5247 = ( GEOMETRIC_REPRESENTATION_CONTEXT(2) 
PARAMETRIC_REPRESENTATION_CONTEXT() REPRESENTATION_CONTEXT('2D SPACE',''
  ) );
#5248 = ORIENTED_EDGE('',*,*,#5106,.F.);
#5249 = ADVANCED_FACE('',(#5250),#720,.F.);
#5250 = FACE_BOUND('',#5251,.T.);
#5251 = EDGE_LOOP('',(#5252,#5276,#5277,#5278));
#5252 = ORIENTED_EDGE('',*,*,#5253,.T.);
#5253 = EDGE_CURVE('',#5254,#5157,#5256,.T.);
#5254 = VERTEX_POINT('',#5255);
#5255 = CARTESIAN_POINT('',(23.87867965644,16.100505063388,2.5));
#5256 = SURFACE_CURVE('',#5257,(#5262,#5269),.PCURVE_S1.);
#5257 = CIRCLE('',#5258,3.);
#5258 = AXIS2_PLACEMENT_3D('',#5259,#5260,#5261);
#5259 = CARTESIAN_POINT('',(26.,13.979184719829,2.5));
#5260 = DIRECTION('',(0.,-0.,1.));
#5261 = DIRECTION('',(0.,1.,0.));
#5262 = PCURVE('',#720,#5263);
#5263 = DEFINITIONAL_REPRESENTATION('',(#5264),#5268);
#5264 = LINE('',#5265,#5266);
#5265 = CARTESIAN_POINT('',(0.785398163397,-0.));
#5266 = VECTOR('',#5267,1.);
#5267 = DIRECTION('',(-1.,0.));
#5268 = ( GEOMETRIC_REPRESENTATION_CONTEXT(2) 
PARAMETRIC_REPRESENTATION_CONTEXT() REPRESENTATION_CONTEXT('2D SPACE',''
  ) );
#5269 = PCURVE('',#2953,#5270);
#5270 = DEFINITIONAL_REPRESENTATION('',(#5271),#5275);
#5271 = CIRCLE('',#5272,3.);
#5272 = AXIS2_PLACEMENT_2D('',#5273,#5274);
#5273 = CARTESIAN_POINT('',(63.5,51.479184719829));
#5274 = DIRECTION('',(0.,1.));
#5275 = ( GEOMETRIC_REPRESENTATION_CONTEXT(2) 
PARAMETRIC_REPRESENTATION_CONTEXT() REPRESENTATION_CONTEXT('2D SPACE',''
  ) );
#5276 = ORIENTED_EDGE('',*,*,#5179,.T.);
#5277 = ORIENTED_EDGE('',*,*,#703,.F.);
#5278 = ORIENTED_EDGE('',*,*,#5279,.F.);
#5279 = EDGE_CURVE('',#5254,#704,#5280,.T.);
#5280 = SURFACE_CURVE('',#5281,(#5285,#5292),.PCURVE_S1.);
#5281 = LINE('',#5282,#5283);
#5282 = CARTESIAN_POINT('',(23.87867965644,16.100505063388,2.5));
#5283 = VECTOR('',#5284,1.);
#5284 = DIRECTION('',(0.,0.,-1.));
#5285 = PCURVE('',#720,#5286);
#5286 = DEFINITIONAL_REPRESENTATION('',(#5287),#5291);
#5287 = LINE('',#5288,#5289);
#5288 = CARTESIAN_POINT('',(-0.,0.));
#5289 = VECTOR('',#5290,1.);
#5290 = DIRECTION('',(-0.,1.));
#5291 = ( GEOMETRIC_REPRESENTATION_CONTEXT(2) 
PARAMETRIC_REPRESENTATION_CONTEXT() REPRESENTATION_CONTEXT('2D SPACE',''
  ) );
#5292 = PCURVE('',#748,#5293);
#5293 = DEFINITIONAL_REPRESENTATION('',(#5294),#5298);
#5294 = LINE('',#5295,#5296);
#5295 = CARTESIAN_POINT('',(28.2695526217,-2.5));
#5296 = VECTOR('',#5297,1.);
#5297 = DIRECTION('',(0.,1.));
#5298 = ( GEOMETRIC_REPRESENTATION_CONTEXT(2) 
PARAMETRIC_REPRESENTATION_CONTEXT() REPRESENTATION_CONTEXT('2D SPACE',''
  ) );
#5299 = ADVANCED_FACE('',(#5300),#988,.F.);
#5300 = FACE_BOUND('',#5301,.F.);
#5301 = EDGE_LOOP('',(#5302,#5303,#5326,#5347));
#5302 = ORIENTED_EDGE('',*,*,#972,.F.);
#5303 = ORIENTED_EDGE('',*,*,#5304,.T.);
#5304 = EDGE_CURVE('',#940,#5305,#5307,.T.);
#5305 = VERTEX_POINT('',#5306);
#5306 = CARTESIAN_POINT('',(30.,42.,2.5));
#5307 = SURFACE_CURVE('',#5308,(#5312,#5319),.PCURVE_S1.);
#5308 = LINE('',#5309,#5310);
#5309 = CARTESIAN_POINT('',(30.,42.,0.));
#5310 = VECTOR('',#5311,1.);
#5311 = DIRECTION('',(0.,0.,1.));
#5312 = PCURVE('',#988,#5313);
#5313 = DEFINITIONAL_REPRESENTATION('',(#5314),#5318);
#5314 = LINE('',#5315,#5316);
#5315 = CARTESIAN_POINT('',(3.,0.));
#5316 = VECTOR('',#5317,1.);
#5317 = DIRECTION('',(0.,-1.));
#5318 = ( GEOMETRIC_REPRESENTATION_CONTEXT(2) 
PARAMETRIC_REPRESENTATION_CONTEXT() REPRESENTATION_CONTEXT('2D SPACE',''
  ) );
#5319 = PCURVE('',#960,#5320);
#5320 = DEFINITIONAL_REPRESENTATION('',(#5321),#5325);
#5321 = LINE('',#5322,#5323);
#5322 = CARTESIAN_POINT('',(-0.,0.));
#5323 = VECTOR('',#5324,1.);
#5324 = DIRECTION('',(-0.,1.));
#5325 = ( GEOMETRIC_REPRESENTATION_CONTEXT(2) 
PARAMETRIC_REPRESENTATION_CONTEXT() REPRESENTATION_CONTEXT('2D SPACE',''
  ) );
#5326 = ORIENTED_EDGE('',*,*,#5327,.T.);
#5327 = EDGE_CURVE('',#5305,#5205,#5328,.T.);
#5328 = SURFACE_CURVE('',#5329,(#5333,#5340),.PCURVE_S1.);
#5329 = LINE('',#5330,#5331);
#5330 = CARTESIAN_POINT('',(30.,45.,2.5));
#5331 = VECTOR('',#5332,1.);
#5332 = DIRECTION('',(0.,-1.,0.));
#5333 = PCURVE('',#988,#5334);
#5334 = DEFINITIONAL_REPRESENTATION('',(#5335),#5339);
#5335 = LINE('',#5336,#5337);
#5336 = CARTESIAN_POINT('',(0.,-2.5));
#5337 = VECTOR('',#5338,1.);
#5338 = DIRECTION('',(1.,0.));
#5339 = ( GEOMETRIC_REPRESENTATION_CONTEXT(2) 
PARAMETRIC_REPRESENTATION_CONTEXT() REPRESENTATION_CONTEXT('2D SPACE',''
  ) );
#5340 = PCURVE('',#2953,#5341);
#5341 = DEFINITIONAL_REPRESENTATION('',(#5342),#5346);
#5342 = LINE('',#5343,#5344);
#5343 = CARTESIAN_POINT('',(67.5,82.5));
#5344 = VECTOR('',#5345,1.);
#5345 = DIRECTION('',(0.,-1.));
#5346 = ( GEOMETRIC_REPRESENTATION_CONTEXT(2) 
PARAMETRIC_REPRESENTATION_CONTEXT() REPRESENTATION_CONTEXT('2D SPACE',''
  ) );
#5347 = ORIENTED_EDGE('',*,*,#5204,.F.);
#5348 = ADVANCED_FACE('',(#5349),#748,.F.);
#5349 = FACE_BOUND('',#5350,.F.);
#5350 = EDGE_LOOP('',(#5351,#5352,#5353,#5376));
#5351 = ORIENTED_EDGE('',*,*,#732,.F.);
#5352 = ORIENTED_EDGE('',*,*,#5279,.F.);
#5353 = ORIENTED_EDGE('',*,*,#5354,.T.);
#5354 = EDGE_CURVE('',#5254,#5355,#5357,.T.);
#5355 = VERTEX_POINT('',#5356);
#5356 = CARTESIAN_POINT('',(36.899494936612,29.12132034356,2.5));
#5357 = SURFACE_CURVE('',#5358,(#5362,#5369),.PCURVE_S1.);
#5358 = LINE('',#5359,#5360);
#5359 = CARTESIAN_POINT('',(3.889087296526,-3.889087296526,2.5));
#5360 = VECTOR('',#5361,1.);
#5361 = DIRECTION('',(0.707106781187,0.707106781187,0.));
#5362 = PCURVE('',#748,#5363);
#5363 = DEFINITIONAL_REPRESENTATION('',(#5364),#5368);
#5364 = LINE('',#5365,#5366);
#5365 = CARTESIAN_POINT('',(0.,-2.5));
#5366 = VECTOR('',#5367,1.);
#5367 = DIRECTION('',(1.,0.));
#5368 = ( GEOMETRIC_REPRESENTATION_CONTEXT(2) 
PARAMETRIC_REPRESENTATION_CONTEXT() REPRESENTATION_CONTEXT('2D SPACE',''
  ) );
#5369 = PCURVE('',#2953,#5370);
#5370 = DEFINITIONAL_REPRESENTATION('',(#5371),#5375);
#5371 = LINE('',#5372,#5373);
#5372 = CARTESIAN_POINT('',(41.389087296526,33.610912703474));
#5373 = VECTOR('',#5374,1.);
#5374 = DIRECTION('',(0.707106781187,0.707106781187));
#5375 = ( GEOMETRIC_REPRESENTATION_CONTEXT(2) 
PARAMETRIC_REPRESENTATION_CONTEXT() REPRESENTATION_CONTEXT('2D SPACE',''
  ) );
#5376 = ORIENTED_EDGE('',*,*,#5377,.T.);
#5377 = EDGE_CURVE('',#5355,#733,#5378,.T.);
#5378 = SURFACE_CURVE('',#5379,(#5383,#5390),.PCURVE_S1.);
#5379 = LINE('',#5380,#5381);
#5380 = CARTESIAN_POINT('',(36.899494936612,29.12132034356,2.5));
#5381 = VECTOR('',#5382,1.);
#5382 = DIRECTION('',(0.,0.,-1.));
#5383 = PCURVE('',#748,#5384);
#5384 = DEFINITIONAL_REPRESENTATION('',(#5385),#5389);
#5385 = LINE('',#5386,#5387);
#5386 = CARTESIAN_POINT('',(46.683766184074,-2.5));
#5387 = VECTOR('',#5388,1.);
#5388 = DIRECTION('',(0.,1.));
#5389 = ( GEOMETRIC_REPRESENTATION_CONTEXT(2) 
PARAMETRIC_REPRESENTATION_CONTEXT() REPRESENTATION_CONTEXT('2D SPACE',''
  ) );
#5390 = PCURVE('',#777,#5391);
#5391 = DEFINITIONAL_REPRESENTATION('',(#5392),#5396);
#5392 = LINE('',#5393,#5394);
#5393 = CARTESIAN_POINT('',(-0.785398163397,0.));
#5394 = VECTOR('',#5395,1.);
#5395 = DIRECTION('',(-0.,1.));
#5396 = ( GEOMETRIC_REPRESENTATION_CONTEXT(2) 
PARAMETRIC_REPRESENTATION_CONTEXT() REPRESENTATION_CONTEXT('2D SPACE',''
  ) );
#5397 = ADVANCED_FACE('',(#5398),#960,.T.);
#5398 = FACE_BOUND('',#5399,.F.);
#5399 = EDGE_LOOP('',(#5400,#5401,#5424,#5450));
#5400 = ORIENTED_EDGE('',*,*,#939,.T.);
#5401 = ORIENTED_EDGE('',*,*,#5402,.T.);
#5402 = EDGE_CURVE('',#912,#5403,#5405,.T.);
#5403 = VERTEX_POINT('',#5404);
#5404 = CARTESIAN_POINT('',(33.,45.,2.5));
#5405 = SURFACE_CURVE('',#5406,(#5410,#5417),.PCURVE_S1.);
#5406 = LINE('',#5407,#5408);
#5407 = CARTESIAN_POINT('',(33.,45.,0.));
#5408 = VECTOR('',#5409,1.);
#5409 = DIRECTION('',(0.,0.,1.));
#5410 = PCURVE('',#960,#5411);
#5411 = DEFINITIONAL_REPRESENTATION('',(#5412),#5416);
#5412 = LINE('',#5413,#5414);
#5413 = CARTESIAN_POINT('',(-1.570796326795,0.));
#5414 = VECTOR('',#5415,1.);
#5415 = DIRECTION('',(-0.,1.));
#5416 = ( GEOMETRIC_REPRESENTATION_CONTEXT(2) 
PARAMETRIC_REPRESENTATION_CONTEXT() REPRESENTATION_CONTEXT('2D SPACE',''
  ) );
#5417 = PCURVE('',#927,#5418);
#5418 = DEFINITIONAL_REPRESENTATION('',(#5419),#5423);
#5419 = LINE('',#5420,#5421);
#5420 = CARTESIAN_POINT('',(12.,0.));
#5421 = VECTOR('',#5422,1.);
#5422 = DIRECTION('',(0.,-1.));
#5423 = ( GEOMETRIC_REPRESENTATION_CONTEXT(2) 
PARAMETRIC_REPRESENTATION_CONTEXT() REPRESENTATION_CONTEXT('2D SPACE',''
  ) );
#5424 = ORIENTED_EDGE('',*,*,#5425,.F.);
#5425 = EDGE_CURVE('',#5305,#5403,#5426,.T.);
#5426 = SURFACE_CURVE('',#5427,(#5432,#5439),.PCURVE_S1.);
#5427 = CIRCLE('',#5428,3.);
#5428 = AXIS2_PLACEMENT_3D('',#5429,#5430,#5431);
#5429 = CARTESIAN_POINT('',(33.,42.,2.5));
#5430 = DIRECTION('',(-0.,-0.,-1.));
#5431 = DIRECTION('',(0.,-1.,0.));
#5432 = PCURVE('',#960,#5433);
#5433 = DEFINITIONAL_REPRESENTATION('',(#5434),#5438);
#5434 = LINE('',#5435,#5436);
#5435 = CARTESIAN_POINT('',(1.570796326795,2.5));
#5436 = VECTOR('',#5437,1.);
#5437 = DIRECTION('',(-1.,0.));
#5438 = ( GEOMETRIC_REPRESENTATION_CONTEXT(2) 
PARAMETRIC_REPRESENTATION_CONTEXT() REPRESENTATION_CONTEXT('2D SPACE',''
  ) );
#5439 = PCURVE('',#2953,#5440);
#5440 = DEFINITIONAL_REPRESENTATION('',(#5441),#5449);
#5441 = ( BOUNDED_CURVE() B_SPLINE_CURVE(2,(#5442,#5443,#5444,#5445,
#5446,#5447,#5448),.UNSPECIFIED.,.T.,.F.) B_SPLINE_CURVE_WITH_KNOTS((1,2
    ,2,2,2,1),(-2.094395102393,0.,2.094395102393,4.188790204786,
6.28318530718,8.377580409573),.UNSPECIFIED.) CURVE() 
GEOMETRIC_REPRESENTATION_ITEM() RATIONAL_B_SPLINE_CURVE((1.,0.5,1.,0.5,
1.,0.5,1.)) REPRESENTATION_ITEM('') );
#5442 = CARTESIAN_POINT('',(70.5,76.5));
#5443 = CARTESIAN_POINT('',(65.303847577293,76.5));
#5444 = CARTESIAN_POINT('',(67.901923788647,81.));
#5445 = CARTESIAN_POINT('',(70.5,85.5));
#5446 = CARTESIAN_POINT('',(73.098076211353,81.));
#5447 = CARTESIAN_POINT('',(75.696152422707,76.5));
#5448 = CARTESIAN_POINT('',(70.5,76.5));
#5449 = ( GEOMETRIC_REPRESENTATION_CONTEXT(2) 
PARAMETRIC_REPRESENTATION_CONTEXT() REPRESENTATION_CONTEXT('2D SPACE',''
  ) );
#5450 = ORIENTED_EDGE('',*,*,#5304,.F.);
#5451 = ADVANCED_FACE('',(#5452),#777,.F.);
#5452 = FACE_BOUND('',#5453,.T.);
#5453 = EDGE_LOOP('',(#5454,#5478,#5479,#5480));
#5454 = ORIENTED_EDGE('',*,*,#5455,.T.);
#5455 = EDGE_CURVE('',#5456,#5355,#5458,.T.);
#5456 = VERTEX_POINT('',#5457);
#5457 = CARTESIAN_POINT('',(39.020815280171,30.,2.5));
#5458 = SURFACE_CURVE('',#5459,(#5464,#5471),.PCURVE_S1.);
#5459 = CIRCLE('',#5460,3.);
#5460 = AXIS2_PLACEMENT_3D('',#5461,#5462,#5463);
#5461 = CARTESIAN_POINT('',(39.020815280171,27.,2.5));
#5462 = DIRECTION('',(0.,-0.,1.));
#5463 = DIRECTION('',(0.,1.,0.));
#5464 = PCURVE('',#777,#5465);
#5465 = DEFINITIONAL_REPRESENTATION('',(#5466),#5470);
#5466 = LINE('',#5467,#5468);
#5467 = CARTESIAN_POINT('',(-2.6645352591E-15,0.));
#5468 = VECTOR('',#5469,1.);
#5469 = DIRECTION('',(-1.,0.));
#5470 = ( GEOMETRIC_REPRESENTATION_CONTEXT(2) 
PARAMETRIC_REPRESENTATION_CONTEXT() REPRESENTATION_CONTEXT('2D SPACE',''
  ) );
#5471 = PCURVE('',#2953,#5472);
#5472 = DEFINITIONAL_REPRESENTATION('',(#5473),#5477);
#5473 = CIRCLE('',#5474,3.);
#5474 = AXIS2_PLACEMENT_2D('',#5475,#5476);
#5475 = CARTESIAN_POINT('',(76.520815280171,64.5));
#5476 = DIRECTION('',(0.,1.));
#5477 = ( GEOMETRIC_REPRESENTATION_CONTEXT(2) 
PARAMETRIC_REPRESENTATION_CONTEXT() REPRESENTATION_CONTEXT('2D SPACE',''
  ) );
#5478 = ORIENTED_EDGE('',*,*,#5377,.T.);
#5479 = ORIENTED_EDGE('',*,*,#760,.F.);
#5480 = ORIENTED_EDGE('',*,*,#5481,.F.);
#5481 = EDGE_CURVE('',#5456,#761,#5482,.T.);
#5482 = SURFACE_CURVE('',#5483,(#5487,#5494),.PCURVE_S1.);
#5483 = LINE('',#5484,#5485);
#5484 = CARTESIAN_POINT('',(39.020815280171,30.,2.5));
#5485 = VECTOR('',#5486,1.);
#5486 = DIRECTION('',(0.,0.,-1.));
#5487 = PCURVE('',#777,#5488);
#5488 = DEFINITIONAL_REPRESENTATION('',(#5489),#5493);
#5489 = LINE('',#5490,#5491);
#5490 = CARTESIAN_POINT('',(-0.,0.));
#5491 = VECTOR('',#5492,1.);
#5492 = DIRECTION('',(-0.,1.));
#5493 = ( GEOMETRIC_REPRESENTATION_CONTEXT(2) 
PARAMETRIC_REPRESENTATION_CONTEXT() REPRESENTATION_CONTEXT('2D SPACE',''
  ) );
#5494 = PCURVE('',#805,#5495);
#5495 = DEFINITIONAL_REPRESENTATION('',(#5496),#5500);
#5496 = LINE('',#5497,#5498);
#5497 = CARTESIAN_POINT('',(9.020815280171,-2.5));
#5498 = VECTOR('',#5499,1.);
#5499 = DIRECTION('',(0.,1.));
#5500 = ( GEOMETRIC_REPRESENTATION_CONTEXT(2) 
PARAMETRIC_REPRESENTATION_CONTEXT() REPRESENTATION_CONTEXT('2D SPACE',''
  ) );
#5501 = ADVANCED_FACE('',(#5502),#927,.F.);
#5502 = FACE_BOUND('',#5503,.F.);
#5503 = EDGE_LOOP('',(#5504,#5505,#5528,#5549));
#5504 = ORIENTED_EDGE('',*,*,#911,.F.);
#5505 = ORIENTED_EDGE('',*,*,#5506,.T.);
#5506 = EDGE_CURVE('',#879,#5507,#5509,.T.);
#5507 = VERTEX_POINT('',#5508);
#5508 = CARTESIAN_POINT('',(42.,45.,2.5));
#5509 = SURFACE_CURVE('',#5510,(#5514,#5521),.PCURVE_S1.);
#5510 = LINE('',#5511,#5512);
#5511 = CARTESIAN_POINT('',(42.,45.,0.));
#5512 = VECTOR('',#5513,1.);
#5513 = DIRECTION('',(0.,0.,1.));
#5514 = PCURVE('',#927,#5515);
#5515 = DEFINITIONAL_REPRESENTATION('',(#5516),#5520);
#5516 = LINE('',#5517,#5518);
#5517 = CARTESIAN_POINT('',(3.,0.));
#5518 = VECTOR('',#5519,1.);
#5519 = DIRECTION('',(0.,-1.));
#5520 = ( GEOMETRIC_REPRESENTATION_CONTEXT(2) 
PARAMETRIC_REPRESENTATION_CONTEXT() REPRESENTATION_CONTEXT('2D SPACE',''
  ) );
#5521 = PCURVE('',#899,#5522);
#5522 = DEFINITIONAL_REPRESENTATION('',(#5523),#5527);
#5523 = LINE('',#5524,#5525);
#5524 = CARTESIAN_POINT('',(-0.,0.));
#5525 = VECTOR('',#5526,1.);
#5526 = DIRECTION('',(-0.,1.));
#5527 = ( GEOMETRIC_REPRESENTATION_CONTEXT(2) 
PARAMETRIC_REPRESENTATION_CONTEXT() REPRESENTATION_CONTEXT('2D SPACE',''
  ) );
#5528 = ORIENTED_EDGE('',*,*,#5529,.T.);
#5529 = EDGE_CURVE('',#5507,#5403,#5530,.T.);
#5530 = SURFACE_CURVE('',#5531,(#5535,#5542),.PCURVE_S1.);
#5531 = LINE('',#5532,#5533);
#5532 = CARTESIAN_POINT('',(45.,45.,2.5));
#5533 = VECTOR('',#5534,1.);
#5534 = DIRECTION('',(-1.,0.,0.));
#5535 = PCURVE('',#927,#5536);
#5536 = DEFINITIONAL_REPRESENTATION('',(#5537),#5541);
#5537 = LINE('',#5538,#5539);
#5538 = CARTESIAN_POINT('',(0.,-2.5));
#5539 = VECTOR('',#5540,1.);
#5540 = DIRECTION('',(1.,0.));
#5541 = ( GEOMETRIC_REPRESENTATION_CONTEXT(2) 
PARAMETRIC_REPRESENTATION_CONTEXT() REPRESENTATION_CONTEXT('2D SPACE',''
  ) );
#5542 = PCURVE('',#2953,#5543);
#5543 = DEFINITIONAL_REPRESENTATION('',(#5544),#5548);
#5544 = LINE('',#5545,#5546);
#5545 = CARTESIAN_POINT('',(82.5,82.5));
#5546 = VECTOR('',#5547,1.);
#5547 = DIRECTION('',(-1.,0.));
#5548 = ( GEOMETRIC_REPRESENTATION_CONTEXT(2) 
PARAMETRIC_REPRESENTATION_CONTEXT() REPRESENTATION_CONTEXT('2D SPACE',''
  ) );
#5549 = ORIENTED_EDGE('',*,*,#5402,.F.);
#5550 = ADVANCED_FACE('',(#5551),#805,.F.);
#5551 = FACE_BOUND('',#5552,.F.);
#5552 = EDGE_LOOP('',(#5553,#5554,#5555,#5578));
#5553 = ORIENTED_EDGE('',*,*,#789,.F.);
#5554 = ORIENTED_EDGE('',*,*,#5481,.F.);
#5555 = ORIENTED_EDGE('',*,*,#5556,.T.);
#5556 = EDGE_CURVE('',#5456,#5557,#5559,.T.);
#5557 = VERTEX_POINT('',#5558);
#5558 = CARTESIAN_POINT('',(42.,30.,2.5));
#5559 = SURFACE_CURVE('',#5560,(#5564,#5571),.PCURVE_S1.);
#5560 = LINE('',#5561,#5562);
#5561 = CARTESIAN_POINT('',(30.,30.,2.5));
#5562 = VECTOR('',#5563,1.);
#5563 = DIRECTION('',(1.,0.,0.));
#5564 = PCURVE('',#805,#5565);
#5565 = DEFINITIONAL_REPRESENTATION('',(#5566),#5570);
#5566 = LINE('',#5567,#5568);
#5567 = CARTESIAN_POINT('',(0.,-2.5));
#5568 = VECTOR('',#5569,1.);
#5569 = DIRECTION('',(1.,0.));
#5570 = ( GEOMETRIC_REPRESENTATION_CONTEXT(2) 
PARAMETRIC_REPRESENTATION_CONTEXT() REPRESENTATION_CONTEXT('2D SPACE',''
  ) );
#5571 = PCURVE('',#2953,#5572);
#5572 = DEFINITIONAL_REPRESENTATION('',(#5573),#5577);
#5573 = LINE('',#5574,#5575);
#5574 = CARTESIAN_POINT('',(67.5,67.5));
#5575 = VECTOR('',#5576,1.);
#5576 = DIRECTION('',(1.,0.));
#5577 = ( GEOMETRIC_REPRESENTATION_CONTEXT(2) 
PARAMETRIC_REPRESENTATION_CONTEXT() REPRESENTATION_CONTEXT('2D SPACE',''
  ) );
#5578 = ORIENTED_EDGE('',*,*,#5579,.F.);
#5579 = EDGE_CURVE('',#790,#5557,#5580,.T.);
#5580 = SURFACE_CURVE('',#5581,(#5585,#5592),.PCURVE_S1.);
#5581 = LINE('',#5582,#5583);
#5582 = CARTESIAN_POINT('',(42.,30.,0.));
#5583 = VECTOR('',#5584,1.);
#5584 = DIRECTION('',(0.,0.,1.));
#5585 = PCURVE('',#805,#5586);
#5586 = DEFINITIONAL_REPRESENTATION('',(#5587),#5591);
#5587 = LINE('',#5588,#5589);
#5588 = CARTESIAN_POINT('',(12.,0.));
#5589 = VECTOR('',#5590,1.);
#5590 = DIRECTION('',(0.,-1.));
#5591 = ( GEOMETRIC_REPRESENTATION_CONTEXT(2) 
PARAMETRIC_REPRESENTATION_CONTEXT() REPRESENTATION_CONTEXT('2D SPACE',''
  ) );
#5592 = PCURVE('',#838,#5593);
#5593 = DEFINITIONAL_REPRESENTATION('',(#5594),#5598);
#5594 = LINE('',#5595,#5596);
#5595 = CARTESIAN_POINT('',(-1.570796326795,0.));
#5596 = VECTOR('',#5597,1.);
#5597 = DIRECTION('',(-0.,1.));
#5598 = ( GEOMETRIC_REPRESENTATION_CONTEXT(2) 
PARAMETRIC_REPRESENTATION_CONTEXT() REPRESENTATION_CONTEXT('2D SPACE',''
  ) );
#5599 = ADVANCED_FACE('',(#5600),#899,.T.);
#5600 = FACE_BOUND('',#5601,.F.);
#5601 = EDGE_LOOP('',(#5602,#5603,#5626,#5652));
#5602 = ORIENTED_EDGE('',*,*,#878,.T.);
#5603 = ORIENTED_EDGE('',*,*,#5604,.T.);
#5604 = EDGE_CURVE('',#851,#5605,#5607,.T.);
#5605 = VERTEX_POINT('',#5606);
#5606 = CARTESIAN_POINT('',(45.,42.,2.5));
#5607 = SURFACE_CURVE('',#5608,(#5612,#5619),.PCURVE_S1.);
#5608 = LINE('',#5609,#5610);
#5609 = CARTESIAN_POINT('',(45.,42.,0.));
#5610 = VECTOR('',#5611,1.);
#5611 = DIRECTION('',(0.,0.,1.));
#5612 = PCURVE('',#899,#5613);
#5613 = DEFINITIONAL_REPRESENTATION('',(#5614),#5618);
#5614 = LINE('',#5615,#5616);
#5615 = CARTESIAN_POINT('',(-1.570796326795,0.));
#5616 = VECTOR('',#5617,1.);
#5617 = DIRECTION('',(-0.,1.));
#5618 = ( GEOMETRIC_REPRESENTATION_CONTEXT(2) 
PARAMETRIC_REPRESENTATION_CONTEXT() REPRESENTATION_CONTEXT('2D SPACE',''
  ) );
#5619 = PCURVE('',#866,#5620);
#5620 = DEFINITIONAL_REPRESENTATION('',(#5621),#5625);
#5621 = LINE('',#5622,#5623);
#5622 = CARTESIAN_POINT('',(12.,0.));
#5623 = VECTOR('',#5624,1.);
#5624 = DIRECTION('',(0.,-1.));
#5625 = ( GEOMETRIC_REPRESENTATION_CONTEXT(2) 
PARAMETRIC_REPRESENTATION_CONTEXT() REPRESENTATION_CONTEXT('2D SPACE',''
  ) );
#5626 = ORIENTED_EDGE('',*,*,#5627,.F.);
#5627 = EDGE_CURVE('',#5507,#5605,#5628,.T.);
#5628 = SURFACE_CURVE('',#5629,(#5634,#5641),.PCURVE_S1.);
#5629 = CIRCLE('',#5630,3.);
#5630 = AXIS2_PLACEMENT_3D('',#5631,#5632,#5633);
#5631 = CARTESIAN_POINT('',(42.,42.,2.5));
#5632 = DIRECTION('',(-0.,-0.,-1.));
#5633 = DIRECTION('',(0.,-1.,0.));
#5634 = PCURVE('',#899,#5635);
#5635 = DEFINITIONAL_REPRESENTATION('',(#5636),#5640);
#5636 = LINE('',#5637,#5638);
#5637 = CARTESIAN_POINT('',(3.14159265359,2.5));
#5638 = VECTOR('',#5639,1.);
#5639 = DIRECTION('',(-1.,0.));
#5640 = ( GEOMETRIC_REPRESENTATION_CONTEXT(2) 
PARAMETRIC_REPRESENTATION_CONTEXT() REPRESENTATION_CONTEXT('2D SPACE',''
  ) );
#5641 = PCURVE('',#2953,#5642);
#5642 = DEFINITIONAL_REPRESENTATION('',(#5643),#5651);
#5643 = ( BOUNDED_CURVE() B_SPLINE_CURVE(2,(#5644,#5645,#5646,#5647,
#5648,#5649,#5650),.UNSPECIFIED.,.T.,.F.) B_SPLINE_CURVE_WITH_KNOTS((1,2
    ,2,2,2,1),(-2.094395102393,0.,2.094395102393,4.188790204786,
6.28318530718,8.377580409573),.UNSPECIFIED.) CURVE() 
GEOMETRIC_REPRESENTATION_ITEM() RATIONAL_B_SPLINE_CURVE((1.,0.5,1.,0.5,
1.,0.5,1.)) REPRESENTATION_ITEM('') );
#5644 = CARTESIAN_POINT('',(79.5,76.5));
#5645 = CARTESIAN_POINT('',(74.303847577293,76.5));
#5646 = CARTESIAN_POINT('',(76.901923788647,81.));
#5647 = CARTESIAN_POINT('',(79.5,85.5));
#5648 = CARTESIAN_POINT('',(82.098076211353,81.));
#5649 = CARTESIAN_POINT('',(84.696152422707,76.5));
#5650 = CARTESIAN_POINT('',(79.5,76.5));
#5651 = ( GEOMETRIC_REPRESENTATION_CONTEXT(2) 
PARAMETRIC_REPRESENTATION_CONTEXT() REPRESENTATION_CONTEXT('2D SPACE',''
  ) );
#5652 = ORIENTED_EDGE('',*,*,#5506,.F.);
#5653 = ADVANCED_FACE('',(#5654),#838,.T.);
#5654 = FACE_BOUND('',#5655,.F.);
#5655 = EDGE_LOOP('',(#5656,#5657,#5658,#5686));
#5656 = ORIENTED_EDGE('',*,*,#817,.T.);
#5657 = ORIENTED_EDGE('',*,*,#5579,.T.);
#5658 = ORIENTED_EDGE('',*,*,#5659,.F.);
#5659 = EDGE_CURVE('',#5660,#5557,#5662,.T.);
#5660 = VERTEX_POINT('',#5661);
#5661 = CARTESIAN_POINT('',(45.,33.,2.5));
#5662 = SURFACE_CURVE('',#5663,(#5668,#5675),.PCURVE_S1.);
#5663 = CIRCLE('',#5664,3.);
#5664 = AXIS2_PLACEMENT_3D('',#5665,#5666,#5667);
#5665 = CARTESIAN_POINT('',(42.,33.,2.5));
#5666 = DIRECTION('',(-0.,-0.,-1.));
#5667 = DIRECTION('',(0.,-1.,0.));
#5668 = PCURVE('',#838,#5669);
#5669 = DEFINITIONAL_REPRESENTATION('',(#5670),#5674);
#5670 = LINE('',#5671,#5672);
#5671 = CARTESIAN_POINT('',(4.712388980385,2.5));
#5672 = VECTOR('',#5673,1.);
#5673 = DIRECTION('',(-1.,0.));
#5674 = ( GEOMETRIC_REPRESENTATION_CONTEXT(2) 
PARAMETRIC_REPRESENTATION_CONTEXT() REPRESENTATION_CONTEXT('2D SPACE',''
  ) );
#5675 = PCURVE('',#2953,#5676);
#5676 = DEFINITIONAL_REPRESENTATION('',(#5677),#5685);
#5677 = ( BOUNDED_CURVE() B_SPLINE_CURVE(2,(#5678,#5679,#5680,#5681,
#5682,#5683,#5684),.UNSPECIFIED.,.T.,.F.) B_SPLINE_CURVE_WITH_KNOTS((1,2
    ,2,2,2,1),(-2.094395102393,0.,2.094395102393,4.188790204786,
6.28318530718,8.377580409573),.UNSPECIFIED.) CURVE() 
GEOMETRIC_REPRESENTATION_ITEM() RATIONAL_B_SPLINE_CURVE((1.,0.5,1.,0.5,
1.,0.5,1.)) REPRESENTATION_ITEM('') );
#5678 = CARTESIAN_POINT('',(79.5,67.5));
#5679 = CARTESIAN_POINT('',(74.303847577293,67.5));
#5680 = CARTESIAN_POINT('',(76.901923788647,72.));
#5681 = CARTESIAN_POINT('',(79.5,76.5));
#5682 = CARTESIAN_POINT('',(82.098076211353,72.));
#5683 = CARTESIAN_POINT('',(84.696152422707,67.5));
#5684 = CARTESIAN_POINT('',(79.5,67.5));
#5685 = ( GEOMETRIC_REPRESENTATION_CONTEXT(2) 
PARAMETRIC_REPRESENTATION_CONTEXT() REPRESENTATION_CONTEXT('2D SPACE',''
  ) );
#5686 = ORIENTED_EDGE('',*,*,#5687,.F.);
#5687 = EDGE_CURVE('',#818,#5660,#5688,.T.);
#5688 = SURFACE_CURVE('',#5689,(#5693,#5700),.PCURVE_S1.);
#5689 = LINE('',#5690,#5691);
#5690 = CARTESIAN_POINT('',(45.,33.,0.));
#5691 = VECTOR('',#5692,1.);
#5692 = DIRECTION('',(0.,0.,1.));
#5693 = PCURVE('',#838,#5694);
#5694 = DEFINITIONAL_REPRESENTATION('',(#5695),#5699);
#5695 = LINE('',#5696,#5697);
#5696 = CARTESIAN_POINT('',(-0.,0.));
#5697 = VECTOR('',#5698,1.);
#5698 = DIRECTION('',(-0.,1.));
#5699 = ( GEOMETRIC_REPRESENTATION_CONTEXT(2) 
PARAMETRIC_REPRESENTATION_CONTEXT() REPRESENTATION_CONTEXT('2D SPACE',''
  ) );
#5700 = PCURVE('',#866,#5701);
#5701 = DEFINITIONAL_REPRESENTATION('',(#5702),#5706);
#5702 = LINE('',#5703,#5704);
#5703 = CARTESIAN_POINT('',(3.,0.));
#5704 = VECTOR('',#5705,1.);
#5705 = DIRECTION('',(0.,-1.));
#5706 = ( GEOMETRIC_REPRESENTATION_CONTEXT(2) 
PARAMETRIC_REPRESENTATION_CONTEXT() REPRESENTATION_CONTEXT('2D SPACE',''
  ) );
#5707 = ADVANCED_FACE('',(#5708),#866,.F.);
#5708 = FACE_BOUND('',#5709,.F.);
#5709 = EDGE_LOOP('',(#5710,#5711,#5712,#5733));
#5710 = ORIENTED_EDGE('',*,*,#850,.F.);
#5711 = ORIENTED_EDGE('',*,*,#5687,.T.);
#5712 = ORIENTED_EDGE('',*,*,#5713,.T.);
#5713 = EDGE_CURVE('',#5660,#5605,#5714,.T.);
#5714 = SURFACE_CURVE('',#5715,(#5719,#5726),.PCURVE_S1.);
#5715 = LINE('',#5716,#5717);
#5716 = CARTESIAN_POINT('',(45.,30.,2.5));
#5717 = VECTOR('',#5718,1.);
#5718 = DIRECTION('',(0.,1.,0.));
#5719 = PCURVE('',#866,#5720);
#5720 = DEFINITIONAL_REPRESENTATION('',(#5721),#5725);
#5721 = LINE('',#5722,#5723);
#5722 = CARTESIAN_POINT('',(0.,-2.5));
#5723 = VECTOR('',#5724,1.);
#5724 = DIRECTION('',(1.,0.));
#5725 = ( GEOMETRIC_REPRESENTATION_CONTEXT(2) 
PARAMETRIC_REPRESENTATION_CONTEXT() REPRESENTATION_CONTEXT('2D SPACE',''
  ) );
#5726 = PCURVE('',#2953,#5727);
#5727 = DEFINITIONAL_REPRESENTATION('',(#5728),#5732);
#5728 = LINE('',#5729,#5730);
#5729 = CARTESIAN_POINT('',(82.5,67.5));
#5730 = VECTOR('',#5731,1.);
#5731 = DIRECTION('',(0.,1.));
#5732 = ( GEOMETRIC_REPRESENTATION_CONTEXT(2) 
PARAMETRIC_REPRESENTATION_CONTEXT() REPRESENTATION_CONTEXT('2D SPACE',''
  ) );
#5733 = ORIENTED_EDGE('',*,*,#5604,.F.);
#5734 = ADVANCED_FACE('',(#5735),#1689,.F.);
#5735 = FACE_BOUND('',#5736,.F.);
#5736 = EDGE_LOOP('',(#5737,#5760,#5761,#5762));
#5737 = ORIENTED_EDGE('',*,*,#5738,.T.);
#5738 = EDGE_CURVE('',#5739,#1673,#5741,.T.);
#5739 = VERTEX_POINT('',#5740);
#5740 = CARTESIAN_POINT('',(-40.9,-42.,2.5));
#5741 = SEAM_CURVE('',#5742,(#5746,#5753),.PCURVE_S1.);
#5742 = LINE('',#5743,#5744);
#5743 = CARTESIAN_POINT('',(-40.9,-42.,2.5));
#5744 = VECTOR('',#5745,1.);
#5745 = DIRECTION('',(-0.,-0.,-1.));
#5746 = PCURVE('',#1689,#5747);
#5747 = DEFINITIONAL_REPRESENTATION('',(#5748),#5752);
#5748 = LINE('',#5749,#5750);
#5749 = CARTESIAN_POINT('',(0.,0.));
#5750 = VECTOR('',#5751,1.);
#5751 = DIRECTION('',(0.,-1.));
#5752 = ( GEOMETRIC_REPRESENTATION_CONTEXT(2) 
PARAMETRIC_REPRESENTATION_CONTEXT() REPRESENTATION_CONTEXT('2D SPACE',''
  ) );
#5753 = PCURVE('',#1689,#5754);
#5754 = DEFINITIONAL_REPRESENTATION('',(#5755),#5759);
#5755 = LINE('',#5756,#5757);
#5756 = CARTESIAN_POINT('',(6.28318530718,0.));
#5757 = VECTOR('',#5758,1.);
#5758 = DIRECTION('',(0.,-1.));
#5759 = ( GEOMETRIC_REPRESENTATION_CONTEXT(2) 
PARAMETRIC_REPRESENTATION_CONTEXT() REPRESENTATION_CONTEXT('2D SPACE',''
  ) );
#5760 = ORIENTED_EDGE('',*,*,#1672,.T.);
#5761 = ORIENTED_EDGE('',*,*,#5738,.F.);
#5762 = ORIENTED_EDGE('',*,*,#5763,.F.);
#5763 = EDGE_CURVE('',#5739,#5739,#5764,.T.);
#5764 = SURFACE_CURVE('',#5765,(#5770,#5777),.PCURVE_S1.);
#5765 = CIRCLE('',#5766,1.1);
#5766 = AXIS2_PLACEMENT_3D('',#5767,#5768,#5769);
#5767 = CARTESIAN_POINT('',(-42.,-42.,2.5));
#5768 = DIRECTION('',(0.,0.,1.));
#5769 = DIRECTION('',(1.,0.,0.));
#5770 = PCURVE('',#1689,#5771);
#5771 = DEFINITIONAL_REPRESENTATION('',(#5772),#5776);
#5772 = LINE('',#5773,#5774);
#5773 = CARTESIAN_POINT('',(0.,0.));
#5774 = VECTOR('',#5775,1.);
#5775 = DIRECTION('',(1.,0.));
#5776 = ( GEOMETRIC_REPRESENTATION_CONTEXT(2) 
PARAMETRIC_REPRESENTATION_CONTEXT() REPRESENTATION_CONTEXT('2D SPACE',''
  ) );
#5777 = PCURVE('',#2953,#5778);
#5778 = DEFINITIONAL_REPRESENTATION('',(#5779),#5783);
#5779 = CIRCLE('',#5780,1.1);
#5780 = AXIS2_PLACEMENT_2D('',#5781,#5782);
#5781 = CARTESIAN_POINT('',(-4.5,-4.5));
#5782 = DIRECTION('',(1.,0.));
#5783 = ( GEOMETRIC_REPRESENTATION_CONTEXT(2) 
PARAMETRIC_REPRESENTATION_CONTEXT() REPRESENTATION_CONTEXT('2D SPACE',''
  ) );
#5784 = ADVANCED_FACE('',(#5785),#1720,.F.);
#5785 = FACE_BOUND('',#5786,.F.);
#5786 = EDGE_LOOP('',(#5787,#5810,#5811,#5812));
#5787 = ORIENTED_EDGE('',*,*,#5788,.T.);
#5788 = EDGE_CURVE('',#5789,#1704,#5791,.T.);
#5789 = VERTEX_POINT('',#5790);
#5790 = CARTESIAN_POINT('',(-31.9,-42.,2.5));
#5791 = SEAM_CURVE('',#5792,(#5796,#5803),.PCURVE_S1.);
#5792 = LINE('',#5793,#5794);
#5793 = CARTESIAN_POINT('',(-31.9,-42.,2.5));
#5794 = VECTOR('',#5795,1.);
#5795 = DIRECTION('',(-0.,-0.,-1.));
#5796 = PCURVE('',#1720,#5797);
#5797 = DEFINITIONAL_REPRESENTATION('',(#5798),#5802);
#5798 = LINE('',#5799,#5800);
#5799 = CARTESIAN_POINT('',(0.,0.));
#5800 = VECTOR('',#5801,1.);
#5801 = DIRECTION('',(0.,-1.));
#5802 = ( GEOMETRIC_REPRESENTATION_CONTEXT(2) 
PARAMETRIC_REPRESENTATION_CONTEXT() REPRESENTATION_CONTEXT('2D SPACE',''
  ) );
#5803 = PCURVE('',#1720,#5804);
#5804 = DEFINITIONAL_REPRESENTATION('',(#5805),#5809);
#5805 = LINE('',#5806,#5807);
#5806 = CARTESIAN_POINT('',(6.28318530718,0.));
#5807 = VECTOR('',#5808,1.);
#5808 = DIRECTION('',(0.,-1.));
#5809 = ( GEOMETRIC_REPRESENTATION_CONTEXT(2) 
PARAMETRIC_REPRESENTATION_CONTEXT() REPRESENTATION_CONTEXT('2D SPACE',''
  ) );
#5810 = ORIENTED_EDGE('',*,*,#1703,.T.);
#5811 = ORIENTED_EDGE('',*,*,#5788,.F.);
#5812 = ORIENTED_EDGE('',*,*,#5813,.F.);
#5813 = EDGE_CURVE('',#5789,#5789,#5814,.T.);
#5814 = SURFACE_CURVE('',#5815,(#5820,#5827),.PCURVE_S1.);
#5815 = CIRCLE('',#5816,1.1);
#5816 = AXIS2_PLACEMENT_3D('',#5817,#5818,#5819);
#5817 = CARTESIAN_POINT('',(-33.,-42.,2.5));
#5818 = DIRECTION('',(0.,0.,1.));
#5819 = DIRECTION('',(1.,0.,0.));
#5820 = PCURVE('',#1720,#5821);
#5821 = DEFINITIONAL_REPRESENTATION('',(#5822),#5826);
#5822 = LINE('',#5823,#5824);
#5823 = CARTESIAN_POINT('',(0.,0.));
#5824 = VECTOR('',#5825,1.);
#5825 = DIRECTION('',(1.,0.));
#5826 = ( GEOMETRIC_REPRESENTATION_CONTEXT(2) 
PARAMETRIC_REPRESENTATION_CONTEXT() REPRESENTATION_CONTEXT('2D SPACE',''
  ) );
#5827 = PCURVE('',#2953,#5828);
#5828 = DEFINITIONAL_REPRESENTATION('',(#5829),#5833);
#5829 = CIRCLE('',#5830,1.1);
#5830 = AXIS2_PLACEMENT_2D('',#5831,#5832);
#5831 = CARTESIAN_POINT('',(4.5,-4.5));
#5832 = DIRECTION('',(1.,0.));
#5833 = ( GEOMETRIC_REPRESENTATION_CONTEXT(2) 
PARAMETRIC_REPRESENTATION_CONTEXT() REPRESENTATION_CONTEXT('2D SPACE',''
  ) );
#5834 = ADVANCED_FACE('',(#5835),#1751,.F.);
#5835 = FACE_BOUND('',#5836,.F.);
#5836 = EDGE_LOOP('',(#5837,#5860,#5861,#5862));
#5837 = ORIENTED_EDGE('',*,*,#5838,.T.);
#5838 = EDGE_CURVE('',#5839,#1735,#5841,.T.);
#5839 = VERTEX_POINT('',#5840);
#5840 = CARTESIAN_POINT('',(-40.9,-33.,2.5));
#5841 = SEAM_CURVE('',#5842,(#5846,#5853),.PCURVE_S1.);
#5842 = LINE('',#5843,#5844);
#5843 = CARTESIAN_POINT('',(-40.9,-33.,2.5));
#5844 = VECTOR('',#5845,1.);
#5845 = DIRECTION('',(-0.,-0.,-1.));
#5846 = PCURVE('',#1751,#5847);
#5847 = DEFINITIONAL_REPRESENTATION('',(#5848),#5852);
#5848 = LINE('',#5849,#5850);
#5849 = CARTESIAN_POINT('',(0.,0.));
#5850 = VECTOR('',#5851,1.);
#5851 = DIRECTION('',(0.,-1.));
#5852 = ( GEOMETRIC_REPRESENTATION_CONTEXT(2) 
PARAMETRIC_REPRESENTATION_CONTEXT() REPRESENTATION_CONTEXT('2D SPACE',''
  ) );
#5853 = PCURVE('',#1751,#5854);
#5854 = DEFINITIONAL_REPRESENTATION('',(#5855),#5859);
#5855 = LINE('',#5856,#5857);
#5856 = CARTESIAN_POINT('',(6.28318530718,0.));
#5857 = VECTOR('',#5858,1.);
#5858 = DIRECTION('',(0.,-1.));
#5859 = ( GEOMETRIC_REPRESENTATION_CONTEXT(2) 
PARAMETRIC_REPRESENTATION_CONTEXT() REPRESENTATION_CONTEXT('2D SPACE',''
  ) );
#5860 = ORIENTED_EDGE('',*,*,#1734,.T.);
#5861 = ORIENTED_EDGE('',*,*,#5838,.F.);
#5862 = ORIENTED_EDGE('',*,*,#5863,.F.);
#5863 = EDGE_CURVE('',#5839,#5839,#5864,.T.);
#5864 = SURFACE_CURVE('',#5865,(#5870,#5877),.PCURVE_S1.);
#5865 = CIRCLE('',#5866,1.1);
#5866 = AXIS2_PLACEMENT_3D('',#5867,#5868,#5869);
#5867 = CARTESIAN_POINT('',(-42.,-33.,2.5));
#5868 = DIRECTION('',(0.,0.,1.));
#5869 = DIRECTION('',(1.,0.,0.));
#5870 = PCURVE('',#1751,#5871);
#5871 = DEFINITIONAL_REPRESENTATION('',(#5872),#5876);
#5872 = LINE('',#5873,#5874);
#5873 = CARTESIAN_POINT('',(0.,0.));
#5874 = VECTOR('',#5875,1.);
#5875 = DIRECTION('',(1.,0.));
#5876 = ( GEOMETRIC_REPRESENTATION_CONTEXT(2) 
PARAMETRIC_REPRESENTATION_CONTEXT() REPRESENTATION_CONTEXT('2D SPACE',''
  ) );
#5877 = PCURVE('',#2953,#5878);
#5878 = DEFINITIONAL_REPRESENTATION('',(#5879),#5883);
#5879 = CIRCLE('',#5880,1.1);
#5880 = AXIS2_PLACEMENT_2D('',#5881,#5882);
#5881 = CARTESIAN_POINT('',(-4.5,4.5));
#5882 = DIRECTION('',(1.,0.));
#5883 = ( GEOMETRIC_REPRESENTATION_CONTEXT(2) 
PARAMETRIC_REPRESENTATION_CONTEXT() REPRESENTATION_CONTEXT('2D SPACE',''
  ) );
#5884 = ADVANCED_FACE('',(#5885),#1782,.F.);
#5885 = FACE_BOUND('',#5886,.F.);
#5886 = EDGE_LOOP('',(#5887,#5910,#5911,#5912));
#5887 = ORIENTED_EDGE('',*,*,#5888,.T.);
#5888 = EDGE_CURVE('',#5889,#1766,#5891,.T.);
#5889 = VERTEX_POINT('',#5890);
#5890 = CARTESIAN_POINT('',(-35.,-37.5,2.5));
#5891 = SEAM_CURVE('',#5892,(#5896,#5903),.PCURVE_S1.);
#5892 = LINE('',#5893,#5894);
#5893 = CARTESIAN_POINT('',(-35.,-37.5,2.5));
#5894 = VECTOR('',#5895,1.);
#5895 = DIRECTION('',(-0.,-0.,-1.));
#5896 = PCURVE('',#1782,#5897);
#5897 = DEFINITIONAL_REPRESENTATION('',(#5898),#5902);
#5898 = LINE('',#5899,#5900);
#5899 = CARTESIAN_POINT('',(0.,0.));
#5900 = VECTOR('',#5901,1.);
#5901 = DIRECTION('',(0.,-1.));
#5902 = ( GEOMETRIC_REPRESENTATION_CONTEXT(2) 
PARAMETRIC_REPRESENTATION_CONTEXT() REPRESENTATION_CONTEXT('2D SPACE',''
  ) );
#5903 = PCURVE('',#1782,#5904);
#5904 = DEFINITIONAL_REPRESENTATION('',(#5905),#5909);
#5905 = LINE('',#5906,#5907);
#5906 = CARTESIAN_POINT('',(6.28318530718,0.));
#5907 = VECTOR('',#5908,1.);
#5908 = DIRECTION('',(0.,-1.));
#5909 = ( GEOMETRIC_REPRESENTATION_CONTEXT(2) 
PARAMETRIC_REPRESENTATION_CONTEXT() REPRESENTATION_CONTEXT('2D SPACE',''
  ) );
#5910 = ORIENTED_EDGE('',*,*,#1765,.T.);
#5911 = ORIENTED_EDGE('',*,*,#5888,.F.);
#5912 = ORIENTED_EDGE('',*,*,#5913,.F.);
#5913 = EDGE_CURVE('',#5889,#5889,#5914,.T.);
#5914 = SURFACE_CURVE('',#5915,(#5920,#5927),.PCURVE_S1.);
#5915 = CIRCLE('',#5916,2.5);
#5916 = AXIS2_PLACEMENT_3D('',#5917,#5918,#5919);
#5917 = CARTESIAN_POINT('',(-37.5,-37.5,2.5));
#5918 = DIRECTION('',(0.,0.,1.));
#5919 = DIRECTION('',(1.,0.,0.));
#5920 = PCURVE('',#1782,#5921);
#5921 = DEFINITIONAL_REPRESENTATION('',(#5922),#5926);
#5922 = LINE('',#5923,#5924);
#5923 = CARTESIAN_POINT('',(0.,0.));
#5924 = VECTOR('',#5925,1.);
#5925 = DIRECTION('',(1.,0.));
#5926 = ( GEOMETRIC_REPRESENTATION_CONTEXT(2) 
PARAMETRIC_REPRESENTATION_CONTEXT() REPRESENTATION_CONTEXT('2D SPACE',''
  ) );
#5927 = PCURVE('',#2953,#5928);
#5928 = DEFINITIONAL_REPRESENTATION('',(#5929),#5933);
#5929 = CIRCLE('',#5930,2.5);
#5930 = AXIS2_PLACEMENT_2D('',#5931,#5932);
#5931 = CARTESIAN_POINT('',(0.,0.));
#5932 = DIRECTION('',(1.,0.));
#5933 = ( GEOMETRIC_REPRESENTATION_CONTEXT(2) 
PARAMETRIC_REPRESENTATION_CONTEXT() REPRESENTATION_CONTEXT('2D SPACE',''
  ) );
#5934 = ADVANCED_FACE('',(#5935),#1813,.F.);
#5935 = FACE_BOUND('',#5936,.F.);
#5936 = EDGE_LOOP('',(#5937,#5960,#5961,#5962));
#5937 = ORIENTED_EDGE('',*,*,#5938,.T.);
#5938 = EDGE_CURVE('',#5939,#1797,#5941,.T.);
#5939 = VERTEX_POINT('',#5940);
#5940 = CARTESIAN_POINT('',(-31.9,-33.,2.5));
#5941 = SEAM_CURVE('',#5942,(#5946,#5953),.PCURVE_S1.);
#5942 = LINE('',#5943,#5944);
#5943 = CARTESIAN_POINT('',(-31.9,-33.,2.5));
#5944 = VECTOR('',#5945,1.);
#5945 = DIRECTION('',(-0.,-0.,-1.));
#5946 = PCURVE('',#1813,#5947);
#5947 = DEFINITIONAL_REPRESENTATION('',(#5948),#5952);
#5948 = LINE('',#5949,#5950);
#5949 = CARTESIAN_POINT('',(0.,0.));
#5950 = VECTOR('',#5951,1.);
#5951 = DIRECTION('',(0.,-1.));
#5952 = ( GEOMETRIC_REPRESENTATION_CONTEXT(2) 
PARAMETRIC_REPRESENTATION_CONTEXT() REPRESENTATION_CONTEXT('2D SPACE',''
  ) );
#5953 = PCURVE('',#1813,#5954);
#5954 = DEFINITIONAL_REPRESENTATION('',(#5955),#5959);
#5955 = LINE('',#5956,#5957);
#5956 = CARTESIAN_POINT('',(6.28318530718,0.));
#5957 = VECTOR('',#5958,1.);
#5958 = DIRECTION('',(0.,-1.));
#5959 = ( GEOMETRIC_REPRESENTATION_CONTEXT(2) 
PARAMETRIC_REPRESENTATION_CONTEXT() REPRESENTATION_CONTEXT('2D SPACE',''
  ) );
#5960 = ORIENTED_EDGE('',*,*,#1796,.T.);
#5961 = ORIENTED_EDGE('',*,*,#5938,.F.);
#5962 = ORIENTED_EDGE('',*,*,#5963,.F.);
#5963 = EDGE_CURVE('',#5939,#5939,#5964,.T.);
#5964 = SURFACE_CURVE('',#5965,(#5970,#5977),.PCURVE_S1.);
#5965 = CIRCLE('',#5966,1.1);
#5966 = AXIS2_PLACEMENT_3D('',#5967,#5968,#5969);
#5967 = CARTESIAN_POINT('',(-33.,-33.,2.5));
#5968 = DIRECTION('',(0.,0.,1.));
#5969 = DIRECTION('',(1.,0.,0.));
#5970 = PCURVE('',#1813,#5971);
#5971 = DEFINITIONAL_REPRESENTATION('',(#5972),#5976);
#5972 = LINE('',#5973,#5974);
#5973 = CARTESIAN_POINT('',(0.,0.));
#5974 = VECTOR('',#5975,1.);
#5975 = DIRECTION('',(1.,0.));
#5976 = ( GEOMETRIC_REPRESENTATION_CONTEXT(2) 
PARAMETRIC_REPRESENTATION_CONTEXT() REPRESENTATION_CONTEXT('2D SPACE',''
  ) );
#5977 = PCURVE('',#2953,#5978);
#5978 = DEFINITIONAL_REPRESENTATION('',(#5979),#5983);
#5979 = CIRCLE('',#5980,1.1);
#5980 = AXIS2_PLACEMENT_2D('',#5981,#5982);
#5981 = CARTESIAN_POINT('',(4.5,4.5));
#5982 = DIRECTION('',(1.,0.));
#5983 = ( GEOMETRIC_REPRESENTATION_CONTEXT(2) 
PARAMETRIC_REPRESENTATION_CONTEXT() REPRESENTATION_CONTEXT('2D SPACE',''
  ) );
#5984 = ADVANCED_FACE('',(#5985),#1844,.F.);
#5985 = FACE_BOUND('',#5986,.F.);
#5986 = EDGE_LOOP('',(#5987,#6010,#6011,#6012));
#5987 = ORIENTED_EDGE('',*,*,#5988,.T.);
#5988 = EDGE_CURVE('',#5989,#1828,#5991,.T.);
#5989 = VERTEX_POINT('',#5990);
#5990 = CARTESIAN_POINT('',(-8.9,-10.,2.5));
#5991 = SEAM_CURVE('',#5992,(#5996,#6003),.PCURVE_S1.);
#5992 = LINE('',#5993,#5994);
#5993 = CARTESIAN_POINT('',(-8.9,-10.,2.5));
#5994 = VECTOR('',#5995,1.);
#5995 = DIRECTION('',(-0.,-0.,-1.));
#5996 = PCURVE('',#1844,#5997);
#5997 = DEFINITIONAL_REPRESENTATION('',(#5998),#6002);
#5998 = LINE('',#5999,#6000);
#5999 = CARTESIAN_POINT('',(0.,0.));
#6000 = VECTOR('',#6001,1.);
#6001 = DIRECTION('',(0.,-1.));
#6002 = ( GEOMETRIC_REPRESENTATION_CONTEXT(2) 
PARAMETRIC_REPRESENTATION_CONTEXT() REPRESENTATION_CONTEXT('2D SPACE',''
  ) );
#6003 = PCURVE('',#1844,#6004);
#6004 = DEFINITIONAL_REPRESENTATION('',(#6005),#6009);
#6005 = LINE('',#6006,#6007);
#6006 = CARTESIAN_POINT('',(6.28318530718,0.));
#6007 = VECTOR('',#6008,1.);
#6008 = DIRECTION('',(0.,-1.));
#6009 = ( GEOMETRIC_REPRESENTATION_CONTEXT(2) 
PARAMETRIC_REPRESENTATION_CONTEXT() REPRESENTATION_CONTEXT('2D SPACE',''
  ) );
#6010 = ORIENTED_EDGE('',*,*,#1827,.T.);
#6011 = ORIENTED_EDGE('',*,*,#5988,.F.);
#6012 = ORIENTED_EDGE('',*,*,#6013,.F.);
#6013 = EDGE_CURVE('',#5989,#5989,#6014,.T.);
#6014 = SURFACE_CURVE('',#6015,(#6020,#6027),.PCURVE_S1.);
#6015 = CIRCLE('',#6016,1.1);
#6016 = AXIS2_PLACEMENT_3D('',#6017,#6018,#6019);
#6017 = CARTESIAN_POINT('',(-10.,-10.,2.5));
#6018 = DIRECTION('',(0.,0.,1.));
#6019 = DIRECTION('',(1.,0.,0.));
#6020 = PCURVE('',#1844,#6021);
#6021 = DEFINITIONAL_REPRESENTATION('',(#6022),#6026);
#6022 = LINE('',#6023,#6024);
#6023 = CARTESIAN_POINT('',(0.,0.));
#6024 = VECTOR('',#6025,1.);
#6025 = DIRECTION('',(1.,0.));
#6026 = ( GEOMETRIC_REPRESENTATION_CONTEXT(2) 
PARAMETRIC_REPRESENTATION_CONTEXT() REPRESENTATION_CONTEXT('2D SPACE',''
  ) );
#6027 = PCURVE('',#2953,#6028);
#6028 = DEFINITIONAL_REPRESENTATION('',(#6029),#6033);
#6029 = CIRCLE('',#6030,1.1);
#6030 = AXIS2_PLACEMENT_2D('',#6031,#6032);
#6031 = CARTESIAN_POINT('',(27.5,27.5));
#6032 = DIRECTION('',(1.,0.));
#6033 = ( GEOMETRIC_REPRESENTATION_CONTEXT(2) 
PARAMETRIC_REPRESENTATION_CONTEXT() REPRESENTATION_CONTEXT('2D SPACE',''
  ) );
#6034 = ADVANCED_FACE('',(#6035),#1875,.F.);
#6035 = FACE_BOUND('',#6036,.F.);
#6036 = EDGE_LOOP('',(#6037,#6060,#6061,#6062));
#6037 = ORIENTED_EDGE('',*,*,#6038,.T.);
#6038 = EDGE_CURVE('',#6039,#1859,#6041,.T.);
#6039 = VERTEX_POINT('',#6040);
#6040 = CARTESIAN_POINT('',(34.1,-42.,2.5));
#6041 = SEAM_CURVE('',#6042,(#6046,#6053),.PCURVE_S1.);
#6042 = LINE('',#6043,#6044);
#6043 = CARTESIAN_POINT('',(34.1,-42.,2.5));
#6044 = VECTOR('',#6045,1.);
#6045 = DIRECTION('',(-0.,-0.,-1.));
#6046 = PCURVE('',#1875,#6047);
#6047 = DEFINITIONAL_REPRESENTATION('',(#6048),#6052);
#6048 = LINE('',#6049,#6050);
#6049 = CARTESIAN_POINT('',(0.,0.));
#6050 = VECTOR('',#6051,1.);
#6051 = DIRECTION('',(0.,-1.));
#6052 = ( GEOMETRIC_REPRESENTATION_CONTEXT(2) 
PARAMETRIC_REPRESENTATION_CONTEXT() REPRESENTATION_CONTEXT('2D SPACE',''
  ) );
#6053 = PCURVE('',#1875,#6054);
#6054 = DEFINITIONAL_REPRESENTATION('',(#6055),#6059);
#6055 = LINE('',#6056,#6057);
#6056 = CARTESIAN_POINT('',(6.28318530718,0.));
#6057 = VECTOR('',#6058,1.);
#6058 = DIRECTION('',(0.,-1.));
#6059 = ( GEOMETRIC_REPRESENTATION_CONTEXT(2) 
PARAMETRIC_REPRESENTATION_CONTEXT() REPRESENTATION_CONTEXT('2D SPACE',''
  ) );
#6060 = ORIENTED_EDGE('',*,*,#1858,.T.);
#6061 = ORIENTED_EDGE('',*,*,#6038,.F.);
#6062 = ORIENTED_EDGE('',*,*,#6063,.F.);
#6063 = EDGE_CURVE('',#6039,#6039,#6064,.T.);
#6064 = SURFACE_CURVE('',#6065,(#6070,#6077),.PCURVE_S1.);
#6065 = CIRCLE('',#6066,1.1);
#6066 = AXIS2_PLACEMENT_3D('',#6067,#6068,#6069);
#6067 = CARTESIAN_POINT('',(33.,-42.,2.5));
#6068 = DIRECTION('',(0.,0.,1.));
#6069 = DIRECTION('',(1.,0.,0.));
#6070 = PCURVE('',#1875,#6071);
#6071 = DEFINITIONAL_REPRESENTATION('',(#6072),#6076);
#6072 = LINE('',#6073,#6074);
#6073 = CARTESIAN_POINT('',(0.,0.));
#6074 = VECTOR('',#6075,1.);
#6075 = DIRECTION('',(1.,0.));
#6076 = ( GEOMETRIC_REPRESENTATION_CONTEXT(2) 
PARAMETRIC_REPRESENTATION_CONTEXT() REPRESENTATION_CONTEXT('2D SPACE',''
  ) );
#6077 = PCURVE('',#2953,#6078);
#6078 = DEFINITIONAL_REPRESENTATION('',(#6079),#6083);
#6079 = CIRCLE('',#6080,1.1);
#6080 = AXIS2_PLACEMENT_2D('',#6081,#6082);
#6081 = CARTESIAN_POINT('',(70.5,-4.5));
#6082 = DIRECTION('',(1.,0.));
#6083 = ( GEOMETRIC_REPRESENTATION_CONTEXT(2) 
PARAMETRIC_REPRESENTATION_CONTEXT() REPRESENTATION_CONTEXT('2D SPACE',''
  ) );
#6084 = ADVANCED_FACE('',(#6085),#1906,.F.);
#6085 = FACE_BOUND('',#6086,.F.);
#6086 = EDGE_LOOP('',(#6087,#6110,#6111,#6112));
#6087 = ORIENTED_EDGE('',*,*,#6088,.T.);
#6088 = EDGE_CURVE('',#6089,#1890,#6091,.T.);
#6089 = VERTEX_POINT('',#6090);
#6090 = CARTESIAN_POINT('',(43.1,-42.,2.5));
#6091 = SEAM_CURVE('',#6092,(#6096,#6103),.PCURVE_S1.);
#6092 = LINE('',#6093,#6094);
#6093 = CARTESIAN_POINT('',(43.1,-42.,2.5));
#6094 = VECTOR('',#6095,1.);
#6095 = DIRECTION('',(-0.,-0.,-1.));
#6096 = PCURVE('',#1906,#6097);
#6097 = DEFINITIONAL_REPRESENTATION('',(#6098),#6102);
#6098 = LINE('',#6099,#6100);
#6099 = CARTESIAN_POINT('',(0.,0.));
#6100 = VECTOR('',#6101,1.);
#6101 = DIRECTION('',(0.,-1.));
#6102 = ( GEOMETRIC_REPRESENTATION_CONTEXT(2) 
PARAMETRIC_REPRESENTATION_CONTEXT() REPRESENTATION_CONTEXT('2D SPACE',''
  ) );
#6103 = PCURVE('',#1906,#6104);
#6104 = DEFINITIONAL_REPRESENTATION('',(#6105),#6109);
#6105 = LINE('',#6106,#6107);
#6106 = CARTESIAN_POINT('',(6.28318530718,0.));
#6107 = VECTOR('',#6108,1.);
#6108 = DIRECTION('',(0.,-1.));
#6109 = ( GEOMETRIC_REPRESENTATION_CONTEXT(2) 
PARAMETRIC_REPRESENTATION_CONTEXT() REPRESENTATION_CONTEXT('2D SPACE',''
  ) );
#6110 = ORIENTED_EDGE('',*,*,#1889,.T.);
#6111 = ORIENTED_EDGE('',*,*,#6088,.F.);
#6112 = ORIENTED_EDGE('',*,*,#6113,.F.);
#6113 = EDGE_CURVE('',#6089,#6089,#6114,.T.);
#6114 = SURFACE_CURVE('',#6115,(#6120,#6127),.PCURVE_S1.);
#6115 = CIRCLE('',#6116,1.1);
#6116 = AXIS2_PLACEMENT_3D('',#6117,#6118,#6119);
#6117 = CARTESIAN_POINT('',(42.,-42.,2.5));
#6118 = DIRECTION('',(0.,0.,1.));
#6119 = DIRECTION('',(1.,0.,0.));
#6120 = PCURVE('',#1906,#6121);
#6121 = DEFINITIONAL_REPRESENTATION('',(#6122),#6126);
#6122 = LINE('',#6123,#6124);
#6123 = CARTESIAN_POINT('',(0.,0.));
#6124 = VECTOR('',#6125,1.);
#6125 = DIRECTION('',(1.,0.));
#6126 = ( GEOMETRIC_REPRESENTATION_CONTEXT(2) 
PARAMETRIC_REPRESENTATION_CONTEXT() REPRESENTATION_CONTEXT('2D SPACE',''
  ) );
#6127 = PCURVE('',#2953,#6128);
#6128 = DEFINITIONAL_REPRESENTATION('',(#6129),#6133);
#6129 = CIRCLE('',#6130,1.1);
#6130 = AXIS2_PLACEMENT_2D('',#6131,#6132);
#6131 = CARTESIAN_POINT('',(79.5,-4.5));
#6132 = DIRECTION('',(1.,0.));
#6133 = ( GEOMETRIC_REPRESENTATION_CONTEXT(2) 
PARAMETRIC_REPRESENTATION_CONTEXT() REPRESENTATION_CONTEXT('2D SPACE',''
  ) );
#6134 = ADVANCED_FACE('',(#6135),#1937,.F.);
#6135 = FACE_BOUND('',#6136,.F.);
#6136 = EDGE_LOOP('',(#6137,#6160,#6161,#6162));
#6137 = ORIENTED_EDGE('',*,*,#6138,.T.);
#6138 = EDGE_CURVE('',#6139,#1921,#6141,.T.);
#6139 = VERTEX_POINT('',#6140);
#6140 = CARTESIAN_POINT('',(40.,-37.5,2.5));
#6141 = SEAM_CURVE('',#6142,(#6146,#6153),.PCURVE_S1.);
#6142 = LINE('',#6143,#6144);
#6143 = CARTESIAN_POINT('',(40.,-37.5,2.5));
#6144 = VECTOR('',#6145,1.);
#6145 = DIRECTION('',(-0.,-0.,-1.));
#6146 = PCURVE('',#1937,#6147);
#6147 = DEFINITIONAL_REPRESENTATION('',(#6148),#6152);
#6148 = LINE('',#6149,#6150);
#6149 = CARTESIAN_POINT('',(0.,0.));
#6150 = VECTOR('',#6151,1.);
#6151 = DIRECTION('',(0.,-1.));
#6152 = ( GEOMETRIC_REPRESENTATION_CONTEXT(2) 
PARAMETRIC_REPRESENTATION_CONTEXT() REPRESENTATION_CONTEXT('2D SPACE',''
  ) );
#6153 = PCURVE('',#1937,#6154);
#6154 = DEFINITIONAL_REPRESENTATION('',(#6155),#6159);
#6155 = LINE('',#6156,#6157);
#6156 = CARTESIAN_POINT('',(6.28318530718,0.));
#6157 = VECTOR('',#6158,1.);
#6158 = DIRECTION('',(0.,-1.));
#6159 = ( GEOMETRIC_REPRESENTATION_CONTEXT(2) 
PARAMETRIC_REPRESENTATION_CONTEXT() REPRESENTATION_CONTEXT('2D SPACE',''
  ) );
#6160 = ORIENTED_EDGE('',*,*,#1920,.T.);
#6161 = ORIENTED_EDGE('',*,*,#6138,.F.);
#6162 = ORIENTED_EDGE('',*,*,#6163,.F.);
#6163 = EDGE_CURVE('',#6139,#6139,#6164,.T.);
#6164 = SURFACE_CURVE('',#6165,(#6170,#6177),.PCURVE_S1.);
#6165 = CIRCLE('',#6166,2.5);
#6166 = AXIS2_PLACEMENT_3D('',#6167,#6168,#6169);
#6167 = CARTESIAN_POINT('',(37.5,-37.5,2.5));
#6168 = DIRECTION('',(0.,0.,1.));
#6169 = DIRECTION('',(1.,0.,0.));
#6170 = PCURVE('',#1937,#6171);
#6171 = DEFINITIONAL_REPRESENTATION('',(#6172),#6176);
#6172 = LINE('',#6173,#6174);
#6173 = CARTESIAN_POINT('',(0.,0.));
#6174 = VECTOR('',#6175,1.);
#6175 = DIRECTION('',(1.,0.));
#6176 = ( GEOMETRIC_REPRESENTATION_CONTEXT(2) 
PARAMETRIC_REPRESENTATION_CONTEXT() REPRESENTATION_CONTEXT('2D SPACE',''
  ) );
#6177 = PCURVE('',#2953,#6178);
#6178 = DEFINITIONAL_REPRESENTATION('',(#6179),#6183);
#6179 = CIRCLE('',#6180,2.5);
#6180 = AXIS2_PLACEMENT_2D('',#6181,#6182);
#6181 = CARTESIAN_POINT('',(75.,0.));
#6182 = DIRECTION('',(1.,0.));
#6183 = ( GEOMETRIC_REPRESENTATION_CONTEXT(2) 
PARAMETRIC_REPRESENTATION_CONTEXT() REPRESENTATION_CONTEXT('2D SPACE',''
  ) );
#6184 = ADVANCED_FACE('',(#6185),#1968,.F.);
#6185 = FACE_BOUND('',#6186,.F.);
#6186 = EDGE_LOOP('',(#6187,#6210,#6211,#6212));
#6187 = ORIENTED_EDGE('',*,*,#6188,.T.);
#6188 = EDGE_CURVE('',#6189,#1952,#6191,.T.);
#6189 = VERTEX_POINT('',#6190);
#6190 = CARTESIAN_POINT('',(34.1,-33.,2.5));
#6191 = SEAM_CURVE('',#6192,(#6196,#6203),.PCURVE_S1.);
#6192 = LINE('',#6193,#6194);
#6193 = CARTESIAN_POINT('',(34.1,-33.,2.5));
#6194 = VECTOR('',#6195,1.);
#6195 = DIRECTION('',(-0.,-0.,-1.));
#6196 = PCURVE('',#1968,#6197);
#6197 = DEFINITIONAL_REPRESENTATION('',(#6198),#6202);
#6198 = LINE('',#6199,#6200);
#6199 = CARTESIAN_POINT('',(0.,0.));
#6200 = VECTOR('',#6201,1.);
#6201 = DIRECTION('',(0.,-1.));
#6202 = ( GEOMETRIC_REPRESENTATION_CONTEXT(2) 
PARAMETRIC_REPRESENTATION_CONTEXT() REPRESENTATION_CONTEXT('2D SPACE',''
  ) );
#6203 = PCURVE('',#1968,#6204);
#6204 = DEFINITIONAL_REPRESENTATION('',(#6205),#6209);
#6205 = LINE('',#6206,#6207);
#6206 = CARTESIAN_POINT('',(6.28318530718,0.));
#6207 = VECTOR('',#6208,1.);
#6208 = DIRECTION('',(0.,-1.));
#6209 = ( GEOMETRIC_REPRESENTATION_CONTEXT(2) 
PARAMETRIC_REPRESENTATION_CONTEXT() REPRESENTATION_CONTEXT('2D SPACE',''
  ) );
#6210 = ORIENTED_EDGE('',*,*,#1951,.T.);
#6211 = ORIENTED_EDGE('',*,*,#6188,.F.);
#6212 = ORIENTED_EDGE('',*,*,#6213,.F.);
#6213 = EDGE_CURVE('',#6189,#6189,#6214,.T.);
#6214 = SURFACE_CURVE('',#6215,(#6220,#6227),.PCURVE_S1.);
#6215 = CIRCLE('',#6216,1.1);
#6216 = AXIS2_PLACEMENT_3D('',#6217,#6218,#6219);
#6217 = CARTESIAN_POINT('',(33.,-33.,2.5));
#6218 = DIRECTION('',(0.,0.,1.));
#6219 = DIRECTION('',(1.,0.,0.));
#6220 = PCURVE('',#1968,#6221);
#6221 = DEFINITIONAL_REPRESENTATION('',(#6222),#6226);
#6222 = LINE('',#6223,#6224);
#6223 = CARTESIAN_POINT('',(0.,0.));
#6224 = VECTOR('',#6225,1.);
#6225 = DIRECTION('',(1.,0.));
#6226 = ( GEOMETRIC_REPRESENTATION_CONTEXT(2) 
PARAMETRIC_REPRESENTATION_CONTEXT() REPRESENTATION_CONTEXT('2D SPACE',''
  ) );
#6227 = PCURVE('',#2953,#6228);
#6228 = DEFINITIONAL_REPRESENTATION('',(#6229),#6233);
#6229 = CIRCLE('',#6230,1.1);
#6230 = AXIS2_PLACEMENT_2D('',#6231,#6232);
#6231 = CARTESIAN_POINT('',(70.5,4.5));
#6232 = DIRECTION('',(1.,0.));
#6233 = ( GEOMETRIC_REPRESENTATION_CONTEXT(2) 
PARAMETRIC_REPRESENTATION_CONTEXT() REPRESENTATION_CONTEXT('2D SPACE',''
  ) );
#6234 = ADVANCED_FACE('',(#6235),#1999,.F.);
#6235 = FACE_BOUND('',#6236,.F.);
#6236 = EDGE_LOOP('',(#6237,#6260,#6261,#6262));
#6237 = ORIENTED_EDGE('',*,*,#6238,.T.);
#6238 = EDGE_CURVE('',#6239,#1983,#6241,.T.);
#6239 = VERTEX_POINT('',#6240);
#6240 = CARTESIAN_POINT('',(43.1,-33.,2.5));
#6241 = SEAM_CURVE('',#6242,(#6246,#6253),.PCURVE_S1.);
#6242 = LINE('',#6243,#6244);
#6243 = CARTESIAN_POINT('',(43.1,-33.,2.5));
#6244 = VECTOR('',#6245,1.);
#6245 = DIRECTION('',(-0.,-0.,-1.));
#6246 = PCURVE('',#1999,#6247);
#6247 = DEFINITIONAL_REPRESENTATION('',(#6248),#6252);
#6248 = LINE('',#6249,#6250);
#6249 = CARTESIAN_POINT('',(0.,0.));
#6250 = VECTOR('',#6251,1.);
#6251 = DIRECTION('',(0.,-1.));
#6252 = ( GEOMETRIC_REPRESENTATION_CONTEXT(2) 
PARAMETRIC_REPRESENTATION_CONTEXT() REPRESENTATION_CONTEXT('2D SPACE',''
  ) );
#6253 = PCURVE('',#1999,#6254);
#6254 = DEFINITIONAL_REPRESENTATION('',(#6255),#6259);
#6255 = LINE('',#6256,#6257);
#6256 = CARTESIAN_POINT('',(6.28318530718,0.));
#6257 = VECTOR('',#6258,1.);
#6258 = DIRECTION('',(0.,-1.));
#6259 = ( GEOMETRIC_REPRESENTATION_CONTEXT(2) 
PARAMETRIC_REPRESENTATION_CONTEXT() REPRESENTATION_CONTEXT('2D SPACE',''
  ) );
#6260 = ORIENTED_EDGE('',*,*,#1982,.T.);
#6261 = ORIENTED_EDGE('',*,*,#6238,.F.);
#6262 = ORIENTED_EDGE('',*,*,#6263,.F.);
#6263 = EDGE_CURVE('',#6239,#6239,#6264,.T.);
#6264 = SURFACE_CURVE('',#6265,(#6270,#6277),.PCURVE_S1.);
#6265 = CIRCLE('',#6266,1.1);
#6266 = AXIS2_PLACEMENT_3D('',#6267,#6268,#6269);
#6267 = CARTESIAN_POINT('',(42.,-33.,2.5));
#6268 = DIRECTION('',(0.,0.,1.));
#6269 = DIRECTION('',(1.,0.,0.));
#6270 = PCURVE('',#1999,#6271);
#6271 = DEFINITIONAL_REPRESENTATION('',(#6272),#6276);
#6272 = LINE('',#6273,#6274);
#6273 = CARTESIAN_POINT('',(0.,0.));
#6274 = VECTOR('',#6275,1.);
#6275 = DIRECTION('',(1.,0.));
#6276 = ( GEOMETRIC_REPRESENTATION_CONTEXT(2) 
PARAMETRIC_REPRESENTATION_CONTEXT() REPRESENTATION_CONTEXT('2D SPACE',''
  ) );
#6277 = PCURVE('',#2953,#6278);
#6278 = DEFINITIONAL_REPRESENTATION('',(#6279),#6283);
#6279 = CIRCLE('',#6280,1.1);
#6280 = AXIS2_PLACEMENT_2D('',#6281,#6282);
#6281 = CARTESIAN_POINT('',(79.5,4.5));
#6282 = DIRECTION('',(1.,0.));
#6283 = ( GEOMETRIC_REPRESENTATION_CONTEXT(2) 
PARAMETRIC_REPRESENTATION_CONTEXT() REPRESENTATION_CONTEXT('2D SPACE',''
  ) );
#6284 = ADVANCED_FACE('',(#6285),#2036,.F.);
#6285 = FACE_BOUND('',#6286,.T.);
#6286 = EDGE_LOOP('',(#6287,#6310,#6311,#6334));
#6287 = ORIENTED_EDGE('',*,*,#6288,.T.);
#6288 = EDGE_CURVE('',#6289,#2014,#6291,.T.);
#6289 = VERTEX_POINT('',#6290);
#6290 = CARTESIAN_POINT('',(-7.5,-21.5,2.5));
#6291 = SURFACE_CURVE('',#6292,(#6296,#6303),.PCURVE_S1.);
#6292 = LINE('',#6293,#6294);
#6293 = CARTESIAN_POINT('',(-7.5,-21.5,2.5));
#6294 = VECTOR('',#6295,1.);
#6295 = DIRECTION('',(-0.,-0.,-1.));
#6296 = PCURVE('',#2036,#6297);
#6297 = DEFINITIONAL_REPRESENTATION('',(#6298),#6302);
#6298 = LINE('',#6299,#6300);
#6299 = CARTESIAN_POINT('',(-0.,0.));
#6300 = VECTOR('',#6301,1.);
#6301 = DIRECTION('',(-0.,-1.));
#6302 = ( GEOMETRIC_REPRESENTATION_CONTEXT(2) 
PARAMETRIC_REPRESENTATION_CONTEXT() REPRESENTATION_CONTEXT('2D SPACE',''
  ) );
#6303 = PCURVE('',#2123,#6304);
#6304 = DEFINITIONAL_REPRESENTATION('',(#6305),#6309);
#6305 = LINE('',#6306,#6307);
#6306 = CARTESIAN_POINT('',(15.,0.));
#6307 = VECTOR('',#6308,1.);
#6308 = DIRECTION('',(0.,-1.));
#6309 = ( GEOMETRIC_REPRESENTATION_CONTEXT(2) 
PARAMETRIC_REPRESENTATION_CONTEXT() REPRESENTATION_CONTEXT('2D SPACE',''
  ) );
#6310 = ORIENTED_EDGE('',*,*,#2013,.T.);
#6311 = ORIENTED_EDGE('',*,*,#6312,.F.);
#6312 = EDGE_CURVE('',#6313,#2016,#6315,.T.);
#6313 = VERTEX_POINT('',#6314);
#6314 = CARTESIAN_POINT('',(-7.5,-18.5,2.5));
#6315 = SURFACE_CURVE('',#6316,(#6320,#6327),.PCURVE_S1.);
#6316 = LINE('',#6317,#6318);
#6317 = CARTESIAN_POINT('',(-7.5,-18.5,2.5));
#6318 = VECTOR('',#6319,1.);
#6319 = DIRECTION('',(-0.,-0.,-1.));
#6320 = PCURVE('',#2036,#6321);
#6321 = DEFINITIONAL_REPRESENTATION('',(#6322),#6326);
#6322 = LINE('',#6323,#6324);
#6323 = CARTESIAN_POINT('',(-3.14159265359,0.));
#6324 = VECTOR('',#6325,1.);
#6325 = DIRECTION('',(-0.,-1.));
#6326 = ( GEOMETRIC_REPRESENTATION_CONTEXT(2) 
PARAMETRIC_REPRESENTATION_CONTEXT() REPRESENTATION_CONTEXT('2D SPACE',''
  ) );
#6327 = PCURVE('',#2064,#6328);
#6328 = DEFINITIONAL_REPRESENTATION('',(#6329),#6333);
#6329 = LINE('',#6330,#6331);
#6330 = CARTESIAN_POINT('',(0.,0.));
#6331 = VECTOR('',#6332,1.);
#6332 = DIRECTION('',(0.,-1.));
#6333 = ( GEOMETRIC_REPRESENTATION_CONTEXT(2) 
PARAMETRIC_REPRESENTATION_CONTEXT() REPRESENTATION_CONTEXT('2D SPACE',''
  ) );
#6334 = ORIENTED_EDGE('',*,*,#6335,.F.);
#6335 = EDGE_CURVE('',#6289,#6313,#6336,.T.);
#6336 = SURFACE_CURVE('',#6337,(#6342,#6349),.PCURVE_S1.);
#6337 = CIRCLE('',#6338,1.5);
#6338 = AXIS2_PLACEMENT_3D('',#6339,#6340,#6341);
#6339 = CARTESIAN_POINT('',(-7.5,-20.,2.5));
#6340 = DIRECTION('',(0.,-0.,-1.));
#6341 = DIRECTION('',(0.,-1.,0.));
#6342 = PCURVE('',#2036,#6343);
#6343 = DEFINITIONAL_REPRESENTATION('',(#6344),#6348);
#6344 = LINE('',#6345,#6346);
#6345 = CARTESIAN_POINT('',(-0.,0.));
#6346 = VECTOR('',#6347,1.);
#6347 = DIRECTION('',(-1.,0.));
#6348 = ( GEOMETRIC_REPRESENTATION_CONTEXT(2) 
PARAMETRIC_REPRESENTATION_CONTEXT() REPRESENTATION_CONTEXT('2D SPACE',''
  ) );
#6349 = PCURVE('',#2953,#6350);
#6350 = DEFINITIONAL_REPRESENTATION('',(#6351),#6359);
#6351 = ( BOUNDED_CURVE() B_SPLINE_CURVE(2,(#6352,#6353,#6354,#6355,
#6356,#6357,#6358),.UNSPECIFIED.,.T.,.F.) B_SPLINE_CURVE_WITH_KNOTS((1,2
    ,2,2,2,1),(-2.094395102393,0.,2.094395102393,4.188790204786,
6.28318530718,8.377580409573),.UNSPECIFIED.) CURVE() 
GEOMETRIC_REPRESENTATION_ITEM() RATIONAL_B_SPLINE_CURVE((1.,0.5,1.,0.5,
1.,0.5,1.)) REPRESENTATION_ITEM('') );
#6352 = CARTESIAN_POINT('',(30.,16.));
#6353 = CARTESIAN_POINT('',(27.401923788647,16.));
#6354 = CARTESIAN_POINT('',(28.700961894323,18.25));
#6355 = CARTESIAN_POINT('',(30.,20.5));
#6356 = CARTESIAN_POINT('',(31.299038105677,18.25));
#6357 = CARTESIAN_POINT('',(32.598076211353,16.));
#6358 = CARTESIAN_POINT('',(30.,16.));
#6359 = ( GEOMETRIC_REPRESENTATION_CONTEXT(2) 
PARAMETRIC_REPRESENTATION_CONTEXT() REPRESENTATION_CONTEXT('2D SPACE',''
  ) );
#6360 = ADVANCED_FACE('',(#6361),#2123,.T.);
#6361 = FACE_BOUND('',#6362,.T.);
#6362 = EDGE_LOOP('',(#6363,#6386,#6387,#6388));
#6363 = ORIENTED_EDGE('',*,*,#6364,.T.);
#6364 = EDGE_CURVE('',#6365,#2077,#6367,.T.);
#6365 = VERTEX_POINT('',#6366);
#6366 = CARTESIAN_POINT('',(7.5,-21.5,2.5));
#6367 = SURFACE_CURVE('',#6368,(#6372,#6379),.PCURVE_S1.);
#6368 = LINE('',#6369,#6370);
#6369 = CARTESIAN_POINT('',(7.5,-21.5,2.5));
#6370 = VECTOR('',#6371,1.);
#6371 = DIRECTION('',(-0.,-0.,-1.));
#6372 = PCURVE('',#2123,#6373);
#6373 = DEFINITIONAL_REPRESENTATION('',(#6374),#6378);
#6374 = LINE('',#6375,#6376);
#6375 = CARTESIAN_POINT('',(0.,0.));
#6376 = VECTOR('',#6377,1.);
#6377 = DIRECTION('',(0.,-1.));
#6378 = ( GEOMETRIC_REPRESENTATION_CONTEXT(2) 
PARAMETRIC_REPRESENTATION_CONTEXT() REPRESENTATION_CONTEXT('2D SPACE',''
  ) );
#6379 = PCURVE('',#2097,#6380);
#6380 = DEFINITIONAL_REPRESENTATION('',(#6381),#6385);
#6381 = LINE('',#6382,#6383);
#6382 = CARTESIAN_POINT('',(-3.14159265359,0.));
#6383 = VECTOR('',#6384,1.);
#6384 = DIRECTION('',(-0.,-1.));
#6385 = ( GEOMETRIC_REPRESENTATION_CONTEXT(2) 
PARAMETRIC_REPRESENTATION_CONTEXT() REPRESENTATION_CONTEXT('2D SPACE',''
  ) );
#6386 = ORIENTED_EDGE('',*,*,#2109,.T.);
#6387 = ORIENTED_EDGE('',*,*,#6288,.F.);
#6388 = ORIENTED_EDGE('',*,*,#6389,.F.);
#6389 = EDGE_CURVE('',#6365,#6289,#6390,.T.);
#6390 = SURFACE_CURVE('',#6391,(#6395,#6402),.PCURVE_S1.);
#6391 = LINE('',#6392,#6393);
#6392 = CARTESIAN_POINT('',(7.5,-21.5,2.5));
#6393 = VECTOR('',#6394,1.);
#6394 = DIRECTION('',(-1.,0.,0.));
#6395 = PCURVE('',#2123,#6396);
#6396 = DEFINITIONAL_REPRESENTATION('',(#6397),#6401);
#6397 = LINE('',#6398,#6399);
#6398 = CARTESIAN_POINT('',(0.,0.));
#6399 = VECTOR('',#6400,1.);
#6400 = DIRECTION('',(1.,0.));
#6401 = ( GEOMETRIC_REPRESENTATION_CONTEXT(2) 
PARAMETRIC_REPRESENTATION_CONTEXT() REPRESENTATION_CONTEXT('2D SPACE',''
  ) );
#6402 = PCURVE('',#2953,#6403);
#6403 = DEFINITIONAL_REPRESENTATION('',(#6404),#6408);
#6404 = LINE('',#6405,#6406);
#6405 = CARTESIAN_POINT('',(45.,16.));
#6406 = VECTOR('',#6407,1.);
#6407 = DIRECTION('',(-1.,0.));
#6408 = ( GEOMETRIC_REPRESENTATION_CONTEXT(2) 
PARAMETRIC_REPRESENTATION_CONTEXT() REPRESENTATION_CONTEXT('2D SPACE',''
  ) );
#6409 = ADVANCED_FACE('',(#6410),#2064,.T.);
#6410 = FACE_BOUND('',#6411,.T.);
#6411 = EDGE_LOOP('',(#6412,#6413,#6414,#6437));
#6412 = ORIENTED_EDGE('',*,*,#6312,.T.);
#6413 = ORIENTED_EDGE('',*,*,#2048,.T.);
#6414 = ORIENTED_EDGE('',*,*,#6415,.F.);
#6415 = EDGE_CURVE('',#6416,#2049,#6418,.T.);
#6416 = VERTEX_POINT('',#6417);
#6417 = CARTESIAN_POINT('',(7.5,-18.5,2.5));
#6418 = SURFACE_CURVE('',#6419,(#6423,#6430),.PCURVE_S1.);
#6419 = LINE('',#6420,#6421);
#6420 = CARTESIAN_POINT('',(7.5,-18.5,2.5));
#6421 = VECTOR('',#6422,1.);
#6422 = DIRECTION('',(-0.,-0.,-1.));
#6423 = PCURVE('',#2064,#6424);
#6424 = DEFINITIONAL_REPRESENTATION('',(#6425),#6429);
#6425 = LINE('',#6426,#6427);
#6426 = CARTESIAN_POINT('',(15.,0.));
#6427 = VECTOR('',#6428,1.);
#6428 = DIRECTION('',(0.,-1.));
#6429 = ( GEOMETRIC_REPRESENTATION_CONTEXT(2) 
PARAMETRIC_REPRESENTATION_CONTEXT() REPRESENTATION_CONTEXT('2D SPACE',''
  ) );
#6430 = PCURVE('',#2097,#6431);
#6431 = DEFINITIONAL_REPRESENTATION('',(#6432),#6436);
#6432 = LINE('',#6433,#6434);
#6433 = CARTESIAN_POINT('',(-0.,0.));
#6434 = VECTOR('',#6435,1.);
#6435 = DIRECTION('',(-0.,-1.));
#6436 = ( GEOMETRIC_REPRESENTATION_CONTEXT(2) 
PARAMETRIC_REPRESENTATION_CONTEXT() REPRESENTATION_CONTEXT('2D SPACE',''
  ) );
#6437 = ORIENTED_EDGE('',*,*,#6438,.F.);
#6438 = EDGE_CURVE('',#6313,#6416,#6439,.T.);
#6439 = SURFACE_CURVE('',#6440,(#6444,#6451),.PCURVE_S1.);
#6440 = LINE('',#6441,#6442);
#6441 = CARTESIAN_POINT('',(-7.5,-18.5,2.5));
#6442 = VECTOR('',#6443,1.);
#6443 = DIRECTION('',(1.,0.,0.));
#6444 = PCURVE('',#2064,#6445);
#6445 = DEFINITIONAL_REPRESENTATION('',(#6446),#6450);
#6446 = LINE('',#6447,#6448);
#6447 = CARTESIAN_POINT('',(0.,0.));
#6448 = VECTOR('',#6449,1.);
#6449 = DIRECTION('',(1.,0.));
#6450 = ( GEOMETRIC_REPRESENTATION_CONTEXT(2) 
PARAMETRIC_REPRESENTATION_CONTEXT() REPRESENTATION_CONTEXT('2D SPACE',''
  ) );
#6451 = PCURVE('',#2953,#6452);
#6452 = DEFINITIONAL_REPRESENTATION('',(#6453),#6457);
#6453 = LINE('',#6454,#6455);
#6454 = CARTESIAN_POINT('',(30.,19.));
#6455 = VECTOR('',#6456,1.);
#6456 = DIRECTION('',(1.,0.));
#6457 = ( GEOMETRIC_REPRESENTATION_CONTEXT(2) 
PARAMETRIC_REPRESENTATION_CONTEXT() REPRESENTATION_CONTEXT('2D SPACE',''
  ) );
#6458 = ADVANCED_FACE('',(#6459),#2097,.F.);
#6459 = FACE_BOUND('',#6460,.T.);
#6460 = EDGE_LOOP('',(#6461,#6462,#6463,#6464));
#6461 = ORIENTED_EDGE('',*,*,#6415,.T.);
#6462 = ORIENTED_EDGE('',*,*,#2076,.T.);
#6463 = ORIENTED_EDGE('',*,*,#6364,.F.);
#6464 = ORIENTED_EDGE('',*,*,#6465,.F.);
#6465 = EDGE_CURVE('',#6416,#6365,#6466,.T.);
#6466 = SURFACE_CURVE('',#6467,(#6472,#6479),.PCURVE_S1.);
#6467 = CIRCLE('',#6468,1.5);
#6468 = AXIS2_PLACEMENT_3D('',#6469,#6470,#6471);
#6469 = CARTESIAN_POINT('',(7.5,-20.,2.5));
#6470 = DIRECTION('',(0.,0.,-1.));
#6471 = DIRECTION('',(0.,1.,0.));
#6472 = PCURVE('',#2097,#6473);
#6473 = DEFINITIONAL_REPRESENTATION('',(#6474),#6478);
#6474 = LINE('',#6475,#6476);
#6475 = CARTESIAN_POINT('',(-0.,0.));
#6476 = VECTOR('',#6477,1.);
#6477 = DIRECTION('',(-1.,0.));
#6478 = ( GEOMETRIC_REPRESENTATION_CONTEXT(2) 
PARAMETRIC_REPRESENTATION_CONTEXT() REPRESENTATION_CONTEXT('2D SPACE',''
  ) );
#6479 = PCURVE('',#2953,#6480);
#6480 = DEFINITIONAL_REPRESENTATION('',(#6481),#6489);
#6481 = ( BOUNDED_CURVE() B_SPLINE_CURVE(2,(#6482,#6483,#6484,#6485,
#6486,#6487,#6488),.UNSPECIFIED.,.T.,.F.) B_SPLINE_CURVE_WITH_KNOTS((1,2
    ,2,2,2,1),(-2.094395102393,0.,2.094395102393,4.188790204786,
6.28318530718,8.377580409573),.UNSPECIFIED.) CURVE() 
GEOMETRIC_REPRESENTATION_ITEM() RATIONAL_B_SPLINE_CURVE((1.,0.5,1.,0.5,
1.,0.5,1.)) REPRESENTATION_ITEM('') );
#6482 = CARTESIAN_POINT('',(45.,19.));
#6483 = CARTESIAN_POINT('',(47.598076211353,19.));
#6484 = CARTESIAN_POINT('',(46.299038105677,16.75));
#6485 = CARTESIAN_POINT('',(45.,14.5));
#6486 = CARTESIAN_POINT('',(43.700961894323,16.75));
#6487 = CARTESIAN_POINT('',(42.401923788647,19.));
#6488 = CARTESIAN_POINT('',(45.,19.));
#6489 = ( GEOMETRIC_REPRESENTATION_CONTEXT(2) 
PARAMETRIC_REPRESENTATION_CONTEXT() REPRESENTATION_CONTEXT('2D SPACE',''
  ) );
#6490 = ADVANCED_FACE('',(#6491),#2154,.F.);
#6491 = FACE_BOUND('',#6492,.F.);
#6492 = EDGE_LOOP('',(#6493,#6516,#6517,#6518));
#6493 = ORIENTED_EDGE('',*,*,#6494,.T.);
#6494 = EDGE_CURVE('',#6495,#2138,#6497,.T.);
#6495 = VERTEX_POINT('',#6496);
#6496 = CARTESIAN_POINT('',(11.1,-10.,2.5));
#6497 = SEAM_CURVE('',#6498,(#6502,#6509),.PCURVE_S1.);
#6498 = LINE('',#6499,#6500);
#6499 = CARTESIAN_POINT('',(11.1,-10.,2.5));
#6500 = VECTOR('',#6501,1.);
#6501 = DIRECTION('',(-0.,-0.,-1.));
#6502 = PCURVE('',#2154,#6503);
#6503 = DEFINITIONAL_REPRESENTATION('',(#6504),#6508);
#6504 = LINE('',#6505,#6506);
#6505 = CARTESIAN_POINT('',(0.,0.));
#6506 = VECTOR('',#6507,1.);
#6507 = DIRECTION('',(0.,-1.));
#6508 = ( GEOMETRIC_REPRESENTATION_CONTEXT(2) 
PARAMETRIC_REPRESENTATION_CONTEXT() REPRESENTATION_CONTEXT('2D SPACE',''
  ) );
#6509 = PCURVE('',#2154,#6510);
#6510 = DEFINITIONAL_REPRESENTATION('',(#6511),#6515);
#6511 = LINE('',#6512,#6513);
#6512 = CARTESIAN_POINT('',(6.28318530718,0.));
#6513 = VECTOR('',#6514,1.);
#6514 = DIRECTION('',(0.,-1.));
#6515 = ( GEOMETRIC_REPRESENTATION_CONTEXT(2) 
PARAMETRIC_REPRESENTATION_CONTEXT() REPRESENTATION_CONTEXT('2D SPACE',''
  ) );
#6516 = ORIENTED_EDGE('',*,*,#2137,.T.);
#6517 = ORIENTED_EDGE('',*,*,#6494,.F.);
#6518 = ORIENTED_EDGE('',*,*,#6519,.F.);
#6519 = EDGE_CURVE('',#6495,#6495,#6520,.T.);
#6520 = SURFACE_CURVE('',#6521,(#6526,#6533),.PCURVE_S1.);
#6521 = CIRCLE('',#6522,1.1);
#6522 = AXIS2_PLACEMENT_3D('',#6523,#6524,#6525);
#6523 = CARTESIAN_POINT('',(10.,-10.,2.5));
#6524 = DIRECTION('',(0.,0.,1.));
#6525 = DIRECTION('',(1.,0.,0.));
#6526 = PCURVE('',#2154,#6527);
#6527 = DEFINITIONAL_REPRESENTATION('',(#6528),#6532);
#6528 = LINE('',#6529,#6530);
#6529 = CARTESIAN_POINT('',(0.,0.));
#6530 = VECTOR('',#6531,1.);
#6531 = DIRECTION('',(1.,0.));
#6532 = ( GEOMETRIC_REPRESENTATION_CONTEXT(2) 
PARAMETRIC_REPRESENTATION_CONTEXT() REPRESENTATION_CONTEXT('2D SPACE',''
  ) );
#6533 = PCURVE('',#2953,#6534);
#6534 = DEFINITIONAL_REPRESENTATION('',(#6535),#6539);
#6535 = CIRCLE('',#6536,1.1);
#6536 = AXIS2_PLACEMENT_2D('',#6537,#6538);
#6537 = CARTESIAN_POINT('',(47.5,27.5));
#6538 = DIRECTION('',(1.,0.));
#6539 = ( GEOMETRIC_REPRESENTATION_CONTEXT(2) 
PARAMETRIC_REPRESENTATION_CONTEXT() REPRESENTATION_CONTEXT('2D SPACE',''
  ) );
#6540 = ADVANCED_FACE('',(#6541),#2191,.F.);
#6541 = FACE_BOUND('',#6542,.T.);
#6542 = EDGE_LOOP('',(#6543,#6566,#6567,#6590));
#6543 = ORIENTED_EDGE('',*,*,#6544,.T.);
#6544 = EDGE_CURVE('',#6545,#2169,#6547,.T.);
#6545 = VERTEX_POINT('',#6546);
#6546 = CARTESIAN_POINT('',(-13.5,-1.5,2.5));
#6547 = SURFACE_CURVE('',#6548,(#6552,#6559),.PCURVE_S1.);
#6548 = LINE('',#6549,#6550);
#6549 = CARTESIAN_POINT('',(-13.5,-1.5,2.5));
#6550 = VECTOR('',#6551,1.);
#6551 = DIRECTION('',(-0.,-0.,-1.));
#6552 = PCURVE('',#2191,#6553);
#6553 = DEFINITIONAL_REPRESENTATION('',(#6554),#6558);
#6554 = LINE('',#6555,#6556);
#6555 = CARTESIAN_POINT('',(-0.,0.));
#6556 = VECTOR('',#6557,1.);
#6557 = DIRECTION('',(-0.,-1.));
#6558 = ( GEOMETRIC_REPRESENTATION_CONTEXT(2) 
PARAMETRIC_REPRESENTATION_CONTEXT() REPRESENTATION_CONTEXT('2D SPACE',''
  ) );
#6559 = PCURVE('',#2278,#6560);
#6560 = DEFINITIONAL_REPRESENTATION('',(#6561),#6565);
#6561 = LINE('',#6562,#6563);
#6562 = CARTESIAN_POINT('',(3.,0.));
#6563 = VECTOR('',#6564,1.);
#6564 = DIRECTION('',(0.,-1.));
#6565 = ( GEOMETRIC_REPRESENTATION_CONTEXT(2) 
PARAMETRIC_REPRESENTATION_CONTEXT() REPRESENTATION_CONTEXT('2D SPACE',''
  ) );
#6566 = ORIENTED_EDGE('',*,*,#2168,.T.);
#6567 = ORIENTED_EDGE('',*,*,#6568,.F.);
#6568 = EDGE_CURVE('',#6569,#2171,#6571,.T.);
#6569 = VERTEX_POINT('',#6570);
#6570 = CARTESIAN_POINT('',(-18.5,-1.5,2.5));
#6571 = SURFACE_CURVE('',#6572,(#6576,#6583),.PCURVE_S1.);
#6572 = LINE('',#6573,#6574);
#6573 = CARTESIAN_POINT('',(-18.5,-1.5,2.5));
#6574 = VECTOR('',#6575,1.);
#6575 = DIRECTION('',(-0.,-0.,-1.));
#6576 = PCURVE('',#2191,#6577);
#6577 = DEFINITIONAL_REPRESENTATION('',(#6578),#6582);
#6578 = LINE('',#6579,#6580);
#6579 = CARTESIAN_POINT('',(-3.14159265359,0.));
#6580 = VECTOR('',#6581,1.);
#6581 = DIRECTION('',(-0.,-1.));
#6582 = ( GEOMETRIC_REPRESENTATION_CONTEXT(2) 
PARAMETRIC_REPRESENTATION_CONTEXT() REPRESENTATION_CONTEXT('2D SPACE',''
  ) );
#6583 = PCURVE('',#2219,#6584);
#6584 = DEFINITIONAL_REPRESENTATION('',(#6585),#6589);
#6585 = LINE('',#6586,#6587);
#6586 = CARTESIAN_POINT('',(0.,0.));
#6587 = VECTOR('',#6588,1.);
#6588 = DIRECTION('',(0.,-1.));
#6589 = ( GEOMETRIC_REPRESENTATION_CONTEXT(2) 
PARAMETRIC_REPRESENTATION_CONTEXT() REPRESENTATION_CONTEXT('2D SPACE',''
  ) );
#6590 = ORIENTED_EDGE('',*,*,#6591,.F.);
#6591 = EDGE_CURVE('',#6545,#6569,#6592,.T.);
#6592 = SURFACE_CURVE('',#6593,(#6598,#6605),.PCURVE_S1.);
#6593 = CIRCLE('',#6594,2.5);
#6594 = AXIS2_PLACEMENT_3D('',#6595,#6596,#6597);
#6595 = CARTESIAN_POINT('',(-16.,-1.5,2.5));
#6596 = DIRECTION('',(0.,-0.,-1.));
#6597 = DIRECTION('',(1.,-1.110223024625E-16,0.));
#6598 = PCURVE('',#2191,#6599);
#6599 = DEFINITIONAL_REPRESENTATION('',(#6600),#6604);
#6600 = LINE('',#6601,#6602);
#6601 = CARTESIAN_POINT('',(-0.,0.));
#6602 = VECTOR('',#6603,1.);
#6603 = DIRECTION('',(-1.,0.));
#6604 = ( GEOMETRIC_REPRESENTATION_CONTEXT(2) 
PARAMETRIC_REPRESENTATION_CONTEXT() REPRESENTATION_CONTEXT('2D SPACE',''
  ) );
#6605 = PCURVE('',#2953,#6606);
#6606 = DEFINITIONAL_REPRESENTATION('',(#6607),#6615);
#6607 = ( BOUNDED_CURVE() B_SPLINE_CURVE(2,(#6608,#6609,#6610,#6611,
#6612,#6613,#6614),.UNSPECIFIED.,.T.,.F.) B_SPLINE_CURVE_WITH_KNOTS((1,2
    ,2,2,2,1),(-2.094395102393,0.,2.094395102393,4.188790204786,
6.28318530718,8.377580409573),.UNSPECIFIED.) CURVE() 
GEOMETRIC_REPRESENTATION_ITEM() RATIONAL_B_SPLINE_CURVE((1.,0.5,1.,0.5,
1.,0.5,1.)) REPRESENTATION_ITEM('') );
#6608 = CARTESIAN_POINT('',(24.,36.));
#6609 = CARTESIAN_POINT('',(24.,31.669872981078));
#6610 = CARTESIAN_POINT('',(20.25,33.834936490539));
#6611 = CARTESIAN_POINT('',(16.5,36.));
#6612 = CARTESIAN_POINT('',(20.25,38.165063509461));
#6613 = CARTESIAN_POINT('',(24.,40.330127018922));
#6614 = CARTESIAN_POINT('',(24.,36.));
#6615 = ( GEOMETRIC_REPRESENTATION_CONTEXT(2) 
PARAMETRIC_REPRESENTATION_CONTEXT() REPRESENTATION_CONTEXT('2D SPACE',''
  ) );
#6616 = ADVANCED_FACE('',(#6617),#2278,.T.);
#6617 = FACE_BOUND('',#6618,.T.);
#6618 = EDGE_LOOP('',(#6619,#6642,#6643,#6644));
#6619 = ORIENTED_EDGE('',*,*,#6620,.T.);
#6620 = EDGE_CURVE('',#6621,#2232,#6623,.T.);
#6621 = VERTEX_POINT('',#6622);
#6622 = CARTESIAN_POINT('',(-13.5,1.5,2.5));
#6623 = SURFACE_CURVE('',#6624,(#6628,#6635),.PCURVE_S1.);
#6624 = LINE('',#6625,#6626);
#6625 = CARTESIAN_POINT('',(-13.5,1.5,2.5));
#6626 = VECTOR('',#6627,1.);
#6627 = DIRECTION('',(-0.,-0.,-1.));
#6628 = PCURVE('',#2278,#6629);
#6629 = DEFINITIONAL_REPRESENTATION('',(#6630),#6634);
#6630 = LINE('',#6631,#6632);
#6631 = CARTESIAN_POINT('',(0.,0.));
#6632 = VECTOR('',#6633,1.);
#6633 = DIRECTION('',(0.,-1.));
#6634 = ( GEOMETRIC_REPRESENTATION_CONTEXT(2) 
PARAMETRIC_REPRESENTATION_CONTEXT() REPRESENTATION_CONTEXT('2D SPACE',''
  ) );
#6635 = PCURVE('',#2252,#6636);
#6636 = DEFINITIONAL_REPRESENTATION('',(#6637),#6641);
#6637 = LINE('',#6638,#6639);
#6638 = CARTESIAN_POINT('',(-3.14159265359,0.));
#6639 = VECTOR('',#6640,1.);
#6640 = DIRECTION('',(-0.,-1.));
#6641 = ( GEOMETRIC_REPRESENTATION_CONTEXT(2) 
PARAMETRIC_REPRESENTATION_CONTEXT() REPRESENTATION_CONTEXT('2D SPACE',''
  ) );
#6642 = ORIENTED_EDGE('',*,*,#2264,.T.);
#6643 = ORIENTED_EDGE('',*,*,#6544,.F.);
#6644 = ORIENTED_EDGE('',*,*,#6645,.F.);
#6645 = EDGE_CURVE('',#6621,#6545,#6646,.T.);
#6646 = SURFACE_CURVE('',#6647,(#6651,#6658),.PCURVE_S1.);
#6647 = LINE('',#6648,#6649);
#6648 = CARTESIAN_POINT('',(-13.5,1.5,2.5));
#6649 = VECTOR('',#6650,1.);
#6650 = DIRECTION('',(-1.110223024625E-16,-1.,0.));
#6651 = PCURVE('',#2278,#6652);
#6652 = DEFINITIONAL_REPRESENTATION('',(#6653),#6657);
#6653 = LINE('',#6654,#6655);
#6654 = CARTESIAN_POINT('',(0.,0.));
#6655 = VECTOR('',#6656,1.);
#6656 = DIRECTION('',(1.,0.));
#6657 = ( GEOMETRIC_REPRESENTATION_CONTEXT(2) 
PARAMETRIC_REPRESENTATION_CONTEXT() REPRESENTATION_CONTEXT('2D SPACE',''
  ) );
#6658 = PCURVE('',#2953,#6659);
#6659 = DEFINITIONAL_REPRESENTATION('',(#6660),#6664);
#6660 = LINE('',#6661,#6662);
#6661 = CARTESIAN_POINT('',(24.,39.));
#6662 = VECTOR('',#6663,1.);
#6663 = DIRECTION('',(-1.110223024625E-16,-1.));
#6664 = ( GEOMETRIC_REPRESENTATION_CONTEXT(2) 
PARAMETRIC_REPRESENTATION_CONTEXT() REPRESENTATION_CONTEXT('2D SPACE',''
  ) );
#6665 = ADVANCED_FACE('',(#6666),#2219,.T.);
#6666 = FACE_BOUND('',#6667,.T.);
#6667 = EDGE_LOOP('',(#6668,#6669,#6670,#6693));
#6668 = ORIENTED_EDGE('',*,*,#6568,.T.);
#6669 = ORIENTED_EDGE('',*,*,#2203,.T.);
#6670 = ORIENTED_EDGE('',*,*,#6671,.F.);
#6671 = EDGE_CURVE('',#6672,#2204,#6674,.T.);
#6672 = VERTEX_POINT('',#6673);
#6673 = CARTESIAN_POINT('',(-18.5,1.5,2.5));
#6674 = SURFACE_CURVE('',#6675,(#6679,#6686),.PCURVE_S1.);
#6675 = LINE('',#6676,#6677);
#6676 = CARTESIAN_POINT('',(-18.5,1.5,2.5));
#6677 = VECTOR('',#6678,1.);
#6678 = DIRECTION('',(-0.,-0.,-1.));
#6679 = PCURVE('',#2219,#6680);
#6680 = DEFINITIONAL_REPRESENTATION('',(#6681),#6685);
#6681 = LINE('',#6682,#6683);
#6682 = CARTESIAN_POINT('',(3.,0.));
#6683 = VECTOR('',#6684,1.);
#6684 = DIRECTION('',(0.,-1.));
#6685 = ( GEOMETRIC_REPRESENTATION_CONTEXT(2) 
PARAMETRIC_REPRESENTATION_CONTEXT() REPRESENTATION_CONTEXT('2D SPACE',''
  ) );
#6686 = PCURVE('',#2252,#6687);
#6687 = DEFINITIONAL_REPRESENTATION('',(#6688),#6692);
#6688 = LINE('',#6689,#6690);
#6689 = CARTESIAN_POINT('',(-0.,0.));
#6690 = VECTOR('',#6691,1.);
#6691 = DIRECTION('',(-0.,-1.));
#6692 = ( GEOMETRIC_REPRESENTATION_CONTEXT(2) 
PARAMETRIC_REPRESENTATION_CONTEXT() REPRESENTATION_CONTEXT('2D SPACE',''
  ) );
#6693 = ORIENTED_EDGE('',*,*,#6694,.F.);
#6694 = EDGE_CURVE('',#6569,#6672,#6695,.T.);
#6695 = SURFACE_CURVE('',#6696,(#6700,#6707),.PCURVE_S1.);
#6696 = LINE('',#6697,#6698);
#6697 = CARTESIAN_POINT('',(-18.5,-1.5,2.5));
#6698 = VECTOR('',#6699,1.);
#6699 = DIRECTION('',(1.110223024625E-16,1.,0.));
#6700 = PCURVE('',#2219,#6701);
#6701 = DEFINITIONAL_REPRESENTATION('',(#6702),#6706);
#6702 = LINE('',#6703,#6704);
#6703 = CARTESIAN_POINT('',(0.,0.));
#6704 = VECTOR('',#6705,1.);
#6705 = DIRECTION('',(1.,0.));
#6706 = ( GEOMETRIC_REPRESENTATION_CONTEXT(2) 
PARAMETRIC_REPRESENTATION_CONTEXT() REPRESENTATION_CONTEXT('2D SPACE',''
  ) );
#6707 = PCURVE('',#2953,#6708);
#6708 = DEFINITIONAL_REPRESENTATION('',(#6709),#6713);
#6709 = LINE('',#6710,#6711);
#6710 = CARTESIAN_POINT('',(19.,36.));
#6711 = VECTOR('',#6712,1.);
#6712 = DIRECTION('',(1.110223024625E-16,1.));
#6713 = ( GEOMETRIC_REPRESENTATION_CONTEXT(2) 
PARAMETRIC_REPRESENTATION_CONTEXT() REPRESENTATION_CONTEXT('2D SPACE',''
  ) );
#6714 = ADVANCED_FACE('',(#6715),#2252,.F.);
#6715 = FACE_BOUND('',#6716,.T.);
#6716 = EDGE_LOOP('',(#6717,#6718,#6719,#6720));
#6717 = ORIENTED_EDGE('',*,*,#6671,.T.);
#6718 = ORIENTED_EDGE('',*,*,#2231,.T.);
#6719 = ORIENTED_EDGE('',*,*,#6620,.F.);
#6720 = ORIENTED_EDGE('',*,*,#6721,.F.);
#6721 = EDGE_CURVE('',#6672,#6621,#6722,.T.);
#6722 = SURFACE_CURVE('',#6723,(#6728,#6735),.PCURVE_S1.);
#6723 = CIRCLE('',#6724,2.5);
#6724 = AXIS2_PLACEMENT_3D('',#6725,#6726,#6727);
#6725 = CARTESIAN_POINT('',(-16.,1.5,2.5));
#6726 = DIRECTION('',(0.,0.,-1.));
#6727 = DIRECTION('',(-1.,1.110223024625E-16,0.));
#6728 = PCURVE('',#2252,#6729);
#6729 = DEFINITIONAL_REPRESENTATION('',(#6730),#6734);
#6730 = LINE('',#6731,#6732);
#6731 = CARTESIAN_POINT('',(-0.,0.));
#6732 = VECTOR('',#6733,1.);
#6733 = DIRECTION('',(-1.,0.));
#6734 = ( GEOMETRIC_REPRESENTATION_CONTEXT(2) 
PARAMETRIC_REPRESENTATION_CONTEXT() REPRESENTATION_CONTEXT('2D SPACE',''
  ) );
#6735 = PCURVE('',#2953,#6736);
#6736 = DEFINITIONAL_REPRESENTATION('',(#6737),#6745);
#6737 = ( BOUNDED_CURVE() B_SPLINE_CURVE(2,(#6738,#6739,#6740,#6741,
#6742,#6743,#6744),.UNSPECIFIED.,.T.,.F.) B_SPLINE_CURVE_WITH_KNOTS((1,2
    ,2,2,2,1),(-2.094395102393,0.,2.094395102393,4.188790204786,
6.28318530718,8.377580409573),.UNSPECIFIED.) CURVE() 
GEOMETRIC_REPRESENTATION_ITEM() RATIONAL_B_SPLINE_CURVE((1.,0.5,1.,0.5,
1.,0.5,1.)) REPRESENTATION_ITEM('') );
#6738 = CARTESIAN_POINT('',(19.,39.));
#6739 = CARTESIAN_POINT('',(19.,43.330127018922));
#6740 = CARTESIAN_POINT('',(22.75,41.165063509461));
#6741 = CARTESIAN_POINT('',(26.5,39.));
#6742 = CARTESIAN_POINT('',(22.75,36.834936490539));
#6743 = CARTESIAN_POINT('',(19.,34.669872981078));
#6744 = CARTESIAN_POINT('',(19.,39.));
#6745 = ( GEOMETRIC_REPRESENTATION_CONTEXT(2) 
PARAMETRIC_REPRESENTATION_CONTEXT() REPRESENTATION_CONTEXT('2D SPACE',''
  ) );
#6746 = ADVANCED_FACE('',(#6747),#2309,.F.);
#6747 = FACE_BOUND('',#6748,.F.);
#6748 = EDGE_LOOP('',(#6749,#6772,#6773,#6774));
#6749 = ORIENTED_EDGE('',*,*,#6750,.T.);
#6750 = EDGE_CURVE('',#6751,#2293,#6753,.T.);
#6751 = VERTEX_POINT('',#6752);
#6752 = CARTESIAN_POINT('',(-8.9,10.,2.5));
#6753 = SEAM_CURVE('',#6754,(#6758,#6765),.PCURVE_S1.);
#6754 = LINE('',#6755,#6756);
#6755 = CARTESIAN_POINT('',(-8.9,10.,2.5));
#6756 = VECTOR('',#6757,1.);
#6757 = DIRECTION('',(-0.,-0.,-1.));
#6758 = PCURVE('',#2309,#6759);
#6759 = DEFINITIONAL_REPRESENTATION('',(#6760),#6764);
#6760 = LINE('',#6761,#6762);
#6761 = CARTESIAN_POINT('',(0.,0.));
#6762 = VECTOR('',#6763,1.);
#6763 = DIRECTION('',(0.,-1.));
#6764 = ( GEOMETRIC_REPRESENTATION_CONTEXT(2) 
PARAMETRIC_REPRESENTATION_CONTEXT() REPRESENTATION_CONTEXT('2D SPACE',''
  ) );
#6765 = PCURVE('',#2309,#6766);
#6766 = DEFINITIONAL_REPRESENTATION('',(#6767),#6771);
#6767 = LINE('',#6768,#6769);
#6768 = CARTESIAN_POINT('',(6.28318530718,0.));
#6769 = VECTOR('',#6770,1.);
#6770 = DIRECTION('',(0.,-1.));
#6771 = ( GEOMETRIC_REPRESENTATION_CONTEXT(2) 
PARAMETRIC_REPRESENTATION_CONTEXT() REPRESENTATION_CONTEXT('2D SPACE',''
  ) );
#6772 = ORIENTED_EDGE('',*,*,#2292,.T.);
#6773 = ORIENTED_EDGE('',*,*,#6750,.F.);
#6774 = ORIENTED_EDGE('',*,*,#6775,.F.);
#6775 = EDGE_CURVE('',#6751,#6751,#6776,.T.);
#6776 = SURFACE_CURVE('',#6777,(#6782,#6789),.PCURVE_S1.);
#6777 = CIRCLE('',#6778,1.1);
#6778 = AXIS2_PLACEMENT_3D('',#6779,#6780,#6781);
#6779 = CARTESIAN_POINT('',(-10.,10.,2.5));
#6780 = DIRECTION('',(0.,0.,1.));
#6781 = DIRECTION('',(1.,0.,0.));
#6782 = PCURVE('',#2309,#6783);
#6783 = DEFINITIONAL_REPRESENTATION('',(#6784),#6788);
#6784 = LINE('',#6785,#6786);
#6785 = CARTESIAN_POINT('',(0.,0.));
#6786 = VECTOR('',#6787,1.);
#6787 = DIRECTION('',(1.,0.));
#6788 = ( GEOMETRIC_REPRESENTATION_CONTEXT(2) 
PARAMETRIC_REPRESENTATION_CONTEXT() REPRESENTATION_CONTEXT('2D SPACE',''
  ) );
#6789 = PCURVE('',#2953,#6790);
#6790 = DEFINITIONAL_REPRESENTATION('',(#6791),#6795);
#6791 = CIRCLE('',#6792,1.1);
#6792 = AXIS2_PLACEMENT_2D('',#6793,#6794);
#6793 = CARTESIAN_POINT('',(27.5,47.5));
#6794 = DIRECTION('',(1.,0.));
#6795 = ( GEOMETRIC_REPRESENTATION_CONTEXT(2) 
PARAMETRIC_REPRESENTATION_CONTEXT() REPRESENTATION_CONTEXT('2D SPACE',''
  ) );
#6796 = ADVANCED_FACE('',(#6797),#2340,.F.);
#6797 = FACE_BOUND('',#6798,.F.);
#6798 = EDGE_LOOP('',(#6799,#6822,#6823,#6824));
#6799 = ORIENTED_EDGE('',*,*,#6800,.T.);
#6800 = EDGE_CURVE('',#6801,#2324,#6803,.T.);
#6801 = VERTEX_POINT('',#6802);
#6802 = CARTESIAN_POINT('',(-40.9,33.,2.5));
#6803 = SEAM_CURVE('',#6804,(#6808,#6815),.PCURVE_S1.);
#6804 = LINE('',#6805,#6806);
#6805 = CARTESIAN_POINT('',(-40.9,33.,2.5));
#6806 = VECTOR('',#6807,1.);
#6807 = DIRECTION('',(-0.,-0.,-1.));
#6808 = PCURVE('',#2340,#6809);
#6809 = DEFINITIONAL_REPRESENTATION('',(#6810),#6814);
#6810 = LINE('',#6811,#6812);
#6811 = CARTESIAN_POINT('',(0.,0.));
#6812 = VECTOR('',#6813,1.);
#6813 = DIRECTION('',(0.,-1.));
#6814 = ( GEOMETRIC_REPRESENTATION_CONTEXT(2) 
PARAMETRIC_REPRESENTATION_CONTEXT() REPRESENTATION_CONTEXT('2D SPACE',''
  ) );
#6815 = PCURVE('',#2340,#6816);
#6816 = DEFINITIONAL_REPRESENTATION('',(#6817),#6821);
#6817 = LINE('',#6818,#6819);
#6818 = CARTESIAN_POINT('',(6.28318530718,0.));
#6819 = VECTOR('',#6820,1.);
#6820 = DIRECTION('',(0.,-1.));
#6821 = ( GEOMETRIC_REPRESENTATION_CONTEXT(2) 
PARAMETRIC_REPRESENTATION_CONTEXT() REPRESENTATION_CONTEXT('2D SPACE',''
  ) );
#6822 = ORIENTED_EDGE('',*,*,#2323,.T.);
#6823 = ORIENTED_EDGE('',*,*,#6800,.F.);
#6824 = ORIENTED_EDGE('',*,*,#6825,.F.);
#6825 = EDGE_CURVE('',#6801,#6801,#6826,.T.);
#6826 = SURFACE_CURVE('',#6827,(#6832,#6839),.PCURVE_S1.);
#6827 = CIRCLE('',#6828,1.1);
#6828 = AXIS2_PLACEMENT_3D('',#6829,#6830,#6831);
#6829 = CARTESIAN_POINT('',(-42.,33.,2.5));
#6830 = DIRECTION('',(0.,0.,1.));
#6831 = DIRECTION('',(1.,0.,0.));
#6832 = PCURVE('',#2340,#6833);
#6833 = DEFINITIONAL_REPRESENTATION('',(#6834),#6838);
#6834 = LINE('',#6835,#6836);
#6835 = CARTESIAN_POINT('',(0.,0.));
#6836 = VECTOR('',#6837,1.);
#6837 = DIRECTION('',(1.,0.));
#6838 = ( GEOMETRIC_REPRESENTATION_CONTEXT(2) 
PARAMETRIC_REPRESENTATION_CONTEXT() REPRESENTATION_CONTEXT('2D SPACE',''
  ) );
#6839 = PCURVE('',#2953,#6840);
#6840 = DEFINITIONAL_REPRESENTATION('',(#6841),#6845);
#6841 = CIRCLE('',#6842,1.1);
#6842 = AXIS2_PLACEMENT_2D('',#6843,#6844);
#6843 = CARTESIAN_POINT('',(-4.5,70.5));
#6844 = DIRECTION('',(1.,0.));
#6845 = ( GEOMETRIC_REPRESENTATION_CONTEXT(2) 
PARAMETRIC_REPRESENTATION_CONTEXT() REPRESENTATION_CONTEXT('2D SPACE',''
  ) );
#6846 = ADVANCED_FACE('',(#6847),#2371,.F.);
#6847 = FACE_BOUND('',#6848,.F.);
#6848 = EDGE_LOOP('',(#6849,#6872,#6873,#6874));
#6849 = ORIENTED_EDGE('',*,*,#6850,.T.);
#6850 = EDGE_CURVE('',#6851,#2355,#6853,.T.);
#6851 = VERTEX_POINT('',#6852);
#6852 = CARTESIAN_POINT('',(-31.9,33.,2.5));
#6853 = SEAM_CURVE('',#6854,(#6858,#6865),.PCURVE_S1.);
#6854 = LINE('',#6855,#6856);
#6855 = CARTESIAN_POINT('',(-31.9,33.,2.5));
#6856 = VECTOR('',#6857,1.);
#6857 = DIRECTION('',(-0.,-0.,-1.));
#6858 = PCURVE('',#2371,#6859);
#6859 = DEFINITIONAL_REPRESENTATION('',(#6860),#6864);
#6860 = LINE('',#6861,#6862);
#6861 = CARTESIAN_POINT('',(0.,0.));
#6862 = VECTOR('',#6863,1.);
#6863 = DIRECTION('',(0.,-1.));
#6864 = ( GEOMETRIC_REPRESENTATION_CONTEXT(2) 
PARAMETRIC_REPRESENTATION_CONTEXT() REPRESENTATION_CONTEXT('2D SPACE',''
  ) );
#6865 = PCURVE('',#2371,#6866);
#6866 = DEFINITIONAL_REPRESENTATION('',(#6867),#6871);
#6867 = LINE('',#6868,#6869);
#6868 = CARTESIAN_POINT('',(6.28318530718,0.));
#6869 = VECTOR('',#6870,1.);
#6870 = DIRECTION('',(0.,-1.));
#6871 = ( GEOMETRIC_REPRESENTATION_CONTEXT(2) 
PARAMETRIC_REPRESENTATION_CONTEXT() REPRESENTATION_CONTEXT('2D SPACE',''
  ) );
#6872 = ORIENTED_EDGE('',*,*,#2354,.T.);
#6873 = ORIENTED_EDGE('',*,*,#6850,.F.);
#6874 = ORIENTED_EDGE('',*,*,#6875,.F.);
#6875 = EDGE_CURVE('',#6851,#6851,#6876,.T.);
#6876 = SURFACE_CURVE('',#6877,(#6882,#6889),.PCURVE_S1.);
#6877 = CIRCLE('',#6878,1.1);
#6878 = AXIS2_PLACEMENT_3D('',#6879,#6880,#6881);
#6879 = CARTESIAN_POINT('',(-33.,33.,2.5));
#6880 = DIRECTION('',(0.,0.,1.));
#6881 = DIRECTION('',(1.,0.,0.));
#6882 = PCURVE('',#2371,#6883);
#6883 = DEFINITIONAL_REPRESENTATION('',(#6884),#6888);
#6884 = LINE('',#6885,#6886);
#6885 = CARTESIAN_POINT('',(0.,0.));
#6886 = VECTOR('',#6887,1.);
#6887 = DIRECTION('',(1.,0.));
#6888 = ( GEOMETRIC_REPRESENTATION_CONTEXT(2) 
PARAMETRIC_REPRESENTATION_CONTEXT() REPRESENTATION_CONTEXT('2D SPACE',''
  ) );
#6889 = PCURVE('',#2953,#6890);
#6890 = DEFINITIONAL_REPRESENTATION('',(#6891),#6895);
#6891 = CIRCLE('',#6892,1.1);
#6892 = AXIS2_PLACEMENT_2D('',#6893,#6894);
#6893 = CARTESIAN_POINT('',(4.5,70.5));
#6894 = DIRECTION('',(1.,0.));
#6895 = ( GEOMETRIC_REPRESENTATION_CONTEXT(2) 
PARAMETRIC_REPRESENTATION_CONTEXT() REPRESENTATION_CONTEXT('2D SPACE',''
  ) );
#6896 = ADVANCED_FACE('',(#6897),#2402,.F.);
#6897 = FACE_BOUND('',#6898,.F.);
#6898 = EDGE_LOOP('',(#6899,#6922,#6923,#6924));
#6899 = ORIENTED_EDGE('',*,*,#6900,.T.);
#6900 = EDGE_CURVE('',#6901,#2386,#6903,.T.);
#6901 = VERTEX_POINT('',#6902);
#6902 = CARTESIAN_POINT('',(-35.,37.5,2.5));
#6903 = SEAM_CURVE('',#6904,(#6908,#6915),.PCURVE_S1.);
#6904 = LINE('',#6905,#6906);
#6905 = CARTESIAN_POINT('',(-35.,37.5,2.5));
#6906 = VECTOR('',#6907,1.);
#6907 = DIRECTION('',(-0.,-0.,-1.));
#6908 = PCURVE('',#2402,#6909);
#6909 = DEFINITIONAL_REPRESENTATION('',(#6910),#6914);
#6910 = LINE('',#6911,#6912);
#6911 = CARTESIAN_POINT('',(0.,0.));
#6912 = VECTOR('',#6913,1.);
#6913 = DIRECTION('',(0.,-1.));
#6914 = ( GEOMETRIC_REPRESENTATION_CONTEXT(2) 
PARAMETRIC_REPRESENTATION_CONTEXT() REPRESENTATION_CONTEXT('2D SPACE',''
  ) );
#6915 = PCURVE('',#2402,#6916);
#6916 = DEFINITIONAL_REPRESENTATION('',(#6917),#6921);
#6917 = LINE('',#6918,#6919);
#6918 = CARTESIAN_POINT('',(6.28318530718,0.));
#6919 = VECTOR('',#6920,1.);
#6920 = DIRECTION('',(0.,-1.));
#6921 = ( GEOMETRIC_REPRESENTATION_CONTEXT(2) 
PARAMETRIC_REPRESENTATION_CONTEXT() REPRESENTATION_CONTEXT('2D SPACE',''
  ) );
#6922 = ORIENTED_EDGE('',*,*,#2385,.T.);
#6923 = ORIENTED_EDGE('',*,*,#6900,.F.);
#6924 = ORIENTED_EDGE('',*,*,#6925,.F.);
#6925 = EDGE_CURVE('',#6901,#6901,#6926,.T.);
#6926 = SURFACE_CURVE('',#6927,(#6932,#6939),.PCURVE_S1.);
#6927 = CIRCLE('',#6928,2.5);
#6928 = AXIS2_PLACEMENT_3D('',#6929,#6930,#6931);
#6929 = CARTESIAN_POINT('',(-37.5,37.5,2.5));
#6930 = DIRECTION('',(0.,0.,1.));
#6931 = DIRECTION('',(1.,0.,0.));
#6932 = PCURVE('',#2402,#6933);
#6933 = DEFINITIONAL_REPRESENTATION('',(#6934),#6938);
#6934 = LINE('',#6935,#6936);
#6935 = CARTESIAN_POINT('',(0.,0.));
#6936 = VECTOR('',#6937,1.);
#6937 = DIRECTION('',(1.,0.));
#6938 = ( GEOMETRIC_REPRESENTATION_CONTEXT(2) 
PARAMETRIC_REPRESENTATION_CONTEXT() REPRESENTATION_CONTEXT('2D SPACE',''
  ) );
#6939 = PCURVE('',#2953,#6940);
#6940 = DEFINITIONAL_REPRESENTATION('',(#6941),#6945);
#6941 = CIRCLE('',#6942,2.5);
#6942 = AXIS2_PLACEMENT_2D('',#6943,#6944);
#6943 = CARTESIAN_POINT('',(0.,75.));
#6944 = DIRECTION('',(1.,0.));
#6945 = ( GEOMETRIC_REPRESENTATION_CONTEXT(2) 
PARAMETRIC_REPRESENTATION_CONTEXT() REPRESENTATION_CONTEXT('2D SPACE',''
  ) );
#6946 = ADVANCED_FACE('',(#6947),#2433,.F.);
#6947 = FACE_BOUND('',#6948,.F.);
#6948 = EDGE_LOOP('',(#6949,#6972,#6973,#6974));
#6949 = ORIENTED_EDGE('',*,*,#6950,.T.);
#6950 = EDGE_CURVE('',#6951,#2417,#6953,.T.);
#6951 = VERTEX_POINT('',#6952);
#6952 = CARTESIAN_POINT('',(-40.9,42.,2.5));
#6953 = SEAM_CURVE('',#6954,(#6958,#6965),.PCURVE_S1.);
#6954 = LINE('',#6955,#6956);
#6955 = CARTESIAN_POINT('',(-40.9,42.,2.5));
#6956 = VECTOR('',#6957,1.);
#6957 = DIRECTION('',(-0.,-0.,-1.));
#6958 = PCURVE('',#2433,#6959);
#6959 = DEFINITIONAL_REPRESENTATION('',(#6960),#6964);
#6960 = LINE('',#6961,#6962);
#6961 = CARTESIAN_POINT('',(0.,0.));
#6962 = VECTOR('',#6963,1.);
#6963 = DIRECTION('',(0.,-1.));
#6964 = ( GEOMETRIC_REPRESENTATION_CONTEXT(2) 
PARAMETRIC_REPRESENTATION_CONTEXT() REPRESENTATION_CONTEXT('2D SPACE',''
  ) );
#6965 = PCURVE('',#2433,#6966);
#6966 = DEFINITIONAL_REPRESENTATION('',(#6967),#6971);
#6967 = LINE('',#6968,#6969);
#6968 = CARTESIAN_POINT('',(6.28318530718,0.));
#6969 = VECTOR('',#6970,1.);
#6970 = DIRECTION('',(0.,-1.));
#6971 = ( GEOMETRIC_REPRESENTATION_CONTEXT(2) 
PARAMETRIC_REPRESENTATION_CONTEXT() REPRESENTATION_CONTEXT('2D SPACE',''
  ) );
#6972 = ORIENTED_EDGE('',*,*,#2416,.T.);
#6973 = ORIENTED_EDGE('',*,*,#6950,.F.);
#6974 = ORIENTED_EDGE('',*,*,#6975,.F.);
#6975 = EDGE_CURVE('',#6951,#6951,#6976,.T.);
#6976 = SURFACE_CURVE('',#6977,(#6982,#6989),.PCURVE_S1.);
#6977 = CIRCLE('',#6978,1.1);
#6978 = AXIS2_PLACEMENT_3D('',#6979,#6980,#6981);
#6979 = CARTESIAN_POINT('',(-42.,42.,2.5));
#6980 = DIRECTION('',(0.,0.,1.));
#6981 = DIRECTION('',(1.,0.,0.));
#6982 = PCURVE('',#2433,#6983);
#6983 = DEFINITIONAL_REPRESENTATION('',(#6984),#6988);
#6984 = LINE('',#6985,#6986);
#6985 = CARTESIAN_POINT('',(0.,0.));
#6986 = VECTOR('',#6987,1.);
#6987 = DIRECTION('',(1.,0.));
#6988 = ( GEOMETRIC_REPRESENTATION_CONTEXT(2) 
PARAMETRIC_REPRESENTATION_CONTEXT() REPRESENTATION_CONTEXT('2D SPACE',''
  ) );
#6989 = PCURVE('',#2953,#6990);
#6990 = DEFINITIONAL_REPRESENTATION('',(#6991),#6995);
#6991 = CIRCLE('',#6992,1.1);
#6992 = AXIS2_PLACEMENT_2D('',#6993,#6994);
#6993 = CARTESIAN_POINT('',(-4.5,79.5));
#6994 = DIRECTION('',(1.,0.));
#6995 = ( GEOMETRIC_REPRESENTATION_CONTEXT(2) 
PARAMETRIC_REPRESENTATION_CONTEXT() REPRESENTATION_CONTEXT('2D SPACE',''
  ) );
#6996 = ADVANCED_FACE('',(#6997),#2464,.F.);
#6997 = FACE_BOUND('',#6998,.F.);
#6998 = EDGE_LOOP('',(#6999,#7022,#7023,#7024));
#6999 = ORIENTED_EDGE('',*,*,#7000,.T.);
#7000 = EDGE_CURVE('',#7001,#2448,#7003,.T.);
#7001 = VERTEX_POINT('',#7002);
#7002 = CARTESIAN_POINT('',(-31.9,42.,2.5));
#7003 = SEAM_CURVE('',#7004,(#7008,#7015),.PCURVE_S1.);
#7004 = LINE('',#7005,#7006);
#7005 = CARTESIAN_POINT('',(-31.9,42.,2.5));
#7006 = VECTOR('',#7007,1.);
#7007 = DIRECTION('',(-0.,-0.,-1.));
#7008 = PCURVE('',#2464,#7009);
#7009 = DEFINITIONAL_REPRESENTATION('',(#7010),#7014);
#7010 = LINE('',#7011,#7012);
#7011 = CARTESIAN_POINT('',(0.,0.));
#7012 = VECTOR('',#7013,1.);
#7013 = DIRECTION('',(0.,-1.));
#7014 = ( GEOMETRIC_REPRESENTATION_CONTEXT(2) 
PARAMETRIC_REPRESENTATION_CONTEXT() REPRESENTATION_CONTEXT('2D SPACE',''
  ) );
#7015 = PCURVE('',#2464,#7016);
#7016 = DEFINITIONAL_REPRESENTATION('',(#7017),#7021);
#7017 = LINE('',#7018,#7019);
#7018 = CARTESIAN_POINT('',(6.28318530718,0.));
#7019 = VECTOR('',#7020,1.);
#7020 = DIRECTION('',(0.,-1.));
#7021 = ( GEOMETRIC_REPRESENTATION_CONTEXT(2) 
PARAMETRIC_REPRESENTATION_CONTEXT() REPRESENTATION_CONTEXT('2D SPACE',''
  ) );
#7022 = ORIENTED_EDGE('',*,*,#2447,.T.);
#7023 = ORIENTED_EDGE('',*,*,#7000,.F.);
#7024 = ORIENTED_EDGE('',*,*,#7025,.F.);
#7025 = EDGE_CURVE('',#7001,#7001,#7026,.T.);
#7026 = SURFACE_CURVE('',#7027,(#7032,#7039),.PCURVE_S1.);
#7027 = CIRCLE('',#7028,1.1);
#7028 = AXIS2_PLACEMENT_3D('',#7029,#7030,#7031);
#7029 = CARTESIAN_POINT('',(-33.,42.,2.5));
#7030 = DIRECTION('',(0.,0.,1.));
#7031 = DIRECTION('',(1.,0.,0.));
#7032 = PCURVE('',#2464,#7033);
#7033 = DEFINITIONAL_REPRESENTATION('',(#7034),#7038);
#7034 = LINE('',#7035,#7036);
#7035 = CARTESIAN_POINT('',(0.,0.));
#7036 = VECTOR('',#7037,1.);
#7037 = DIRECTION('',(1.,0.));
#7038 = ( GEOMETRIC_REPRESENTATION_CONTEXT(2) 
PARAMETRIC_REPRESENTATION_CONTEXT() REPRESENTATION_CONTEXT('2D SPACE',''
  ) );
#7039 = PCURVE('',#2953,#7040);
#7040 = DEFINITIONAL_REPRESENTATION('',(#7041),#7045);
#7041 = CIRCLE('',#7042,1.1);
#7042 = AXIS2_PLACEMENT_2D('',#7043,#7044);
#7043 = CARTESIAN_POINT('',(4.5,79.5));
#7044 = DIRECTION('',(1.,0.));
#7045 = ( GEOMETRIC_REPRESENTATION_CONTEXT(2) 
PARAMETRIC_REPRESENTATION_CONTEXT() REPRESENTATION_CONTEXT('2D SPACE',''
  ) );
#7046 = ADVANCED_FACE('',(#7047),#2495,.F.);
#7047 = FACE_BOUND('',#7048,.F.);
#7048 = EDGE_LOOP('',(#7049,#7072,#7073,#7074));
#7049 = ORIENTED_EDGE('',*,*,#7050,.T.);
#7050 = EDGE_CURVE('',#7051,#2479,#7053,.T.);
#7051 = VERTEX_POINT('',#7052);
#7052 = CARTESIAN_POINT('',(11.1,10.,2.5));
#7053 = SEAM_CURVE('',#7054,(#7058,#7065),.PCURVE_S1.);
#7054 = LINE('',#7055,#7056);
#7055 = CARTESIAN_POINT('',(11.1,10.,2.5));
#7056 = VECTOR('',#7057,1.);
#7057 = DIRECTION('',(-0.,-0.,-1.));
#7058 = PCURVE('',#2495,#7059);
#7059 = DEFINITIONAL_REPRESENTATION('',(#7060),#7064);
#7060 = LINE('',#7061,#7062);
#7061 = CARTESIAN_POINT('',(0.,0.));
#7062 = VECTOR('',#7063,1.);
#7063 = DIRECTION('',(0.,-1.));
#7064 = ( GEOMETRIC_REPRESENTATION_CONTEXT(2) 
PARAMETRIC_REPRESENTATION_CONTEXT() REPRESENTATION_CONTEXT('2D SPACE',''
  ) );
#7065 = PCURVE('',#2495,#7066);
#7066 = DEFINITIONAL_REPRESENTATION('',(#7067),#7071);
#7067 = LINE('',#7068,#7069);
#7068 = CARTESIAN_POINT('',(6.28318530718,0.));
#7069 = VECTOR('',#7070,1.);
#7070 = DIRECTION('',(0.,-1.));
#7071 = ( GEOMETRIC_REPRESENTATION_CONTEXT(2) 
PARAMETRIC_REPRESENTATION_CONTEXT() REPRESENTATION_CONTEXT('2D SPACE',''
  ) );
#7072 = ORIENTED_EDGE('',*,*,#2478,.T.);
#7073 = ORIENTED_EDGE('',*,*,#7050,.F.);
#7074 = ORIENTED_EDGE('',*,*,#7075,.F.);
#7075 = EDGE_CURVE('',#7051,#7051,#7076,.T.);
#7076 = SURFACE_CURVE('',#7077,(#7082,#7089),.PCURVE_S1.);
#7077 = CIRCLE('',#7078,1.1);
#7078 = AXIS2_PLACEMENT_3D('',#7079,#7080,#7081);
#7079 = CARTESIAN_POINT('',(10.,10.,2.5));
#7080 = DIRECTION('',(0.,0.,1.));
#7081 = DIRECTION('',(1.,0.,0.));
#7082 = PCURVE('',#2495,#7083);
#7083 = DEFINITIONAL_REPRESENTATION('',(#7084),#7088);
#7084 = LINE('',#7085,#7086);
#7085 = CARTESIAN_POINT('',(0.,0.));
#7086 = VECTOR('',#7087,1.);
#7087 = DIRECTION('',(1.,0.));
#7088 = ( GEOMETRIC_REPRESENTATION_CONTEXT(2) 
PARAMETRIC_REPRESENTATION_CONTEXT() REPRESENTATION_CONTEXT('2D SPACE',''
  ) );
#7089 = PCURVE('',#2953,#7090);
#7090 = DEFINITIONAL_REPRESENTATION('',(#7091),#7095);
#7091 = CIRCLE('',#7092,1.1);
#7092 = AXIS2_PLACEMENT_2D('',#7093,#7094);
#7093 = CARTESIAN_POINT('',(47.5,47.5));
#7094 = DIRECTION('',(1.,0.));
#7095 = ( GEOMETRIC_REPRESENTATION_CONTEXT(2) 
PARAMETRIC_REPRESENTATION_CONTEXT() REPRESENTATION_CONTEXT('2D SPACE',''
  ) );
#7096 = ADVANCED_FACE('',(#7097),#2532,.F.);
#7097 = FACE_BOUND('',#7098,.T.);
#7098 = EDGE_LOOP('',(#7099,#7122,#7123,#7146));
#7099 = ORIENTED_EDGE('',*,*,#7100,.T.);
#7100 = EDGE_CURVE('',#7101,#2510,#7103,.T.);
#7101 = VERTEX_POINT('',#7102);
#7102 = CARTESIAN_POINT('',(18.5,-1.5,2.5));
#7103 = SURFACE_CURVE('',#7104,(#7108,#7115),.PCURVE_S1.);
#7104 = LINE('',#7105,#7106);
#7105 = CARTESIAN_POINT('',(18.5,-1.5,2.5));
#7106 = VECTOR('',#7107,1.);
#7107 = DIRECTION('',(-0.,-0.,-1.));
#7108 = PCURVE('',#2532,#7109);
#7109 = DEFINITIONAL_REPRESENTATION('',(#7110),#7114);
#7110 = LINE('',#7111,#7112);
#7111 = CARTESIAN_POINT('',(-0.,0.));
#7112 = VECTOR('',#7113,1.);
#7113 = DIRECTION('',(-0.,-1.));
#7114 = ( GEOMETRIC_REPRESENTATION_CONTEXT(2) 
PARAMETRIC_REPRESENTATION_CONTEXT() REPRESENTATION_CONTEXT('2D SPACE',''
  ) );
#7115 = PCURVE('',#2619,#7116);
#7116 = DEFINITIONAL_REPRESENTATION('',(#7117),#7121);
#7117 = LINE('',#7118,#7119);
#7118 = CARTESIAN_POINT('',(3.,0.));
#7119 = VECTOR('',#7120,1.);
#7120 = DIRECTION('',(0.,-1.));
#7121 = ( GEOMETRIC_REPRESENTATION_CONTEXT(2) 
PARAMETRIC_REPRESENTATION_CONTEXT() REPRESENTATION_CONTEXT('2D SPACE',''
  ) );
#7122 = ORIENTED_EDGE('',*,*,#2509,.T.);
#7123 = ORIENTED_EDGE('',*,*,#7124,.F.);
#7124 = EDGE_CURVE('',#7125,#2512,#7127,.T.);
#7125 = VERTEX_POINT('',#7126);
#7126 = CARTESIAN_POINT('',(13.5,-1.5,2.5));
#7127 = SURFACE_CURVE('',#7128,(#7132,#7139),.PCURVE_S1.);
#7128 = LINE('',#7129,#7130);
#7129 = CARTESIAN_POINT('',(13.5,-1.5,2.5));
#7130 = VECTOR('',#7131,1.);
#7131 = DIRECTION('',(-0.,-0.,-1.));
#7132 = PCURVE('',#2532,#7133);
#7133 = DEFINITIONAL_REPRESENTATION('',(#7134),#7138);
#7134 = LINE('',#7135,#7136);
#7135 = CARTESIAN_POINT('',(-3.14159265359,0.));
#7136 = VECTOR('',#7137,1.);
#7137 = DIRECTION('',(-0.,-1.));
#7138 = ( GEOMETRIC_REPRESENTATION_CONTEXT(2) 
PARAMETRIC_REPRESENTATION_CONTEXT() REPRESENTATION_CONTEXT('2D SPACE',''
  ) );
#7139 = PCURVE('',#2560,#7140);
#7140 = DEFINITIONAL_REPRESENTATION('',(#7141),#7145);
#7141 = LINE('',#7142,#7143);
#7142 = CARTESIAN_POINT('',(0.,0.));
#7143 = VECTOR('',#7144,1.);
#7144 = DIRECTION('',(0.,-1.));
#7145 = ( GEOMETRIC_REPRESENTATION_CONTEXT(2) 
PARAMETRIC_REPRESENTATION_CONTEXT() REPRESENTATION_CONTEXT('2D SPACE',''
  ) );
#7146 = ORIENTED_EDGE('',*,*,#7147,.F.);
#7147 = EDGE_CURVE('',#7101,#7125,#7148,.T.);
#7148 = SURFACE_CURVE('',#7149,(#7154,#7161),.PCURVE_S1.);
#7149 = CIRCLE('',#7150,2.5);
#7150 = AXIS2_PLACEMENT_3D('',#7151,#7152,#7153);
#7151 = CARTESIAN_POINT('',(16.,-1.5,2.5));
#7152 = DIRECTION('',(0.,-0.,-1.));
#7153 = DIRECTION('',(1.,-1.110223024625E-16,0.));
#7154 = PCURVE('',#2532,#7155);
#7155 = DEFINITIONAL_REPRESENTATION('',(#7156),#7160);
#7156 = LINE('',#7157,#7158);
#7157 = CARTESIAN_POINT('',(-0.,0.));
#7158 = VECTOR('',#7159,1.);
#7159 = DIRECTION('',(-1.,0.));
#7160 = ( GEOMETRIC_REPRESENTATION_CONTEXT(2) 
PARAMETRIC_REPRESENTATION_CONTEXT() REPRESENTATION_CONTEXT('2D SPACE',''
  ) );
#7161 = PCURVE('',#2953,#7162);
#7162 = DEFINITIONAL_REPRESENTATION('',(#7163),#7171);
#7163 = ( BOUNDED_CURVE() B_SPLINE_CURVE(2,(#7164,#7165,#7166,#7167,
#7168,#7169,#7170),.UNSPECIFIED.,.T.,.F.) B_SPLINE_CURVE_WITH_KNOTS((1,2
    ,2,2,2,1),(-2.094395102393,0.,2.094395102393,4.188790204786,
6.28318530718,8.377580409573),.UNSPECIFIED.) CURVE() 
GEOMETRIC_REPRESENTATION_ITEM() RATIONAL_B_SPLINE_CURVE((1.,0.5,1.,0.5,
1.,0.5,1.)) REPRESENTATION_ITEM('') );
#7164 = CARTESIAN_POINT('',(56.,36.));
#7165 = CARTESIAN_POINT('',(56.,31.669872981078));
#7166 = CARTESIAN_POINT('',(52.25,33.834936490539));
#7167 = CARTESIAN_POINT('',(48.5,36.));
#7168 = CARTESIAN_POINT('',(52.25,38.165063509461));
#7169 = CARTESIAN_POINT('',(56.,40.330127018922));
#7170 = CARTESIAN_POINT('',(56.,36.));
#7171 = ( GEOMETRIC_REPRESENTATION_CONTEXT(2) 
PARAMETRIC_REPRESENTATION_CONTEXT() REPRESENTATION_CONTEXT('2D SPACE',''
  ) );
#7172 = ADVANCED_FACE('',(#7173),#2619,.T.);
#7173 = FACE_BOUND('',#7174,.T.);
#7174 = EDGE_LOOP('',(#7175,#7198,#7199,#7200));
#7175 = ORIENTED_EDGE('',*,*,#7176,.T.);
#7176 = EDGE_CURVE('',#7177,#2573,#7179,.T.);
#7177 = VERTEX_POINT('',#7178);
#7178 = CARTESIAN_POINT('',(18.5,1.5,2.5));
#7179 = SURFACE_CURVE('',#7180,(#7184,#7191),.PCURVE_S1.);
#7180 = LINE('',#7181,#7182);
#7181 = CARTESIAN_POINT('',(18.5,1.5,2.5));
#7182 = VECTOR('',#7183,1.);
#7183 = DIRECTION('',(-0.,-0.,-1.));
#7184 = PCURVE('',#2619,#7185);
#7185 = DEFINITIONAL_REPRESENTATION('',(#7186),#7190);
#7186 = LINE('',#7187,#7188);
#7187 = CARTESIAN_POINT('',(0.,0.));
#7188 = VECTOR('',#7189,1.);
#7189 = DIRECTION('',(0.,-1.));
#7190 = ( GEOMETRIC_REPRESENTATION_CONTEXT(2) 
PARAMETRIC_REPRESENTATION_CONTEXT() REPRESENTATION_CONTEXT('2D SPACE',''
  ) );
#7191 = PCURVE('',#2593,#7192);
#7192 = DEFINITIONAL_REPRESENTATION('',(#7193),#7197);
#7193 = LINE('',#7194,#7195);
#7194 = CARTESIAN_POINT('',(-3.14159265359,0.));
#7195 = VECTOR('',#7196,1.);
#7196 = DIRECTION('',(-0.,-1.));
#7197 = ( GEOMETRIC_REPRESENTATION_CONTEXT(2) 
PARAMETRIC_REPRESENTATION_CONTEXT() REPRESENTATION_CONTEXT('2D SPACE',''
  ) );
#7198 = ORIENTED_EDGE('',*,*,#2605,.T.);
#7199 = ORIENTED_EDGE('',*,*,#7100,.F.);
#7200 = ORIENTED_EDGE('',*,*,#7201,.F.);
#7201 = EDGE_CURVE('',#7177,#7101,#7202,.T.);
#7202 = SURFACE_CURVE('',#7203,(#7207,#7214),.PCURVE_S1.);
#7203 = LINE('',#7204,#7205);
#7204 = CARTESIAN_POINT('',(18.5,1.5,2.5));
#7205 = VECTOR('',#7206,1.);
#7206 = DIRECTION('',(-1.110223024625E-16,-1.,0.));
#7207 = PCURVE('',#2619,#7208);
#7208 = DEFINITIONAL_REPRESENTATION('',(#7209),#7213);
#7209 = LINE('',#7210,#7211);
#7210 = CARTESIAN_POINT('',(0.,0.));
#7211 = VECTOR('',#7212,1.);
#7212 = DIRECTION('',(1.,0.));
#7213 = ( GEOMETRIC_REPRESENTATION_CONTEXT(2) 
PARAMETRIC_REPRESENTATION_CONTEXT() REPRESENTATION_CONTEXT('2D SPACE',''
  ) );
#7214 = PCURVE('',#2953,#7215);
#7215 = DEFINITIONAL_REPRESENTATION('',(#7216),#7220);
#7216 = LINE('',#7217,#7218);
#7217 = CARTESIAN_POINT('',(56.,39.));
#7218 = VECTOR('',#7219,1.);
#7219 = DIRECTION('',(-1.110223024625E-16,-1.));
#7220 = ( GEOMETRIC_REPRESENTATION_CONTEXT(2) 
PARAMETRIC_REPRESENTATION_CONTEXT() REPRESENTATION_CONTEXT('2D SPACE',''
  ) );
#7221 = ADVANCED_FACE('',(#7222),#2593,.F.);
#7222 = FACE_BOUND('',#7223,.T.);
#7223 = EDGE_LOOP('',(#7224,#7247,#7248,#7249));
#7224 = ORIENTED_EDGE('',*,*,#7225,.T.);
#7225 = EDGE_CURVE('',#7226,#2545,#7228,.T.);
#7226 = VERTEX_POINT('',#7227);
#7227 = CARTESIAN_POINT('',(13.5,1.5,2.5));
#7228 = SURFACE_CURVE('',#7229,(#7233,#7240),.PCURVE_S1.);
#7229 = LINE('',#7230,#7231);
#7230 = CARTESIAN_POINT('',(13.5,1.5,2.5));
#7231 = VECTOR('',#7232,1.);
#7232 = DIRECTION('',(-0.,-0.,-1.));
#7233 = PCURVE('',#2593,#7234);
#7234 = DEFINITIONAL_REPRESENTATION('',(#7235),#7239);
#7235 = LINE('',#7236,#7237);
#7236 = CARTESIAN_POINT('',(-0.,0.));
#7237 = VECTOR('',#7238,1.);
#7238 = DIRECTION('',(-0.,-1.));
#7239 = ( GEOMETRIC_REPRESENTATION_CONTEXT(2) 
PARAMETRIC_REPRESENTATION_CONTEXT() REPRESENTATION_CONTEXT('2D SPACE',''
  ) );
#7240 = PCURVE('',#2560,#7241);
#7241 = DEFINITIONAL_REPRESENTATION('',(#7242),#7246);
#7242 = LINE('',#7243,#7244);
#7243 = CARTESIAN_POINT('',(3.,0.));
#7244 = VECTOR('',#7245,1.);
#7245 = DIRECTION('',(0.,-1.));
#7246 = ( GEOMETRIC_REPRESENTATION_CONTEXT(2) 
PARAMETRIC_REPRESENTATION_CONTEXT() REPRESENTATION_CONTEXT('2D SPACE',''
  ) );
#7247 = ORIENTED_EDGE('',*,*,#2572,.T.);
#7248 = ORIENTED_EDGE('',*,*,#7176,.F.);
#7249 = ORIENTED_EDGE('',*,*,#7250,.F.);
#7250 = EDGE_CURVE('',#7226,#7177,#7251,.T.);
#7251 = SURFACE_CURVE('',#7252,(#7257,#7264),.PCURVE_S1.);
#7252 = CIRCLE('',#7253,2.5);
#7253 = AXIS2_PLACEMENT_3D('',#7254,#7255,#7256);
#7254 = CARTESIAN_POINT('',(16.,1.5,2.5));
#7255 = DIRECTION('',(0.,0.,-1.));
#7256 = DIRECTION('',(-1.,1.110223024625E-16,0.));
#7257 = PCURVE('',#2593,#7258);
#7258 = DEFINITIONAL_REPRESENTATION('',(#7259),#7263);
#7259 = LINE('',#7260,#7261);
#7260 = CARTESIAN_POINT('',(-0.,0.));
#7261 = VECTOR('',#7262,1.);
#7262 = DIRECTION('',(-1.,0.));
#7263 = ( GEOMETRIC_REPRESENTATION_CONTEXT(2) 
PARAMETRIC_REPRESENTATION_CONTEXT() REPRESENTATION_CONTEXT('2D SPACE',''
  ) );
#7264 = PCURVE('',#2953,#7265);
#7265 = DEFINITIONAL_REPRESENTATION('',(#7266),#7274);
#7266 = ( BOUNDED_CURVE() B_SPLINE_CURVE(2,(#7267,#7268,#7269,#7270,
#7271,#7272,#7273),.UNSPECIFIED.,.T.,.F.) B_SPLINE_CURVE_WITH_KNOTS((1,2
    ,2,2,2,1),(-2.094395102393,0.,2.094395102393,4.188790204786,
6.28318530718,8.377580409573),.UNSPECIFIED.) CURVE() 
GEOMETRIC_REPRESENTATION_ITEM() RATIONAL_B_SPLINE_CURVE((1.,0.5,1.,0.5,
1.,0.5,1.)) REPRESENTATION_ITEM('') );
#7267 = CARTESIAN_POINT('',(51.,39.));
#7268 = CARTESIAN_POINT('',(51.,43.330127018922));
#7269 = CARTESIAN_POINT('',(54.75,41.165063509461));
#7270 = CARTESIAN_POINT('',(58.5,39.));
#7271 = CARTESIAN_POINT('',(54.75,36.834936490539));
#7272 = CARTESIAN_POINT('',(51.,34.669872981078));
#7273 = CARTESIAN_POINT('',(51.,39.));
#7274 = ( GEOMETRIC_REPRESENTATION_CONTEXT(2) 
PARAMETRIC_REPRESENTATION_CONTEXT() REPRESENTATION_CONTEXT('2D SPACE',''
  ) );
#7275 = ADVANCED_FACE('',(#7276),#2560,.T.);
#7276 = FACE_BOUND('',#7277,.T.);
#7277 = EDGE_LOOP('',(#7278,#7279,#7280,#7281));
#7278 = ORIENTED_EDGE('',*,*,#7124,.T.);
#7279 = ORIENTED_EDGE('',*,*,#2544,.T.);
#7280 = ORIENTED_EDGE('',*,*,#7225,.F.);
#7281 = ORIENTED_EDGE('',*,*,#7282,.F.);
#7282 = EDGE_CURVE('',#7125,#7226,#7283,.T.);
#7283 = SURFACE_CURVE('',#7284,(#7288,#7295),.PCURVE_S1.);
#7284 = LINE('',#7285,#7286);
#7285 = CARTESIAN_POINT('',(13.5,-1.5,2.5));
#7286 = VECTOR('',#7287,1.);
#7287 = DIRECTION('',(1.110223024625E-16,1.,0.));
#7288 = PCURVE('',#2560,#7289);
#7289 = DEFINITIONAL_REPRESENTATION('',(#7290),#7294);
#7290 = LINE('',#7291,#7292);
#7291 = CARTESIAN_POINT('',(0.,0.));
#7292 = VECTOR('',#7293,1.);
#7293 = DIRECTION('',(1.,0.));
#7294 = ( GEOMETRIC_REPRESENTATION_CONTEXT(2) 
PARAMETRIC_REPRESENTATION_CONTEXT() REPRESENTATION_CONTEXT('2D SPACE',''
  ) );
#7295 = PCURVE('',#2953,#7296);
#7296 = DEFINITIONAL_REPRESENTATION('',(#7297),#7301);
#7297 = LINE('',#7298,#7299);
#7298 = CARTESIAN_POINT('',(51.,36.));
#7299 = VECTOR('',#7300,1.);
#7300 = DIRECTION('',(1.110223024625E-16,1.));
#7301 = ( GEOMETRIC_REPRESENTATION_CONTEXT(2) 
PARAMETRIC_REPRESENTATION_CONTEXT() REPRESENTATION_CONTEXT('2D SPACE',''
  ) );
#7302 = ADVANCED_FACE('',(#7303),#2656,.F.);
#7303 = FACE_BOUND('',#7304,.T.);
#7304 = EDGE_LOOP('',(#7305,#7328,#7329,#7352));
#7305 = ORIENTED_EDGE('',*,*,#7306,.T.);
#7306 = EDGE_CURVE('',#7307,#2634,#7309,.T.);
#7307 = VERTEX_POINT('',#7308);
#7308 = CARTESIAN_POINT('',(-7.5,18.5,2.5));
#7309 = SURFACE_CURVE('',#7310,(#7314,#7321),.PCURVE_S1.);
#7310 = LINE('',#7311,#7312);
#7311 = CARTESIAN_POINT('',(-7.5,18.5,2.5));
#7312 = VECTOR('',#7313,1.);
#7313 = DIRECTION('',(-0.,-0.,-1.));
#7314 = PCURVE('',#2656,#7315);
#7315 = DEFINITIONAL_REPRESENTATION('',(#7316),#7320);
#7316 = LINE('',#7317,#7318);
#7317 = CARTESIAN_POINT('',(-0.,0.));
#7318 = VECTOR('',#7319,1.);
#7319 = DIRECTION('',(-0.,-1.));
#7320 = ( GEOMETRIC_REPRESENTATION_CONTEXT(2) 
PARAMETRIC_REPRESENTATION_CONTEXT() REPRESENTATION_CONTEXT('2D SPACE',''
  ) );
#7321 = PCURVE('',#2743,#7322);
#7322 = DEFINITIONAL_REPRESENTATION('',(#7323),#7327);
#7323 = LINE('',#7324,#7325);
#7324 = CARTESIAN_POINT('',(15.,0.));
#7325 = VECTOR('',#7326,1.);
#7326 = DIRECTION('',(0.,-1.));
#7327 = ( GEOMETRIC_REPRESENTATION_CONTEXT(2) 
PARAMETRIC_REPRESENTATION_CONTEXT() REPRESENTATION_CONTEXT('2D SPACE',''
  ) );
#7328 = ORIENTED_EDGE('',*,*,#2633,.T.);
#7329 = ORIENTED_EDGE('',*,*,#7330,.F.);
#7330 = EDGE_CURVE('',#7331,#2636,#7333,.T.);
#7331 = VERTEX_POINT('',#7332);
#7332 = CARTESIAN_POINT('',(-7.5,21.5,2.5));
#7333 = SURFACE_CURVE('',#7334,(#7338,#7345),.PCURVE_S1.);
#7334 = LINE('',#7335,#7336);
#7335 = CARTESIAN_POINT('',(-7.5,21.5,2.5));
#7336 = VECTOR('',#7337,1.);
#7337 = DIRECTION('',(-0.,-0.,-1.));
#7338 = PCURVE('',#2656,#7339);
#7339 = DEFINITIONAL_REPRESENTATION('',(#7340),#7344);
#7340 = LINE('',#7341,#7342);
#7341 = CARTESIAN_POINT('',(-3.14159265359,0.));
#7342 = VECTOR('',#7343,1.);
#7343 = DIRECTION('',(-0.,-1.));
#7344 = ( GEOMETRIC_REPRESENTATION_CONTEXT(2) 
PARAMETRIC_REPRESENTATION_CONTEXT() REPRESENTATION_CONTEXT('2D SPACE',''
  ) );
#7345 = PCURVE('',#2684,#7346);
#7346 = DEFINITIONAL_REPRESENTATION('',(#7347),#7351);
#7347 = LINE('',#7348,#7349);
#7348 = CARTESIAN_POINT('',(0.,0.));
#7349 = VECTOR('',#7350,1.);
#7350 = DIRECTION('',(0.,-1.));
#7351 = ( GEOMETRIC_REPRESENTATION_CONTEXT(2) 
PARAMETRIC_REPRESENTATION_CONTEXT() REPRESENTATION_CONTEXT('2D SPACE',''
  ) );
#7352 = ORIENTED_EDGE('',*,*,#7353,.F.);
#7353 = EDGE_CURVE('',#7307,#7331,#7354,.T.);
#7354 = SURFACE_CURVE('',#7355,(#7360,#7367),.PCURVE_S1.);
#7355 = CIRCLE('',#7356,1.5);
#7356 = AXIS2_PLACEMENT_3D('',#7357,#7358,#7359);
#7357 = CARTESIAN_POINT('',(-7.5,20.,2.5));
#7358 = DIRECTION('',(0.,-0.,-1.));
#7359 = DIRECTION('',(0.,-1.,0.));
#7360 = PCURVE('',#2656,#7361);
#7361 = DEFINITIONAL_REPRESENTATION('',(#7362),#7366);
#7362 = LINE('',#7363,#7364);
#7363 = CARTESIAN_POINT('',(-0.,0.));
#7364 = VECTOR('',#7365,1.);
#7365 = DIRECTION('',(-1.,0.));
#7366 = ( GEOMETRIC_REPRESENTATION_CONTEXT(2) 
PARAMETRIC_REPRESENTATION_CONTEXT() REPRESENTATION_CONTEXT('2D SPACE',''
  ) );
#7367 = PCURVE('',#2953,#7368);
#7368 = DEFINITIONAL_REPRESENTATION('',(#7369),#7377);
#7369 = ( BOUNDED_CURVE() B_SPLINE_CURVE(2,(#7370,#7371,#7372,#7373,
#7374,#7375,#7376),.UNSPECIFIED.,.T.,.F.) B_SPLINE_CURVE_WITH_KNOTS((1,2
    ,2,2,2,1),(-2.094395102393,0.,2.094395102393,4.188790204786,
6.28318530718,8.377580409573),.UNSPECIFIED.) CURVE() 
GEOMETRIC_REPRESENTATION_ITEM() RATIONAL_B_SPLINE_CURVE((1.,0.5,1.,0.5,
1.,0.5,1.)) REPRESENTATION_ITEM('') );
#7370 = CARTESIAN_POINT('',(30.,56.));
#7371 = CARTESIAN_POINT('',(27.401923788647,56.));
#7372 = CARTESIAN_POINT('',(28.700961894323,58.25));
#7373 = CARTESIAN_POINT('',(30.,60.5));
#7374 = CARTESIAN_POINT('',(31.299038105677,58.25));
#7375 = CARTESIAN_POINT('',(32.598076211353,56.));
#7376 = CARTESIAN_POINT('',(30.,56.));
#7377 = ( GEOMETRIC_REPRESENTATION_CONTEXT(2) 
PARAMETRIC_REPRESENTATION_CONTEXT() REPRESENTATION_CONTEXT('2D SPACE',''
  ) );
#7378 = ADVANCED_FACE('',(#7379),#2743,.T.);
#7379 = FACE_BOUND('',#7380,.T.);
#7380 = EDGE_LOOP('',(#7381,#7404,#7405,#7406));
#7381 = ORIENTED_EDGE('',*,*,#7382,.T.);
#7382 = EDGE_CURVE('',#7383,#2697,#7385,.T.);
#7383 = VERTEX_POINT('',#7384);
#7384 = CARTESIAN_POINT('',(7.5,18.5,2.5));
#7385 = SURFACE_CURVE('',#7386,(#7390,#7397),.PCURVE_S1.);
#7386 = LINE('',#7387,#7388);
#7387 = CARTESIAN_POINT('',(7.5,18.5,2.5));
#7388 = VECTOR('',#7389,1.);
#7389 = DIRECTION('',(-0.,-0.,-1.));
#7390 = PCURVE('',#2743,#7391);
#7391 = DEFINITIONAL_REPRESENTATION('',(#7392),#7396);
#7392 = LINE('',#7393,#7394);
#7393 = CARTESIAN_POINT('',(0.,0.));
#7394 = VECTOR('',#7395,1.);
#7395 = DIRECTION('',(0.,-1.));
#7396 = ( GEOMETRIC_REPRESENTATION_CONTEXT(2) 
PARAMETRIC_REPRESENTATION_CONTEXT() REPRESENTATION_CONTEXT('2D SPACE',''
  ) );
#7397 = PCURVE('',#2717,#7398);
#7398 = DEFINITIONAL_REPRESENTATION('',(#7399),#7403);
#7399 = LINE('',#7400,#7401);
#7400 = CARTESIAN_POINT('',(-3.14159265359,0.));
#7401 = VECTOR('',#7402,1.);
#7402 = DIRECTION('',(-0.,-1.));
#7403 = ( GEOMETRIC_REPRESENTATION_CONTEXT(2) 
PARAMETRIC_REPRESENTATION_CONTEXT() REPRESENTATION_CONTEXT('2D SPACE',''
  ) );
#7404 = ORIENTED_EDGE('',*,*,#2729,.T.);
#7405 = ORIENTED_EDGE('',*,*,#7306,.F.);
#7406 = ORIENTED_EDGE('',*,*,#7407,.F.);
#7407 = EDGE_CURVE('',#7383,#7307,#7408,.T.);
#7408 = SURFACE_CURVE('',#7409,(#7413,#7420),.PCURVE_S1.);
#7409 = LINE('',#7410,#7411);
#7410 = CARTESIAN_POINT('',(7.5,18.5,2.5));
#7411 = VECTOR('',#7412,1.);
#7412 = DIRECTION('',(-1.,0.,0.));
#7413 = PCURVE('',#2743,#7414);
#7414 = DEFINITIONAL_REPRESENTATION('',(#7415),#7419);
#7415 = LINE('',#7416,#7417);
#7416 = CARTESIAN_POINT('',(0.,0.));
#7417 = VECTOR('',#7418,1.);
#7418 = DIRECTION('',(1.,0.));
#7419 = ( GEOMETRIC_REPRESENTATION_CONTEXT(2) 
PARAMETRIC_REPRESENTATION_CONTEXT() REPRESENTATION_CONTEXT('2D SPACE',''
  ) );
#7420 = PCURVE('',#2953,#7421);
#7421 = DEFINITIONAL_REPRESENTATION('',(#7422),#7426);
#7422 = LINE('',#7423,#7424);
#7423 = CARTESIAN_POINT('',(45.,56.));
#7424 = VECTOR('',#7425,1.);
#7425 = DIRECTION('',(-1.,0.));
#7426 = ( GEOMETRIC_REPRESENTATION_CONTEXT(2) 
PARAMETRIC_REPRESENTATION_CONTEXT() REPRESENTATION_CONTEXT('2D SPACE',''
  ) );
#7427 = ADVANCED_FACE('',(#7428),#2684,.T.);
#7428 = FACE_BOUND('',#7429,.T.);
#7429 = EDGE_LOOP('',(#7430,#7431,#7432,#7455));
#7430 = ORIENTED_EDGE('',*,*,#7330,.T.);
#7431 = ORIENTED_EDGE('',*,*,#2668,.T.);
#7432 = ORIENTED_EDGE('',*,*,#7433,.F.);
#7433 = EDGE_CURVE('',#7434,#2669,#7436,.T.);
#7434 = VERTEX_POINT('',#7435);
#7435 = CARTESIAN_POINT('',(7.5,21.5,2.5));
#7436 = SURFACE_CURVE('',#7437,(#7441,#7448),.PCURVE_S1.);
#7437 = LINE('',#7438,#7439);
#7438 = CARTESIAN_POINT('',(7.5,21.5,2.5));
#7439 = VECTOR('',#7440,1.);
#7440 = DIRECTION('',(-0.,-0.,-1.));
#7441 = PCURVE('',#2684,#7442);
#7442 = DEFINITIONAL_REPRESENTATION('',(#7443),#7447);
#7443 = LINE('',#7444,#7445);
#7444 = CARTESIAN_POINT('',(15.,0.));
#7445 = VECTOR('',#7446,1.);
#7446 = DIRECTION('',(0.,-1.));
#7447 = ( GEOMETRIC_REPRESENTATION_CONTEXT(2) 
PARAMETRIC_REPRESENTATION_CONTEXT() REPRESENTATION_CONTEXT('2D SPACE',''
  ) );
#7448 = PCURVE('',#2717,#7449);
#7449 = DEFINITIONAL_REPRESENTATION('',(#7450),#7454);
#7450 = LINE('',#7451,#7452);
#7451 = CARTESIAN_POINT('',(-0.,0.));
#7452 = VECTOR('',#7453,1.);
#7453 = DIRECTION('',(-0.,-1.));
#7454 = ( GEOMETRIC_REPRESENTATION_CONTEXT(2) 
PARAMETRIC_REPRESENTATION_CONTEXT() REPRESENTATION_CONTEXT('2D SPACE',''
  ) );
#7455 = ORIENTED_EDGE('',*,*,#7456,.F.);
#7456 = EDGE_CURVE('',#7331,#7434,#7457,.T.);
#7457 = SURFACE_CURVE('',#7458,(#7462,#7469),.PCURVE_S1.);
#7458 = LINE('',#7459,#7460);
#7459 = CARTESIAN_POINT('',(-7.5,21.5,2.5));
#7460 = VECTOR('',#7461,1.);
#7461 = DIRECTION('',(1.,0.,0.));
#7462 = PCURVE('',#2684,#7463);
#7463 = DEFINITIONAL_REPRESENTATION('',(#7464),#7468);
#7464 = LINE('',#7465,#7466);
#7465 = CARTESIAN_POINT('',(0.,0.));
#7466 = VECTOR('',#7467,1.);
#7467 = DIRECTION('',(1.,0.));
#7468 = ( GEOMETRIC_REPRESENTATION_CONTEXT(2) 
PARAMETRIC_REPRESENTATION_CONTEXT() REPRESENTATION_CONTEXT('2D SPACE',''
  ) );
#7469 = PCURVE('',#2953,#7470);
#7470 = DEFINITIONAL_REPRESENTATION('',(#7471),#7475);
#7471 = LINE('',#7472,#7473);
#7472 = CARTESIAN_POINT('',(30.,59.));
#7473 = VECTOR('',#7474,1.);
#7474 = DIRECTION('',(1.,0.));
#7475 = ( GEOMETRIC_REPRESENTATION_CONTEXT(2) 
PARAMETRIC_REPRESENTATION_CONTEXT() REPRESENTATION_CONTEXT('2D SPACE',''
  ) );
#7476 = ADVANCED_FACE('',(#7477),#2717,.F.);
#7477 = FACE_BOUND('',#7478,.T.);
#7478 = EDGE_LOOP('',(#7479,#7480,#7481,#7482));
#7479 = ORIENTED_EDGE('',*,*,#7433,.T.);
#7480 = ORIENTED_EDGE('',*,*,#2696,.T.);
#7481 = ORIENTED_EDGE('',*,*,#7382,.F.);
#7482 = ORIENTED_EDGE('',*,*,#7483,.F.);
#7483 = EDGE_CURVE('',#7434,#7383,#7484,.T.);
#7484 = SURFACE_CURVE('',#7485,(#7490,#7497),.PCURVE_S1.);
#7485 = CIRCLE('',#7486,1.5);
#7486 = AXIS2_PLACEMENT_3D('',#7487,#7488,#7489);
#7487 = CARTESIAN_POINT('',(7.5,20.,2.5));
#7488 = DIRECTION('',(0.,0.,-1.));
#7489 = DIRECTION('',(0.,1.,0.));
#7490 = PCURVE('',#2717,#7491);
#7491 = DEFINITIONAL_REPRESENTATION('',(#7492),#7496);
#7492 = LINE('',#7493,#7494);
#7493 = CARTESIAN_POINT('',(-0.,0.));
#7494 = VECTOR('',#7495,1.);
#7495 = DIRECTION('',(-1.,0.));
#7496 = ( GEOMETRIC_REPRESENTATION_CONTEXT(2) 
PARAMETRIC_REPRESENTATION_CONTEXT() REPRESENTATION_CONTEXT('2D SPACE',''
  ) );
#7497 = PCURVE('',#2953,#7498);
#7498 = DEFINITIONAL_REPRESENTATION('',(#7499),#7507);
#7499 = ( BOUNDED_CURVE() B_SPLINE_CURVE(2,(#7500,#7501,#7502,#7503,
#7504,#7505,#7506),.UNSPECIFIED.,.T.,.F.) B_SPLINE_CURVE_WITH_KNOTS((1,2
    ,2,2,2,1),(-2.094395102393,0.,2.094395102393,4.188790204786,
6.28318530718,8.377580409573),.UNSPECIFIED.) CURVE() 
GEOMETRIC_REPRESENTATION_ITEM() RATIONAL_B_SPLINE_CURVE((1.,0.5,1.,0.5,
1.,0.5,1.)) REPRESENTATION_ITEM('') );
#7500 = CARTESIAN_POINT('',(45.,59.));
#7501 = CARTESIAN_POINT('',(47.598076211353,59.));
#7502 = CARTESIAN_POINT('',(46.299038105677,56.75));
#7503 = CARTESIAN_POINT('',(45.,54.5));
#7504 = CARTESIAN_POINT('',(43.700961894323,56.75));
#7505 = CARTESIAN_POINT('',(42.401923788647,59.));
#7506 = CARTESIAN_POINT('',(45.,59.));
#7507 = ( GEOMETRIC_REPRESENTATION_CONTEXT(2) 
PARAMETRIC_REPRESENTATION_CONTEXT() REPRESENTATION_CONTEXT('2D SPACE',''
  ) );
#7508 = ADVANCED_FACE('',(#7509),#2774,.F.);
#7509 = FACE_BOUND('',#7510,.F.);
#7510 = EDGE_LOOP('',(#7511,#7534,#7535,#7536));
#7511 = ORIENTED_EDGE('',*,*,#7512,.T.);
#7512 = EDGE_CURVE('',#7513,#2758,#7515,.T.);
#7513 = VERTEX_POINT('',#7514);
#7514 = CARTESIAN_POINT('',(34.1,33.,2.5));
#7515 = SEAM_CURVE('',#7516,(#7520,#7527),.PCURVE_S1.);
#7516 = LINE('',#7517,#7518);
#7517 = CARTESIAN_POINT('',(34.1,33.,2.5));
#7518 = VECTOR('',#7519,1.);
#7519 = DIRECTION('',(-0.,-0.,-1.));
#7520 = PCURVE('',#2774,#7521);
#7521 = DEFINITIONAL_REPRESENTATION('',(#7522),#7526);
#7522 = LINE('',#7523,#7524);
#7523 = CARTESIAN_POINT('',(0.,0.));
#7524 = VECTOR('',#7525,1.);
#7525 = DIRECTION('',(0.,-1.));
#7526 = ( GEOMETRIC_REPRESENTATION_CONTEXT(2) 
PARAMETRIC_REPRESENTATION_CONTEXT() REPRESENTATION_CONTEXT('2D SPACE',''
  ) );
#7527 = PCURVE('',#2774,#7528);
#7528 = DEFINITIONAL_REPRESENTATION('',(#7529),#7533);
#7529 = LINE('',#7530,#7531);
#7530 = CARTESIAN_POINT('',(6.28318530718,0.));
#7531 = VECTOR('',#7532,1.);
#7532 = DIRECTION('',(0.,-1.));
#7533 = ( GEOMETRIC_REPRESENTATION_CONTEXT(2) 
PARAMETRIC_REPRESENTATION_CONTEXT() REPRESENTATION_CONTEXT('2D SPACE',''
  ) );
#7534 = ORIENTED_EDGE('',*,*,#2757,.T.);
#7535 = ORIENTED_EDGE('',*,*,#7512,.F.);
#7536 = ORIENTED_EDGE('',*,*,#7537,.F.);
#7537 = EDGE_CURVE('',#7513,#7513,#7538,.T.);
#7538 = SURFACE_CURVE('',#7539,(#7544,#7551),.PCURVE_S1.);
#7539 = CIRCLE('',#7540,1.1);
#7540 = AXIS2_PLACEMENT_3D('',#7541,#7542,#7543);
#7541 = CARTESIAN_POINT('',(33.,33.,2.5));
#7542 = DIRECTION('',(0.,0.,1.));
#7543 = DIRECTION('',(1.,0.,0.));
#7544 = PCURVE('',#2774,#7545);
#7545 = DEFINITIONAL_REPRESENTATION('',(#7546),#7550);
#7546 = LINE('',#7547,#7548);
#7547 = CARTESIAN_POINT('',(0.,0.));
#7548 = VECTOR('',#7549,1.);
#7549 = DIRECTION('',(1.,0.));
#7550 = ( GEOMETRIC_REPRESENTATION_CONTEXT(2) 
PARAMETRIC_REPRESENTATION_CONTEXT() REPRESENTATION_CONTEXT('2D SPACE',''
  ) );
#7551 = PCURVE('',#2953,#7552);
#7552 = DEFINITIONAL_REPRESENTATION('',(#7553),#7557);
#7553 = CIRCLE('',#7554,1.1);
#7554 = AXIS2_PLACEMENT_2D('',#7555,#7556);
#7555 = CARTESIAN_POINT('',(70.5,70.5));
#7556 = DIRECTION('',(1.,0.));
#7557 = ( GEOMETRIC_REPRESENTATION_CONTEXT(2) 
PARAMETRIC_REPRESENTATION_CONTEXT() REPRESENTATION_CONTEXT('2D SPACE',''
  ) );
#7558 = ADVANCED_FACE('',(#7559),#2805,.F.);
#7559 = FACE_BOUND('',#7560,.F.);
#7560 = EDGE_LOOP('',(#7561,#7584,#7585,#7586));
#7561 = ORIENTED_EDGE('',*,*,#7562,.T.);
#7562 = EDGE_CURVE('',#7563,#2789,#7565,.T.);
#7563 = VERTEX_POINT('',#7564);
#7564 = CARTESIAN_POINT('',(40.,37.5,2.5));
#7565 = SEAM_CURVE('',#7566,(#7570,#7577),.PCURVE_S1.);
#7566 = LINE('',#7567,#7568);
#7567 = CARTESIAN_POINT('',(40.,37.5,2.5));
#7568 = VECTOR('',#7569,1.);
#7569 = DIRECTION('',(-0.,-0.,-1.));
#7570 = PCURVE('',#2805,#7571);
#7571 = DEFINITIONAL_REPRESENTATION('',(#7572),#7576);
#7572 = LINE('',#7573,#7574);
#7573 = CARTESIAN_POINT('',(0.,0.));
#7574 = VECTOR('',#7575,1.);
#7575 = DIRECTION('',(0.,-1.));
#7576 = ( GEOMETRIC_REPRESENTATION_CONTEXT(2) 
PARAMETRIC_REPRESENTATION_CONTEXT() REPRESENTATION_CONTEXT('2D SPACE',''
  ) );
#7577 = PCURVE('',#2805,#7578);
#7578 = DEFINITIONAL_REPRESENTATION('',(#7579),#7583);
#7579 = LINE('',#7580,#7581);
#7580 = CARTESIAN_POINT('',(6.28318530718,0.));
#7581 = VECTOR('',#7582,1.);
#7582 = DIRECTION('',(0.,-1.));
#7583 = ( GEOMETRIC_REPRESENTATION_CONTEXT(2) 
PARAMETRIC_REPRESENTATION_CONTEXT() REPRESENTATION_CONTEXT('2D SPACE',''
  ) );
#7584 = ORIENTED_EDGE('',*,*,#2788,.T.);
#7585 = ORIENTED_EDGE('',*,*,#7562,.F.);
#7586 = ORIENTED_EDGE('',*,*,#7587,.F.);
#7587 = EDGE_CURVE('',#7563,#7563,#7588,.T.);
#7588 = SURFACE_CURVE('',#7589,(#7594,#7601),.PCURVE_S1.);
#7589 = CIRCLE('',#7590,2.5);
#7590 = AXIS2_PLACEMENT_3D('',#7591,#7592,#7593);
#7591 = CARTESIAN_POINT('',(37.5,37.5,2.5));
#7592 = DIRECTION('',(0.,0.,1.));
#7593 = DIRECTION('',(1.,0.,0.));
#7594 = PCURVE('',#2805,#7595);
#7595 = DEFINITIONAL_REPRESENTATION('',(#7596),#7600);
#7596 = LINE('',#7597,#7598);
#7597 = CARTESIAN_POINT('',(0.,0.));
#7598 = VECTOR('',#7599,1.);
#7599 = DIRECTION('',(1.,0.));
#7600 = ( GEOMETRIC_REPRESENTATION_CONTEXT(2) 
PARAMETRIC_REPRESENTATION_CONTEXT() REPRESENTATION_CONTEXT('2D SPACE',''
  ) );
#7601 = PCURVE('',#2953,#7602);
#7602 = DEFINITIONAL_REPRESENTATION('',(#7603),#7607);
#7603 = CIRCLE('',#7604,2.5);
#7604 = AXIS2_PLACEMENT_2D('',#7605,#7606);
#7605 = CARTESIAN_POINT('',(75.,75.));
#7606 = DIRECTION('',(1.,0.));
#7607 = ( GEOMETRIC_REPRESENTATION_CONTEXT(2) 
PARAMETRIC_REPRESENTATION_CONTEXT() REPRESENTATION_CONTEXT('2D SPACE',''
  ) );
#7608 = ADVANCED_FACE('',(#7609),#2836,.F.);
#7609 = FACE_BOUND('',#7610,.F.);
#7610 = EDGE_LOOP('',(#7611,#7634,#7635,#7636));
#7611 = ORIENTED_EDGE('',*,*,#7612,.T.);
#7612 = EDGE_CURVE('',#7613,#2820,#7615,.T.);
#7613 = VERTEX_POINT('',#7614);
#7614 = CARTESIAN_POINT('',(43.1,33.,2.5));
#7615 = SEAM_CURVE('',#7616,(#7620,#7627),.PCURVE_S1.);
#7616 = LINE('',#7617,#7618);
#7617 = CARTESIAN_POINT('',(43.1,33.,2.5));
#7618 = VECTOR('',#7619,1.);
#7619 = DIRECTION('',(-0.,-0.,-1.));
#7620 = PCURVE('',#2836,#7621);
#7621 = DEFINITIONAL_REPRESENTATION('',(#7622),#7626);
#7622 = LINE('',#7623,#7624);
#7623 = CARTESIAN_POINT('',(0.,0.));
#7624 = VECTOR('',#7625,1.);
#7625 = DIRECTION('',(0.,-1.));
#7626 = ( GEOMETRIC_REPRESENTATION_CONTEXT(2) 
PARAMETRIC_REPRESENTATION_CONTEXT() REPRESENTATION_CONTEXT('2D SPACE',''
  ) );
#7627 = PCURVE('',#2836,#7628);
#7628 = DEFINITIONAL_REPRESENTATION('',(#7629),#7633);
#7629 = LINE('',#7630,#7631);
#7630 = CARTESIAN_POINT('',(6.28318530718,0.));
#7631 = VECTOR('',#7632,1.);
#7632 = DIRECTION('',(0.,-1.));
#7633 = ( GEOMETRIC_REPRESENTATION_CONTEXT(2) 
PARAMETRIC_REPRESENTATION_CONTEXT() REPRESENTATION_CONTEXT('2D SPACE',''
  ) );
#7634 = ORIENTED_EDGE('',*,*,#2819,.T.);
#7635 = ORIENTED_EDGE('',*,*,#7612,.F.);
#7636 = ORIENTED_EDGE('',*,*,#7637,.F.);
#7637 = EDGE_CURVE('',#7613,#7613,#7638,.T.);
#7638 = SURFACE_CURVE('',#7639,(#7644,#7651),.PCURVE_S1.);
#7639 = CIRCLE('',#7640,1.1);
#7640 = AXIS2_PLACEMENT_3D('',#7641,#7642,#7643);
#7641 = CARTESIAN_POINT('',(42.,33.,2.5));
#7642 = DIRECTION('',(0.,0.,1.));
#7643 = DIRECTION('',(1.,0.,0.));
#7644 = PCURVE('',#2836,#7645);
#7645 = DEFINITIONAL_REPRESENTATION('',(#7646),#7650);
#7646 = LINE('',#7647,#7648);
#7647 = CARTESIAN_POINT('',(0.,0.));
#7648 = VECTOR('',#7649,1.);
#7649 = DIRECTION('',(1.,0.));
#7650 = ( GEOMETRIC_REPRESENTATION_CONTEXT(2) 
PARAMETRIC_REPRESENTATION_CONTEXT() REPRESENTATION_CONTEXT('2D SPACE',''
  ) );
#7651 = PCURVE('',#2953,#7652);
#7652 = DEFINITIONAL_REPRESENTATION('',(#7653),#7657);
#7653 = CIRCLE('',#7654,1.1);
#7654 = AXIS2_PLACEMENT_2D('',#7655,#7656);
#7655 = CARTESIAN_POINT('',(79.5,70.5));
#7656 = DIRECTION('',(1.,0.));
#7657 = ( GEOMETRIC_REPRESENTATION_CONTEXT(2) 
PARAMETRIC_REPRESENTATION_CONTEXT() REPRESENTATION_CONTEXT('2D SPACE',''
  ) );
#7658 = ADVANCED_FACE('',(#7659),#2867,.F.);
#7659 = FACE_BOUND('',#7660,.F.);
#7660 = EDGE_LOOP('',(#7661,#7684,#7685,#7686));
#7661 = ORIENTED_EDGE('',*,*,#7662,.T.);
#7662 = EDGE_CURVE('',#7663,#2851,#7665,.T.);
#7663 = VERTEX_POINT('',#7664);
#7664 = CARTESIAN_POINT('',(34.1,42.,2.5));
#7665 = SEAM_CURVE('',#7666,(#7670,#7677),.PCURVE_S1.);
#7666 = LINE('',#7667,#7668);
#7667 = CARTESIAN_POINT('',(34.1,42.,2.5));
#7668 = VECTOR('',#7669,1.);
#7669 = DIRECTION('',(-0.,-0.,-1.));
#7670 = PCURVE('',#2867,#7671);
#7671 = DEFINITIONAL_REPRESENTATION('',(#7672),#7676);
#7672 = LINE('',#7673,#7674);
#7673 = CARTESIAN_POINT('',(0.,0.));
#7674 = VECTOR('',#7675,1.);
#7675 = DIRECTION('',(0.,-1.));
#7676 = ( GEOMETRIC_REPRESENTATION_CONTEXT(2) 
PARAMETRIC_REPRESENTATION_CONTEXT() REPRESENTATION_CONTEXT('2D SPACE',''
  ) );
#7677 = PCURVE('',#2867,#7678);
#7678 = DEFINITIONAL_REPRESENTATION('',(#7679),#7683);
#7679 = LINE('',#7680,#7681);
#7680 = CARTESIAN_POINT('',(6.28318530718,0.));
#7681 = VECTOR('',#7682,1.);
#7682 = DIRECTION('',(0.,-1.));
#7683 = ( GEOMETRIC_REPRESENTATION_CONTEXT(2) 
PARAMETRIC_REPRESENTATION_CONTEXT() REPRESENTATION_CONTEXT('2D SPACE',''
  ) );
#7684 = ORIENTED_EDGE('',*,*,#2850,.T.);
#7685 = ORIENTED_EDGE('',*,*,#7662,.F.);
#7686 = ORIENTED_EDGE('',*,*,#7687,.F.);
#7687 = EDGE_CURVE('',#7663,#7663,#7688,.T.);
#7688 = SURFACE_CURVE('',#7689,(#7694,#7701),.PCURVE_S1.);
#7689 = CIRCLE('',#7690,1.1);
#7690 = AXIS2_PLACEMENT_3D('',#7691,#7692,#7693);
#7691 = CARTESIAN_POINT('',(33.,42.,2.5));
#7692 = DIRECTION('',(0.,0.,1.));
#7693 = DIRECTION('',(1.,0.,0.));
#7694 = PCURVE('',#2867,#7695);
#7695 = DEFINITIONAL_REPRESENTATION('',(#7696),#7700);
#7696 = LINE('',#7697,#7698);
#7697 = CARTESIAN_POINT('',(0.,0.));
#7698 = VECTOR('',#7699,1.);
#7699 = DIRECTION('',(1.,0.));
#7700 = ( GEOMETRIC_REPRESENTATION_CONTEXT(2) 
PARAMETRIC_REPRESENTATION_CONTEXT() REPRESENTATION_CONTEXT('2D SPACE',''
  ) );
#7701 = PCURVE('',#2953,#7702);
#7702 = DEFINITIONAL_REPRESENTATION('',(#7703),#7707);
#7703 = CIRCLE('',#7704,1.1);
#7704 = AXIS2_PLACEMENT_2D('',#7705,#7706);
#7705 = CARTESIAN_POINT('',(70.5,79.5));
#7706 = DIRECTION('',(1.,0.));
#7707 = ( GEOMETRIC_REPRESENTATION_CONTEXT(2) 
PARAMETRIC_REPRESENTATION_CONTEXT() REPRESENTATION_CONTEXT('2D SPACE',''
  ) );
#7708 = ADVANCED_FACE('',(#7709),#2898,.F.);
#7709 = FACE_BOUND('',#7710,.F.);
#7710 = EDGE_LOOP('',(#7711,#7734,#7735,#7736));
#7711 = ORIENTED_EDGE('',*,*,#7712,.T.);
#7712 = EDGE_CURVE('',#7713,#2882,#7715,.T.);
#7713 = VERTEX_POINT('',#7714);
#7714 = CARTESIAN_POINT('',(43.1,42.,2.5));
#7715 = SEAM_CURVE('',#7716,(#7720,#7727),.PCURVE_S1.);
#7716 = LINE('',#7717,#7718);
#7717 = CARTESIAN_POINT('',(43.1,42.,2.5));
#7718 = VECTOR('',#7719,1.);
#7719 = DIRECTION('',(-0.,-0.,-1.));
#7720 = PCURVE('',#2898,#7721);
#7721 = DEFINITIONAL_REPRESENTATION('',(#7722),#7726);
#7722 = LINE('',#7723,#7724);
#7723 = CARTESIAN_POINT('',(0.,0.));
#7724 = VECTOR('',#7725,1.);
#7725 = DIRECTION('',(0.,-1.));
#7726 = ( GEOMETRIC_REPRESENTATION_CONTEXT(2) 
PARAMETRIC_REPRESENTATION_CONTEXT() REPRESENTATION_CONTEXT('2D SPACE',''
  ) );
#7727 = PCURVE('',#2898,#7728);
#7728 = DEFINITIONAL_REPRESENTATION('',(#7729),#7733);
#7729 = LINE('',#7730,#7731);
#7730 = CARTESIAN_POINT('',(6.28318530718,0.));
#7731 = VECTOR('',#7732,1.);
#7732 = DIRECTION('',(0.,-1.));
#7733 = ( GEOMETRIC_REPRESENTATION_CONTEXT(2) 
PARAMETRIC_REPRESENTATION_CONTEXT() REPRESENTATION_CONTEXT('2D SPACE',''
  ) );
#7734 = ORIENTED_EDGE('',*,*,#2881,.T.);
#7735 = ORIENTED_EDGE('',*,*,#7712,.F.);
#7736 = ORIENTED_EDGE('',*,*,#7737,.F.);
#7737 = EDGE_CURVE('',#7713,#7713,#7738,.T.);
#7738 = SURFACE_CURVE('',#7739,(#7744,#7751),.PCURVE_S1.);
#7739 = CIRCLE('',#7740,1.1);
#7740 = AXIS2_PLACEMENT_3D('',#7741,#7742,#7743);
#7741 = CARTESIAN_POINT('',(42.,42.,2.5));
#7742 = DIRECTION('',(0.,0.,1.));
#7743 = DIRECTION('',(1.,0.,0.));
#7744 = PCURVE('',#2898,#7745);
#7745 = DEFINITIONAL_REPRESENTATION('',(#7746),#7750);
#7746 = LINE('',#7747,#7748);
#7747 = CARTESIAN_POINT('',(0.,0.));
#7748 = VECTOR('',#7749,1.);
#7749 = DIRECTION('',(1.,0.));
#7750 = ( GEOMETRIC_REPRESENTATION_CONTEXT(2) 
PARAMETRIC_REPRESENTATION_CONTEXT() REPRESENTATION_CONTEXT('2D SPACE',''
  ) );
#7751 = PCURVE('',#2953,#7752);
#7752 = DEFINITIONAL_REPRESENTATION('',(#7753),#7757);
#7753 = CIRCLE('',#7754,1.1);
#7754 = AXIS2_PLACEMENT_2D('',#7755,#7756);
#7755 = CARTESIAN_POINT('',(79.5,79.5));
#7756 = DIRECTION('',(1.,0.));
#7757 = ( GEOMETRIC_REPRESENTATION_CONTEXT(2) 
PARAMETRIC_REPRESENTATION_CONTEXT() REPRESENTATION_CONTEXT('2D SPACE',''
  ) );
#7758 = ADVANCED_FACE('',(#7759,#7817,#7820,#7823,#7826,#7829,#7832,
    #7835,#7838,#7841,#7844,#7847,#7850,#7856,#7859,#7865,#7868,#7871,
    #7874,#7877,#7880,#7883,#7886,#7892,#7898,#7901,#7904,#7907,#7910),
  #2953,.T.);
#7759 = FACE_BOUND('',#7760,.T.);
#7760 = EDGE_LOOP('',(#7761,#7762,#7763,#7764,#7765,#7766,#7767,#7768,
    #7769,#7770,#7771,#7772,#7773,#7774,#7775,#7776,#7777,#7778,#7779,
    #7780,#7781,#7782,#7783,#7784,#7785,#7786,#7787,#7788,#7789,#7790,
    #7791,#7792,#7793,#7794,#7795,#7796,#7797,#7798,#7799,#7800,#7801,
    #7802,#7803,#7804,#7805,#7806,#7807,#7808,#7809,#7810,#7811,#7812,
    #7813,#7814,#7815,#7816));
#7761 = ORIENTED_EDGE('',*,*,#2937,.T.);
#7762 = ORIENTED_EDGE('',*,*,#3067,.T.);
#7763 = ORIENTED_EDGE('',*,*,#3144,.T.);
#7764 = ORIENTED_EDGE('',*,*,#3243,.F.);
#7765 = ORIENTED_EDGE('',*,*,#3346,.T.);
#7766 = ORIENTED_EDGE('',*,*,#3467,.T.);
#7767 = ORIENTED_EDGE('',*,*,#3548,.T.);
#7768 = ORIENTED_EDGE('',*,*,#3647,.F.);
#7769 = ORIENTED_EDGE('',*,*,#3746,.T.);
#7770 = ORIENTED_EDGE('',*,*,#3843,.F.);
#7771 = ORIENTED_EDGE('',*,*,#3944,.T.);
#7772 = ORIENTED_EDGE('',*,*,#4045,.F.);
#7773 = ORIENTED_EDGE('',*,*,#4146,.T.);
#7774 = ORIENTED_EDGE('',*,*,#4249,.F.);
#7775 = ORIENTED_EDGE('',*,*,#4352,.T.);
#7776 = ORIENTED_EDGE('',*,*,#4455,.F.);
#7777 = ORIENTED_EDGE('',*,*,#4558,.T.);
#7778 = ORIENTED_EDGE('',*,*,#4657,.F.);
#7779 = ORIENTED_EDGE('',*,*,#4760,.T.);
#7780 = ORIENTED_EDGE('',*,*,#4859,.F.);
#7781 = ORIENTED_EDGE('',*,*,#4958,.T.);
#7782 = ORIENTED_EDGE('',*,*,#5057,.F.);
#7783 = ORIENTED_EDGE('',*,*,#5156,.T.);
#7784 = ORIENTED_EDGE('',*,*,#5253,.F.);
#7785 = ORIENTED_EDGE('',*,*,#5354,.T.);
#7786 = ORIENTED_EDGE('',*,*,#5455,.F.);
#7787 = ORIENTED_EDGE('',*,*,#5556,.T.);
#7788 = ORIENTED_EDGE('',*,*,#5659,.F.);
#7789 = ORIENTED_EDGE('',*,*,#5713,.T.);
#7790 = ORIENTED_EDGE('',*,*,#5627,.F.);
#7791 = ORIENTED_EDGE('',*,*,#5529,.T.);
#7792 = ORIENTED_EDGE('',*,*,#5425,.F.);
#7793 = ORIENTED_EDGE('',*,*,#5327,.T.);
#7794 = ORIENTED_EDGE('',*,*,#5227,.F.);
#7795 = ORIENTED_EDGE('',*,*,#5129,.T.);
#7796 = ORIENTED_EDGE('',*,*,#5029,.F.);
#7797 = ORIENTED_EDGE('',*,*,#4931,.T.);
#7798 = ORIENTED_EDGE('',*,*,#4807,.F.);
#7799 = ORIENTED_EDGE('',*,*,#4733,.T.);
#7800 = ORIENTED_EDGE('',*,*,#4605,.F.);
#7801 = ORIENTED_EDGE('',*,*,#4531,.T.);
#7802 = ORIENTED_EDGE('',*,*,#4423,.F.);
#7803 = ORIENTED_EDGE('',*,*,#4325,.T.);
#7804 = ORIENTED_EDGE('',*,*,#4217,.F.);
#7805 = ORIENTED_EDGE('',*,*,#4119,.T.);
#7806 = ORIENTED_EDGE('',*,*,#4015,.F.);
#7807 = ORIENTED_EDGE('',*,*,#3917,.T.);
#7808 = ORIENTED_EDGE('',*,*,#3817,.F.);
#7809 = ORIENTED_EDGE('',*,*,#3719,.T.);
#7810 = ORIENTED_EDGE('',*,*,#3619,.F.);
#7811 = ORIENTED_EDGE('',*,*,#3521,.T.);
#7812 = ORIENTED_EDGE('',*,*,#3393,.F.);
#7813 = ORIENTED_EDGE('',*,*,#3319,.T.);
#7814 = ORIENTED_EDGE('',*,*,#3191,.F.);
#7815 = ORIENTED_EDGE('',*,*,#3117,.T.);
#7816 = ORIENTED_EDGE('',*,*,#3013,.F.);
#7817 = FACE_BOUND('',#7818,.T.);
#7818 = EDGE_LOOP('',(#7819));
#7819 = ORIENTED_EDGE('',*,*,#5763,.F.);
#7820 = FACE_BOUND('',#7821,.T.);
#7821 = EDGE_LOOP('',(#7822));
#7822 = ORIENTED_EDGE('',*,*,#5813,.F.);
#7823 = FACE_BOUND('',#7824,.T.);
#7824 = EDGE_LOOP('',(#7825));
#7825 = ORIENTED_EDGE('',*,*,#5863,.F.);
#7826 = FACE_BOUND('',#7827,.T.);
#7827 = EDGE_LOOP('',(#7828));
#7828 = ORIENTED_EDGE('',*,*,#5913,.F.);
#7829 = FACE_BOUND('',#7830,.T.);
#7830 = EDGE_LOOP('',(#7831));
#7831 = ORIENTED_EDGE('',*,*,#5963,.F.);
#7832 = FACE_BOUND('',#7833,.T.);
#7833 = EDGE_LOOP('',(#7834));
#7834 = ORIENTED_EDGE('',*,*,#6013,.F.);
#7835 = FACE_BOUND('',#7836,.T.);
#7836 = EDGE_LOOP('',(#7837));
#7837 = ORIENTED_EDGE('',*,*,#6063,.F.);
#7838 = FACE_BOUND('',#7839,.T.);
#7839 = EDGE_LOOP('',(#7840));
#7840 = ORIENTED_EDGE('',*,*,#6113,.F.);
#7841 = FACE_BOUND('',#7842,.T.);
#7842 = EDGE_LOOP('',(#7843));
#7843 = ORIENTED_EDGE('',*,*,#6163,.F.);
#7844 = FACE_BOUND('',#7845,.T.);
#7845 = EDGE_LOOP('',(#7846));
#7846 = ORIENTED_EDGE('',*,*,#6213,.F.);
#7847 = FACE_BOUND('',#7848,.T.);
#7848 = EDGE_LOOP('',(#7849));
#7849 = ORIENTED_EDGE('',*,*,#6263,.F.);
#7850 = FACE_BOUND('',#7851,.T.);
#7851 = EDGE_LOOP('',(#7852,#7853,#7854,#7855));
#7852 = ORIENTED_EDGE('',*,*,#6335,.T.);
#7853 = ORIENTED_EDGE('',*,*,#6438,.T.);
#7854 = ORIENTED_EDGE('',*,*,#6465,.T.);
#7855 = ORIENTED_EDGE('',*,*,#6389,.T.);
#7856 = FACE_BOUND('',#7857,.T.);
#7857 = EDGE_LOOP('',(#7858));
#7858 = ORIENTED_EDGE('',*,*,#6519,.F.);
#7859 = FACE_BOUND('',#7860,.T.);
#7860 = EDGE_LOOP('',(#7861,#7862,#7863,#7864));
#7861 = ORIENTED_EDGE('',*,*,#6591,.T.);
#7862 = ORIENTED_EDGE('',*,*,#6694,.T.);
#7863 = ORIENTED_EDGE('',*,*,#6721,.T.);
#7864 = ORIENTED_EDGE('',*,*,#6645,.T.);
#7865 = FACE_BOUND('',#7866,.T.);
#7866 = EDGE_LOOP('',(#7867));
#7867 = ORIENTED_EDGE('',*,*,#6775,.F.);
#7868 = FACE_BOUND('',#7869,.T.);
#7869 = EDGE_LOOP('',(#7870));
#7870 = ORIENTED_EDGE('',*,*,#6825,.F.);
#7871 = FACE_BOUND('',#7872,.T.);
#7872 = EDGE_LOOP('',(#7873));
#7873 = ORIENTED_EDGE('',*,*,#6875,.F.);
#7874 = FACE_BOUND('',#7875,.T.);
#7875 = EDGE_LOOP('',(#7876));
#7876 = ORIENTED_EDGE('',*,*,#6925,.F.);
#7877 = FACE_BOUND('',#7878,.T.);
#7878 = EDGE_LOOP('',(#7879));
#7879 = ORIENTED_EDGE('',*,*,#6975,.F.);
#7880 = FACE_BOUND('',#7881,.T.);
#7881 = EDGE_LOOP('',(#7882));
#7882 = ORIENTED_EDGE('',*,*,#7025,.F.);
#7883 = FACE_BOUND('',#7884,.T.);
#7884 = EDGE_LOOP('',(#7885));
#7885 = ORIENTED_EDGE('',*,*,#7075,.F.);
#7886 = FACE_BOUND('',#7887,.T.);
#7887 = EDGE_LOOP('',(#7888,#7889,#7890,#7891));
#7888 = ORIENTED_EDGE('',*,*,#7147,.T.);
#7889 = ORIENTED_EDGE('',*,*,#7282,.T.);
#7890 = ORIENTED_EDGE('',*,*,#7250,.T.);
#7891 = ORIENTED_EDGE('',*,*,#7201,.T.);
#7892 = FACE_BOUND('',#7893,.T.);
#7893 = EDGE_LOOP('',(#7894,#7895,#7896,#7897));
#7894 = ORIENTED_EDGE('',*,*,#7353,.T.);
#7895 = ORIENTED_EDGE('',*,*,#7456,.T.);
#7896 = ORIENTED_EDGE('',*,*,#7483,.T.);
#7897 = ORIENTED_EDGE('',*,*,#7407,.T.);
#7898 = FACE_BOUND('',#7899,.T.);
#7899 = EDGE_LOOP('',(#7900));
#7900 = ORIENTED_EDGE('',*,*,#7537,.F.);
#7901 = FACE_BOUND('',#7902,.T.);
#7902 = EDGE_LOOP('',(#7903));
#7903 = ORIENTED_EDGE('',*,*,#7587,.F.);
#7904 = FACE_BOUND('',#7905,.T.);
#7905 = EDGE_LOOP('',(#7906));
#7906 = ORIENTED_EDGE('',*,*,#7637,.F.);
#7907 = FACE_BOUND('',#7908,.T.);
#7908 = EDGE_LOOP('',(#7909));
#7909 = ORIENTED_EDGE('',*,*,#7687,.F.);
#7910 = FACE_BOUND('',#7911,.T.);
#7911 = EDGE_LOOP('',(#7912));
#7912 = ORIENTED_EDGE('',*,*,#7737,.F.);
#7913 = ( GEOMETRIC_REPRESENTATION_CONTEXT(3) 
GLOBAL_UNCERTAINTY_ASSIGNED_CONTEXT((#7917)) 
GLOBAL_UNIT_ASSIGNED_CONTEXT((#7914,#7915,#7916)) REPRESENTATION_CONTEXT
('Context #1','3D Context with UNIT and UNCERTAINTY') );
#7914 = ( LENGTH_UNIT() NAMED_UNIT(*) SI_UNIT(.MILLI.,.METRE.) );
#7915 = ( NAMED_UNIT(*) PLANE_ANGLE_UNIT() SI_UNIT($,.RADIAN.) );
#7916 = ( NAMED_UNIT(*) SI_UNIT($,.STERADIAN.) SOLID_ANGLE_UNIT() );
#7917 = UNCERTAINTY_MEASURE_WITH_UNIT(LENGTH_MEASURE(1.E-07),#7914,
  'distance_accuracy_value','confusion accuracy');
#7918 = PRODUCT_RELATED_PRODUCT_CATEGORY('part',$,(#7));
ENDSEC;
END-ISO-10303-21;
